service_id,date,exception_type
234419,20250407,1
234419,20250408,1
234419,20250409,1
234419,20250410,1
234419,20250411,1
234420,20250511,1
234420,20250518,1
234420,20250525,1
234420,20250601,1
234420,20250608,1
234421,20250511,1
234421,20250518,1
234421,20250525,1
234421,20250601,1
234421,20250608,1
234422,20250426,1
234423,20250407,1
234423,20250408,1
234423,20250409,1
234423,20250410,1
234423,20250411,1
234424,20250321,1
234424,20250324,1
234424,20250325,1
234424,20250326,1
234424,20250327,1
234424,20250328,1
234424,20250331,1
234424,20250401,1
234424,20250402,1
234424,20250403,1
234424,20250404,1
234424,20250414,1
234424,20250415,1
234424,20250416,1
234424,20250417,1
234424,20250418,1
234424,20250422,1
234424,20250423,1
234424,20250424,1
234424,20250425,1
234424,20250428,1
234424,20250429,1
234424,20250430,1
234424,20250505,1
234424,20250506,1
234424,20250507,1
234424,20250508,1
234424,20250509,1
234424,20250512,1
234424,20250513,1
234424,20250514,1
234424,20250515,1
234424,20250516,1
234424,20250519,1
234424,20250520,1
234424,20250521,1
234424,20250522,1
234424,20250523,1
234424,20250526,1
234424,20250527,1
234424,20250528,1
234424,20250529,1
234424,20250530,1
234424,20250602,1
234424,20250603,1
234424,20250604,1
234424,20250605,1
234424,20250606,1
234424,20250609,1
234424,20250610,1
234424,20250611,1
234424,20250612,1
234424,20250613,1
234425,20250407,1
234425,20250408,1
234425,20250409,1
234425,20250410,1
234425,20250411,1
234426,20250321,1
234426,20250324,1
234426,20250325,1
234426,20250326,1
234426,20250327,1
234426,20250328,1
234426,20250331,1
234426,20250401,1
234426,20250402,1
234426,20250403,1
234426,20250404,1
234426,20250414,1
234426,20250415,1
234426,20250416,1
234426,20250417,1
234426,20250418,1
234426,20250422,1
234426,20250423,1
234426,20250424,1
234426,20250425,1
234426,20250428,1
234426,20250429,1
234426,20250430,1
234426,20250505,1
234426,20250506,1
234426,20250507,1
234426,20250508,1
234426,20250509,1
234426,20250512,1
234426,20250513,1
234426,20250514,1
234426,20250515,1
234426,20250516,1
234426,20250519,1
234426,20250520,1
234426,20250521,1
234426,20250522,1
234426,20250523,1
234426,20250526,1
234426,20250527,1
234426,20250528,1
234426,20250529,1
234426,20250530,1
234426,20250602,1
234426,20250603,1
234426,20250604,1
234426,20250605,1
234426,20250606,1
234426,20250609,1
234426,20250610,1
234426,20250611,1
234426,20250612,1
234426,20250613,1
234427,20250427,1
234428,20250427,1
234429,20250321,1
234429,20250324,1
234429,20250325,1
234429,20250326,1
234429,20250327,1
234429,20250328,1
234429,20250331,1
234429,20250401,1
234429,20250402,1
234429,20250403,1
234429,20250404,1
234429,20250414,1
234429,20250415,1
234429,20250416,1
234429,20250417,1
234429,20250418,1
234429,20250422,1
234429,20250423,1
234429,20250424,1
234429,20250425,1
234429,20250428,1
234429,20250429,1
234429,20250430,1
234429,20250505,1
234429,20250506,1
234429,20250507,1
234429,20250508,1
234429,20250509,1
234429,20250512,1
234429,20250513,1
234429,20250514,1
234429,20250515,1
234429,20250516,1
234429,20250519,1
234429,20250520,1
234429,20250521,1
234429,20250522,1
234429,20250523,1
234429,20250526,1
234429,20250527,1
234429,20250528,1
234429,20250529,1
234429,20250530,1
234429,20250602,1
234429,20250603,1
234429,20250604,1
234429,20250605,1
234429,20250606,1
234429,20250609,1
234429,20250610,1
234429,20250611,1
234429,20250612,1
234429,20250613,1
234430,20250321,1
234430,20250324,1
234430,20250325,1
234430,20250326,1
234430,20250327,1
234430,20250328,1
234430,20250331,1
234430,20250401,1
234430,20250402,1
234430,20250403,1
234430,20250404,1
234430,20250407,1
234430,20250408,1
234430,20250409,1
234430,20250410,1
234430,20250411,1
234430,20250414,1
234430,20250415,1
234430,20250416,1
234430,20250417,1
234430,20250418,1
234430,20250422,1
234430,20250423,1
234430,20250424,1
234430,20250425,1
234430,20250428,1
234430,20250429,1
234430,20250430,1
234430,20250505,1
234430,20250506,1
234430,20250507,1
234430,20250508,1
234430,20250509,1
234430,20250512,1
234430,20250513,1
234430,20250514,1
234430,20250515,1
234430,20250516,1
234430,20250519,1
234430,20250520,1
234430,20250521,1
234430,20250522,1
234430,20250523,1
234430,20250526,1
234430,20250527,1
234430,20250528,1
234430,20250529,1
234430,20250530,1
234430,20250603,1
234430,20250604,1
234430,20250605,1
234430,20250606,1
234430,20250610,1
234430,20250611,1
234430,20250612,1
234430,20250613,1
234431,20250321,1
234431,20250324,1
234431,20250325,1
234431,20250326,1
234431,20250327,1
234431,20250328,1
234431,20250331,1
234431,20250401,1
234431,20250402,1
234431,20250403,1
234431,20250404,1
234431,20250414,1
234431,20250415,1
234431,20250416,1
234431,20250417,1
234431,20250418,1
234431,20250422,1
234431,20250423,1
234431,20250424,1
234431,20250425,1
234431,20250428,1
234431,20250429,1
234431,20250430,1
234431,20250505,1
234431,20250506,1
234431,20250507,1
234431,20250508,1
234431,20250509,1
234431,20250512,1
234431,20250513,1
234431,20250514,1
234431,20250515,1
234431,20250516,1
234431,20250519,1
234431,20250520,1
234431,20250521,1
234431,20250522,1
234431,20250523,1
234431,20250526,1
234431,20250527,1
234431,20250528,1
234431,20250529,1
234431,20250530,1
234431,20250602,1
234431,20250603,1
234431,20250604,1
234431,20250605,1
234431,20250606,1
234431,20250609,1
234431,20250610,1
234431,20250611,1
234431,20250612,1
234431,20250613,1
234432,20250321,1
234432,20250324,1
234432,20250325,1
234432,20250326,1
234432,20250327,1
234432,20250328,1
234432,20250331,1
234432,20250401,1
234432,20250402,1
234432,20250403,1
234432,20250404,1
234432,20250414,1
234432,20250415,1
234432,20250416,1
234432,20250417,1
234432,20250418,1
234432,20250422,1
234432,20250423,1
234432,20250424,1
234432,20250425,1
234432,20250428,1
234432,20250429,1
234432,20250430,1
234432,20250505,1
234432,20250506,1
234432,20250507,1
234432,20250508,1
234432,20250509,1
234432,20250512,1
234432,20250513,1
234432,20250514,1
234432,20250515,1
234432,20250516,1
234432,20250519,1
234432,20250520,1
234432,20250521,1
234432,20250522,1
234432,20250523,1
234432,20250526,1
234432,20250527,1
234432,20250528,1
234432,20250529,1
234432,20250530,1
234432,20250602,1
234432,20250603,1
234432,20250604,1
234432,20250605,1
234432,20250606,1
234432,20250609,1
234432,20250610,1
234432,20250611,1
234432,20250612,1
234432,20250613,1
234433,20250321,1
234433,20250324,1
234433,20250325,1
234433,20250326,1
234433,20250327,1
234433,20250328,1
234433,20250331,1
234433,20250401,1
234433,20250402,1
234433,20250403,1
234433,20250404,1
234433,20250414,1
234433,20250415,1
234433,20250416,1
234433,20250417,1
234433,20250418,1
234433,20250422,1
234433,20250423,1
234433,20250424,1
234433,20250425,1
234433,20250428,1
234433,20250429,1
234433,20250505,1
234433,20250506,1
234433,20250507,1
234433,20250508,1
234433,20250509,1
234433,20250512,1
234433,20250513,1
234433,20250514,1
234433,20250515,1
234433,20250516,1
234433,20250519,1
234433,20250520,1
234433,20250521,1
234433,20250522,1
234433,20250523,1
234433,20250526,1
234433,20250527,1
234433,20250528,1
234433,20250529,1
234433,20250530,1
234433,20250602,1
234433,20250603,1
234433,20250604,1
234433,20250605,1
234433,20250606,1
234433,20250609,1
234433,20250610,1
234433,20250611,1
234433,20250612,1
234433,20250613,1
234434,20250323,1
234434,20250330,1
234435,20250321,1
234435,20250324,1
234435,20250325,1
234435,20250326,1
234435,20250327,1
234435,20250328,1
234435,20250331,1
234435,20250401,1
234435,20250402,1
234435,20250403,1
234435,20250404,1
234435,20250414,1
234435,20250415,1
234435,20250416,1
234435,20250417,1
234435,20250418,1
234435,20250422,1
234435,20250423,1
234435,20250424,1
234435,20250425,1
234435,20250428,1
234435,20250429,1
234435,20250430,1
234435,20250505,1
234435,20250506,1
234435,20250507,1
234435,20250508,1
234435,20250509,1
234435,20250512,1
234435,20250513,1
234435,20250514,1
234435,20250515,1
234435,20250516,1
234435,20250519,1
234435,20250520,1
234435,20250521,1
234435,20250522,1
234435,20250523,1
234435,20250526,1
234435,20250527,1
234435,20250528,1
234435,20250529,1
234435,20250530,1
234435,20250602,1
234435,20250603,1
234435,20250604,1
234435,20250605,1
234435,20250606,1
234435,20250609,1
234435,20250610,1
234435,20250611,1
234435,20250612,1
234435,20250613,1
234436,20250321,1
234436,20250324,1
234436,20250325,1
234436,20250326,1
234436,20250327,1
234436,20250328,1
234436,20250331,1
234436,20250401,1
234436,20250402,1
234436,20250403,1
234436,20250404,1
234436,20250407,1
234436,20250408,1
234436,20250409,1
234436,20250410,1
234436,20250411,1
234436,20250414,1
234436,20250415,1
234436,20250416,1
234436,20250417,1
234436,20250418,1
234436,20250422,1
234436,20250423,1
234436,20250424,1
234436,20250425,1
234436,20250428,1
234436,20250429,1
234436,20250430,1
234436,20250505,1
234436,20250506,1
234436,20250507,1
234436,20250508,1
234436,20250509,1
234436,20250512,1
234436,20250513,1
234436,20250514,1
234436,20250515,1
234436,20250516,1
234436,20250519,1
234436,20250520,1
234436,20250521,1
234436,20250522,1
234436,20250523,1
234436,20250526,1
234436,20250527,1
234436,20250528,1
234436,20250529,1
234436,20250530,1
234436,20250603,1
234436,20250604,1
234436,20250605,1
234436,20250606,1
234436,20250610,1
234436,20250611,1
234436,20250612,1
234436,20250613,1
234437,20250321,1
234437,20250324,1
234437,20250325,1
234437,20250326,1
234437,20250327,1
234437,20250328,1
234437,20250331,1
234437,20250401,1
234437,20250402,1
234437,20250403,1
234437,20250404,1
234437,20250414,1
234437,20250415,1
234437,20250416,1
234437,20250417,1
234437,20250418,1
234437,20250422,1
234437,20250423,1
234437,20250424,1
234437,20250425,1
234437,20250428,1
234437,20250429,1
234437,20250430,1
234437,20250505,1
234437,20250506,1
234437,20250507,1
234437,20250508,1
234437,20250509,1
234437,20250512,1
234437,20250513,1
234437,20250514,1
234437,20250515,1
234437,20250516,1
234437,20250519,1
234437,20250520,1
234437,20250521,1
234437,20250522,1
234437,20250523,1
234437,20250526,1
234437,20250527,1
234437,20250528,1
234437,20250529,1
234437,20250530,1
234437,20250602,1
234437,20250603,1
234437,20250604,1
234437,20250605,1
234437,20250606,1
234437,20250609,1
234437,20250610,1
234437,20250611,1
234437,20250612,1
234437,20250613,1
234438,20250321,1
234438,20250324,1
234438,20250325,1
234438,20250326,1
234438,20250327,1
234438,20250328,1
234438,20250331,1
234438,20250401,1
234438,20250402,1
234438,20250403,1
234438,20250404,1
234438,20250414,1
234438,20250415,1
234438,20250416,1
234438,20250417,1
234438,20250418,1
234438,20250422,1
234438,20250423,1
234438,20250424,1
234438,20250425,1
234438,20250428,1
234438,20250429,1
234438,20250430,1
234438,20250505,1
234438,20250506,1
234438,20250507,1
234438,20250508,1
234438,20250509,1
234438,20250512,1
234438,20250513,1
234438,20250514,1
234438,20250515,1
234438,20250516,1
234438,20250519,1
234438,20250520,1
234438,20250521,1
234438,20250522,1
234438,20250523,1
234438,20250526,1
234438,20250527,1
234438,20250528,1
234438,20250529,1
234438,20250530,1
234438,20250602,1
234438,20250603,1
234438,20250604,1
234438,20250605,1
234438,20250606,1
234438,20250609,1
234438,20250610,1
234438,20250611,1
234438,20250612,1
234438,20250613,1
234439,20250323,1
234439,20250330,1
234440,20250420,1
234440,20250421,1
234440,20250501,1
234441,20250420,1
234441,20250421,1
234441,20250501,1
234441,20250503,1
234441,20250504,1
234442,20250501,1
234443,20250419,1
234443,20250502,1
234444,20250405,1
234444,20250412,1
234444,20250419,1
234444,20250426,1
234444,20250502,1
234444,20250510,1
234444,20250517,1
234444,20250524,1
234444,20250531,1
234444,20250607,1
234444,20250614,1
234445,20250419,1
234445,20250502,1
234446,20250419,1
234446,20250502,1
234447,20250427,1
234448,20250419,1
234448,20250502,1
234449,20250321,1
234449,20250324,1
234449,20250325,1
234449,20250326,1
234449,20250327,1
234449,20250328,1
234449,20250331,1
234449,20250401,1
234449,20250402,1
234449,20250403,1
234449,20250404,1
234449,20250414,1
234449,20250415,1
234449,20250416,1
234449,20250417,1
234449,20250418,1
234449,20250422,1
234449,20250423,1
234449,20250424,1
234449,20250425,1
234449,20250428,1
234449,20250429,1
234449,20250430,1
234449,20250505,1
234449,20250506,1
234449,20250507,1
234449,20250508,1
234449,20250509,1
234449,20250512,1
234449,20250513,1
234449,20250514,1
234449,20250515,1
234449,20250516,1
234449,20250519,1
234449,20250520,1
234449,20250521,1
234449,20250522,1
234449,20250523,1
234449,20250526,1
234449,20250527,1
234449,20250528,1
234449,20250529,1
234449,20250530,1
234449,20250602,1
234449,20250603,1
234449,20250604,1
234449,20250605,1
234449,20250606,1
234449,20250609,1
234449,20250610,1
234449,20250611,1
234449,20250612,1
234449,20250613,1
234450,20250321,1
234450,20250324,1
234450,20250325,1
234450,20250326,1
234450,20250327,1
234450,20250328,1
234450,20250331,1
234450,20250401,1
234450,20250402,1
234450,20250403,1
234450,20250404,1
234450,20250414,1
234450,20250415,1
234450,20250416,1
234450,20250417,1
234450,20250418,1
234450,20250422,1
234450,20250423,1
234450,20250424,1
234450,20250425,1
234450,20250428,1
234450,20250429,1
234450,20250430,1
234450,20250505,1
234450,20250506,1
234450,20250507,1
234450,20250508,1
234450,20250509,1
234450,20250512,1
234450,20250513,1
234450,20250514,1
234450,20250515,1
234450,20250516,1
234450,20250519,1
234450,20250520,1
234450,20250521,1
234450,20250522,1
234450,20250523,1
234450,20250526,1
234450,20250527,1
234450,20250528,1
234450,20250529,1
234450,20250530,1
234450,20250602,1
234450,20250603,1
234450,20250604,1
234450,20250605,1
234450,20250606,1
234450,20250609,1
234450,20250610,1
234450,20250611,1
234450,20250612,1
234450,20250613,1
234451,20250321,1
234451,20250324,1
234451,20250325,1
234451,20250326,1
234451,20250327,1
234451,20250328,1
234451,20250331,1
234451,20250401,1
234451,20250402,1
234451,20250403,1
234451,20250404,1
234451,20250414,1
234451,20250415,1
234451,20250416,1
234451,20250417,1
234451,20250418,1
234451,20250422,1
234451,20250423,1
234451,20250424,1
234451,20250425,1
234451,20250428,1
234451,20250429,1
234451,20250430,1
234451,20250505,1
234451,20250506,1
234451,20250507,1
234451,20250508,1
234451,20250509,1
234451,20250512,1
234451,20250513,1
234451,20250514,1
234451,20250515,1
234451,20250516,1
234451,20250519,1
234451,20250520,1
234451,20250521,1
234451,20250522,1
234451,20250523,1
234451,20250526,1
234451,20250527,1
234451,20250528,1
234451,20250529,1
234451,20250530,1
234451,20250602,1
234451,20250603,1
234451,20250604,1
234451,20250605,1
234451,20250606,1
234451,20250609,1
234451,20250610,1
234451,20250611,1
234451,20250612,1
234451,20250613,1
234452,20250321,1
234452,20250324,1
234452,20250325,1
234452,20250326,1
234452,20250327,1
234452,20250328,1
234452,20250331,1
234452,20250401,1
234452,20250402,1
234452,20250403,1
234452,20250404,1
234452,20250414,1
234452,20250415,1
234452,20250416,1
234452,20250417,1
234452,20250418,1
234452,20250422,1
234452,20250423,1
234452,20250424,1
234452,20250425,1
234452,20250428,1
234452,20250429,1
234452,20250430,1
234452,20250505,1
234452,20250506,1
234452,20250507,1
234452,20250508,1
234452,20250509,1
234452,20250512,1
234452,20250513,1
234452,20250514,1
234452,20250515,1
234452,20250516,1
234452,20250519,1
234452,20250520,1
234452,20250521,1
234452,20250522,1
234452,20250523,1
234452,20250526,1
234452,20250527,1
234452,20250528,1
234452,20250529,1
234452,20250530,1
234452,20250602,1
234452,20250603,1
234452,20250604,1
234452,20250605,1
234452,20250606,1
234452,20250609,1
234452,20250610,1
234452,20250611,1
234452,20250612,1
234452,20250613,1
234453,20250321,1
234453,20250324,1
234453,20250325,1
234453,20250326,1
234453,20250327,1
234453,20250328,1
234453,20250331,1
234453,20250401,1
234453,20250402,1
234453,20250403,1
234453,20250404,1
234453,20250414,1
234453,20250415,1
234453,20250416,1
234453,20250417,1
234453,20250418,1
234453,20250422,1
234453,20250423,1
234453,20250424,1
234453,20250425,1
234453,20250428,1
234453,20250429,1
234453,20250430,1
234453,20250505,1
234453,20250506,1
234453,20250507,1
234453,20250508,1
234453,20250509,1
234453,20250512,1
234453,20250513,1
234453,20250514,1
234453,20250515,1
234453,20250516,1
234453,20250519,1
234453,20250520,1
234453,20250521,1
234453,20250522,1
234453,20250523,1
234453,20250526,1
234453,20250527,1
234453,20250528,1
234453,20250529,1
234453,20250530,1
234453,20250602,1
234453,20250603,1
234453,20250604,1
234453,20250605,1
234453,20250606,1
234453,20250609,1
234453,20250610,1
234453,20250611,1
234453,20250612,1
234453,20250613,1
234454,20250322,1
234454,20250329,1
234454,20250405,1
234454,20250412,1
234454,20250510,1
234454,20250517,1
234454,20250524,1
234454,20250531,1
234454,20250607,1
234454,20250614,1
234455,20250419,1
234455,20250502,1
234456,20250322,1
234456,20250329,1
234456,20250405,1
234456,20250412,1
234456,20250419,1
234456,20250426,1
234456,20250502,1
234456,20250510,1
234456,20250517,1
234456,20250524,1
234456,20250531,1
234456,20250607,1
234456,20250614,1
234457,20250405,1
234457,20250412,1
234457,20250419,1
234457,20250426,1
234457,20250502,1
234457,20250510,1
234457,20250517,1
234457,20250524,1
234457,20250531,1
234457,20250607,1
234457,20250614,1
234458,20250322,1
234458,20250329,1
234458,20250405,1
234458,20250412,1
234458,20250419,1
234458,20250502,1
234458,20250510,1
234458,20250517,1
234458,20250524,1
234458,20250531,1
234458,20250607,1
234458,20250614,1
234459,20250419,1
234459,20250502,1
234460,20250407,1
234460,20250408,1
234460,20250409,1
234460,20250410,1
234460,20250411,1
234461,20250321,1
234461,20250325,1
234461,20250326,1
234461,20250327,1
234461,20250328,1
234461,20250401,1
234461,20250402,1
234461,20250403,1
234461,20250404,1
234461,20250415,1
234461,20250416,1
234461,20250417,1
234461,20250418,1
234461,20250423,1
234461,20250424,1
234461,20250425,1
234461,20250429,1
234461,20250430,1
234461,20250506,1
234461,20250507,1
234461,20250508,1
234461,20250509,1
234461,20250513,1
234461,20250514,1
234461,20250515,1
234461,20250516,1
234461,20250520,1
234461,20250521,1
234461,20250522,1
234461,20250523,1
234461,20250527,1
234461,20250528,1
234461,20250529,1
234461,20250530,1
234461,20250603,1
234461,20250604,1
234461,20250605,1
234461,20250606,1
234461,20250610,1
234461,20250611,1
234461,20250612,1
234461,20250613,1
234462,20250420,1
234462,20250421,1
234462,20250501,1
234462,20250503,1
234462,20250504,1
234463,20250420,1
234463,20250421,1
234463,20250501,1
234463,20250503,1
234463,20250504,1
234464,20250426,1
234465,20250502,1
234466,20250407,1
234466,20250408,1
234466,20250409,1
234466,20250410,1
234466,20250411,1
234467,20250321,1
234467,20250324,1
234467,20250325,1
234467,20250326,1
234467,20250327,1
234467,20250328,1
234467,20250331,1
234467,20250401,1
234467,20250402,1
234467,20250403,1
234467,20250404,1
234467,20250414,1
234467,20250415,1
234467,20250416,1
234467,20250417,1
234467,20250418,1
234467,20250422,1
234467,20250423,1
234467,20250424,1
234467,20250425,1
234467,20250428,1
234467,20250429,1
234467,20250430,1
234467,20250505,1
234467,20250506,1
234467,20250507,1
234467,20250508,1
234467,20250509,1
234467,20250512,1
234467,20250513,1
234467,20250514,1
234467,20250515,1
234467,20250516,1
234467,20250519,1
234467,20250520,1
234467,20250521,1
234467,20250522,1
234467,20250523,1
234467,20250526,1
234467,20250527,1
234467,20250528,1
234467,20250529,1
234467,20250530,1
234467,20250602,1
234467,20250603,1
234467,20250604,1
234467,20250605,1
234467,20250606,1
234467,20250609,1
234467,20250610,1
234467,20250611,1
234467,20250612,1
234467,20250613,1
234468,20250321,1
234468,20250324,1
234468,20250325,1
234468,20250326,1
234468,20250327,1
234468,20250328,1
234468,20250331,1
234468,20250401,1
234468,20250402,1
234468,20250403,1
234468,20250404,1
234468,20250414,1
234468,20250415,1
234468,20250416,1
234468,20250417,1
234468,20250418,1
234468,20250422,1
234468,20250423,1
234468,20250424,1
234468,20250425,1
234468,20250428,1
234468,20250429,1
234468,20250430,1
234468,20250505,1
234468,20250506,1
234468,20250507,1
234468,20250508,1
234468,20250509,1
234468,20250512,1
234468,20250513,1
234468,20250514,1
234468,20250515,1
234468,20250516,1
234468,20250519,1
234468,20250520,1
234468,20250521,1
234468,20250522,1
234468,20250523,1
234468,20250526,1
234468,20250527,1
234468,20250528,1
234468,20250529,1
234468,20250530,1
234468,20250602,1
234468,20250603,1
234468,20250604,1
234468,20250605,1
234468,20250606,1
234468,20250609,1
234468,20250610,1
234468,20250611,1
234468,20250612,1
234468,20250613,1
234469,20250501,1
234470,20250321,1
234470,20250324,1
234470,20250325,1
234470,20250326,1
234470,20250327,1
234470,20250328,1
234470,20250331,1
234470,20250401,1
234470,20250402,1
234470,20250403,1
234470,20250404,1
234470,20250414,1
234470,20250415,1
234470,20250416,1
234470,20250417,1
234470,20250418,1
234470,20250422,1
234470,20250423,1
234470,20250424,1
234470,20250425,1
234470,20250428,1
234470,20250429,1
234470,20250430,1
234470,20250505,1
234470,20250506,1
234470,20250507,1
234470,20250508,1
234470,20250509,1
234470,20250512,1
234470,20250513,1
234470,20250514,1
234470,20250515,1
234470,20250516,1
234470,20250519,1
234470,20250520,1
234470,20250521,1
234470,20250522,1
234470,20250523,1
234470,20250526,1
234470,20250527,1
234470,20250528,1
234470,20250529,1
234470,20250530,1
234470,20250602,1
234470,20250603,1
234470,20250604,1
234470,20250605,1
234470,20250606,1
234470,20250609,1
234470,20250610,1
234470,20250611,1
234470,20250612,1
234470,20250613,1
234471,20250419,1
234471,20250502,1
234472,20250419,1
234472,20250502,1
234473,20250420,1
234473,20250421,1
234473,20250501,1
234474,20250420,1
234474,20250421,1
234474,20250501,1
234474,20250503,1
234474,20250504,1
234475,20250407,1
234475,20250408,1
234475,20250409,1
234475,20250410,1
234475,20250411,1
234476,20250420,1
234476,20250421,1
234476,20250501,1
234476,20250503,1
234476,20250504,1
234477,20250420,1
234477,20250421,1
234477,20250501,1
234477,20250503,1
234477,20250504,1
234478,20250420,1
234478,20250421,1
234478,20250501,1
234478,20250503,1
234478,20250504,1
234479,20250322,1
234479,20250329,1
234479,20250405,1
234479,20250412,1
234479,20250419,1
234479,20250426,1
234479,20250502,1
234479,20250510,1
234479,20250517,1
234479,20250524,1
234479,20250531,1
234479,20250607,1
234479,20250614,1
234480,20250321,1
234480,20250324,1
234480,20250325,1
234480,20250326,1
234480,20250327,1
234480,20250328,1
234480,20250331,1
234480,20250401,1
234480,20250402,1
234480,20250403,1
234480,20250404,1
234480,20250407,1
234480,20250408,1
234480,20250409,1
234480,20250410,1
234480,20250411,1
234480,20250414,1
234480,20250415,1
234480,20250416,1
234480,20250417,1
234480,20250418,1
234480,20250422,1
234480,20250423,1
234480,20250424,1
234480,20250425,1
234480,20250428,1
234480,20250429,1
234480,20250430,1
234480,20250505,1
234480,20250506,1
234480,20250507,1
234480,20250508,1
234480,20250509,1
234480,20250512,1
234480,20250513,1
234480,20250514,1
234480,20250515,1
234480,20250516,1
234480,20250519,1
234480,20250520,1
234480,20250521,1
234480,20250522,1
234480,20250523,1
234480,20250526,1
234480,20250527,1
234480,20250528,1
234480,20250529,1
234480,20250530,1
234480,20250602,1
234480,20250603,1
234480,20250604,1
234480,20250605,1
234480,20250606,1
234480,20250609,1
234480,20250610,1
234480,20250611,1
234480,20250612,1
234480,20250613,1
234481,20250407,1
234481,20250408,1
234481,20250409,1
234481,20250410,1
234481,20250411,1
234482,20250321,1
234482,20250324,1
234482,20250325,1
234482,20250326,1
234482,20250327,1
234482,20250328,1
234482,20250331,1
234482,20250401,1
234482,20250402,1
234482,20250403,1
234482,20250404,1
234482,20250414,1
234482,20250415,1
234482,20250416,1
234482,20250417,1
234482,20250418,1
234482,20250422,1
234482,20250423,1
234482,20250424,1
234482,20250425,1
234482,20250428,1
234482,20250429,1
234482,20250430,1
234482,20250505,1
234482,20250506,1
234482,20250507,1
234482,20250508,1
234482,20250509,1
234482,20250512,1
234482,20250513,1
234482,20250514,1
234482,20250515,1
234482,20250516,1
234482,20250519,1
234482,20250520,1
234482,20250521,1
234482,20250522,1
234482,20250523,1
234482,20250526,1
234482,20250527,1
234482,20250528,1
234482,20250529,1
234482,20250530,1
234482,20250602,1
234482,20250603,1
234482,20250604,1
234482,20250605,1
234482,20250606,1
234482,20250609,1
234482,20250610,1
234482,20250611,1
234482,20250612,1
234482,20250613,1
234483,20250321,1
234483,20250324,1
234483,20250325,1
234483,20250326,1
234483,20250327,1
234483,20250328,1
234483,20250331,1
234483,20250401,1
234483,20250402,1
234483,20250403,1
234483,20250404,1
234483,20250414,1
234483,20250415,1
234483,20250416,1
234483,20250417,1
234483,20250418,1
234483,20250422,1
234483,20250423,1
234483,20250424,1
234483,20250425,1
234483,20250428,1
234483,20250429,1
234483,20250430,1
234483,20250505,1
234483,20250506,1
234483,20250507,1
234483,20250508,1
234483,20250509,1
234483,20250512,1
234483,20250513,1
234483,20250514,1
234483,20250515,1
234483,20250516,1
234483,20250519,1
234483,20250520,1
234483,20250521,1
234483,20250522,1
234483,20250523,1
234483,20250526,1
234483,20250527,1
234483,20250528,1
234483,20250529,1
234483,20250530,1
234483,20250602,1
234483,20250603,1
234483,20250604,1
234483,20250605,1
234483,20250606,1
234483,20250609,1
234483,20250610,1
234483,20250611,1
234483,20250612,1
234483,20250613,1
234484,20250321,1
234484,20250324,1
234484,20250325,1
234484,20250326,1
234484,20250327,1
234484,20250328,1
234484,20250331,1
234484,20250401,1
234484,20250402,1
234484,20250403,1
234484,20250404,1
234484,20250414,1
234484,20250415,1
234484,20250416,1
234484,20250417,1
234484,20250418,1
234484,20250422,1
234484,20250423,1
234484,20250424,1
234484,20250425,1
234484,20250428,1
234484,20250429,1
234484,20250430,1
234484,20250505,1
234484,20250506,1
234484,20250507,1
234484,20250508,1
234484,20250509,1
234484,20250512,1
234484,20250513,1
234484,20250514,1
234484,20250515,1
234484,20250516,1
234484,20250519,1
234484,20250520,1
234484,20250521,1
234484,20250522,1
234484,20250523,1
234484,20250526,1
234484,20250527,1
234484,20250528,1
234484,20250529,1
234484,20250530,1
234484,20250602,1
234484,20250603,1
234484,20250604,1
234484,20250605,1
234484,20250606,1
234484,20250609,1
234484,20250610,1
234484,20250611,1
234484,20250612,1
234484,20250613,1
234485,20250321,1
234485,20250324,1
234485,20250325,1
234485,20250326,1
234485,20250327,1
234485,20250328,1
234485,20250331,1
234485,20250401,1
234485,20250402,1
234485,20250403,1
234485,20250404,1
234485,20250414,1
234485,20250415,1
234485,20250416,1
234485,20250417,1
234485,20250418,1
234485,20250422,1
234485,20250423,1
234485,20250424,1
234485,20250425,1
234485,20250428,1
234485,20250429,1
234485,20250430,1
234485,20250505,1
234485,20250506,1
234485,20250507,1
234485,20250508,1
234485,20250509,1
234485,20250512,1
234485,20250513,1
234485,20250514,1
234485,20250515,1
234485,20250516,1
234485,20250519,1
234485,20250520,1
234485,20250521,1
234485,20250522,1
234485,20250523,1
234485,20250526,1
234485,20250527,1
234485,20250528,1
234485,20250529,1
234485,20250530,1
234485,20250602,1
234485,20250603,1
234485,20250604,1
234485,20250605,1
234485,20250606,1
234485,20250609,1
234485,20250610,1
234485,20250611,1
234485,20250612,1
234485,20250613,1
234486,20250321,1
234486,20250324,1
234486,20250325,1
234486,20250326,1
234486,20250327,1
234486,20250328,1
234486,20250331,1
234486,20250401,1
234486,20250402,1
234486,20250403,1
234486,20250404,1
234486,20250414,1
234486,20250415,1
234486,20250416,1
234486,20250417,1
234486,20250418,1
234486,20250422,1
234486,20250423,1
234486,20250424,1
234486,20250425,1
234486,20250428,1
234486,20250429,1
234486,20250505,1
234486,20250506,1
234486,20250507,1
234486,20250508,1
234486,20250509,1
234486,20250512,1
234486,20250513,1
234486,20250514,1
234486,20250515,1
234486,20250516,1
234486,20250519,1
234486,20250520,1
234486,20250521,1
234486,20250522,1
234486,20250523,1
234486,20250526,1
234486,20250527,1
234486,20250528,1
234486,20250529,1
234486,20250530,1
234486,20250602,1
234486,20250603,1
234486,20250604,1
234486,20250605,1
234486,20250606,1
234486,20250609,1
234486,20250610,1
234486,20250611,1
234486,20250612,1
234486,20250613,1
234487,20250321,1
234487,20250324,1
234487,20250325,1
234487,20250326,1
234487,20250327,1
234487,20250328,1
234487,20250331,1
234487,20250401,1
234487,20250402,1
234487,20250403,1
234487,20250404,1
234487,20250414,1
234487,20250415,1
234487,20250416,1
234487,20250417,1
234487,20250418,1
234487,20250422,1
234487,20250423,1
234487,20250424,1
234487,20250425,1
234487,20250428,1
234487,20250429,1
234487,20250430,1
234487,20250505,1
234487,20250506,1
234487,20250507,1
234487,20250508,1
234487,20250509,1
234487,20250512,1
234487,20250513,1
234487,20250514,1
234487,20250515,1
234487,20250516,1
234487,20250519,1
234487,20250520,1
234487,20250521,1
234487,20250522,1
234487,20250523,1
234487,20250526,1
234487,20250527,1
234487,20250528,1
234487,20250529,1
234487,20250530,1
234487,20250602,1
234487,20250603,1
234487,20250604,1
234487,20250605,1
234487,20250606,1
234487,20250609,1
234487,20250610,1
234487,20250611,1
234487,20250612,1
234487,20250613,1
234488,20250321,1
234488,20250324,1
234488,20250325,1
234488,20250326,1
234488,20250327,1
234488,20250328,1
234488,20250331,1
234488,20250401,1
234488,20250402,1
234488,20250403,1
234488,20250404,1
234488,20250414,1
234488,20250415,1
234488,20250416,1
234488,20250422,1
234488,20250423,1
234488,20250424,1
234488,20250425,1
234488,20250428,1
234488,20250429,1
234488,20250505,1
234488,20250506,1
234488,20250507,1
234488,20250508,1
234488,20250509,1
234488,20250512,1
234488,20250513,1
234488,20250514,1
234488,20250515,1
234488,20250516,1
234488,20250519,1
234488,20250520,1
234488,20250521,1
234488,20250522,1
234488,20250523,1
234488,20250526,1
234488,20250527,1
234488,20250528,1
234488,20250529,1
234488,20250530,1
234488,20250602,1
234488,20250603,1
234488,20250604,1
234488,20250605,1
234488,20250606,1
234488,20250609,1
234488,20250610,1
234488,20250611,1
234488,20250612,1
234488,20250613,1
234489,20250321,1
234489,20250324,1
234489,20250325,1
234489,20250326,1
234489,20250327,1
234489,20250328,1
234489,20250331,1
234489,20250401,1
234489,20250402,1
234489,20250403,1
234489,20250404,1
234489,20250414,1
234489,20250415,1
234489,20250416,1
234489,20250417,1
234489,20250418,1
234489,20250422,1
234489,20250423,1
234489,20250424,1
234489,20250425,1
234489,20250428,1
234489,20250429,1
234489,20250430,1
234489,20250505,1
234489,20250506,1
234489,20250507,1
234489,20250508,1
234489,20250509,1
234489,20250512,1
234489,20250513,1
234489,20250514,1
234489,20250515,1
234489,20250516,1
234489,20250519,1
234489,20250520,1
234489,20250521,1
234489,20250522,1
234489,20250523,1
234489,20250526,1
234489,20250527,1
234489,20250528,1
234489,20250529,1
234489,20250530,1
234489,20250602,1
234489,20250603,1
234489,20250604,1
234489,20250605,1
234489,20250606,1
234489,20250609,1
234489,20250610,1
234489,20250611,1
234489,20250612,1
234489,20250613,1
234490,20250321,1
234490,20250325,1
234490,20250326,1
234490,20250327,1
234490,20250328,1
234490,20250401,1
234490,20250402,1
234490,20250403,1
234490,20250404,1
234490,20250408,1
234490,20250409,1
234490,20250410,1
234490,20250411,1
234490,20250415,1
234490,20250416,1
234490,20250417,1
234490,20250418,1
234490,20250423,1
234490,20250424,1
234490,20250425,1
234490,20250429,1
234490,20250430,1
234490,20250506,1
234490,20250507,1
234490,20250508,1
234490,20250509,1
234490,20250513,1
234490,20250514,1
234490,20250515,1
234490,20250516,1
234490,20250520,1
234490,20250521,1
234490,20250522,1
234490,20250523,1
234490,20250527,1
234490,20250528,1
234490,20250529,1
234490,20250530,1
234490,20250603,1
234490,20250604,1
234490,20250605,1
234490,20250606,1
234490,20250610,1
234490,20250611,1
234490,20250612,1
234490,20250613,1
234491,20250321,1
234491,20250325,1
234491,20250326,1
234491,20250327,1
234491,20250328,1
234491,20250401,1
234491,20250402,1
234491,20250403,1
234492,20250321,1
234492,20250324,1
234492,20250325,1
234492,20250326,1
234492,20250327,1
234492,20250328,1
234492,20250331,1
234492,20250401,1
234492,20250402,1
234492,20250403,1
234492,20250404,1
234492,20250414,1
234492,20250415,1
234492,20250416,1
234492,20250417,1
234492,20250418,1
234492,20250422,1
234492,20250423,1
234492,20250424,1
234492,20250425,1
234492,20250428,1
234492,20250429,1
234492,20250430,1
234492,20250505,1
234492,20250506,1
234492,20250507,1
234492,20250508,1
234492,20250509,1
234492,20250512,1
234492,20250513,1
234492,20250514,1
234492,20250515,1
234492,20250516,1
234492,20250519,1
234492,20250520,1
234492,20250521,1
234492,20250522,1
234492,20250523,1
234492,20250526,1
234492,20250527,1
234492,20250528,1
234492,20250529,1
234492,20250530,1
234492,20250602,1
234492,20250603,1
234492,20250604,1
234492,20250605,1
234492,20250606,1
234492,20250609,1
234492,20250610,1
234492,20250611,1
234492,20250612,1
234492,20250613,1
234493,20250321,1
234493,20250324,1
234493,20250325,1
234493,20250326,1
234493,20250327,1
234493,20250328,1
234493,20250331,1
234493,20250401,1
234493,20250402,1
234493,20250403,1
234493,20250404,1
234493,20250414,1
234493,20250415,1
234493,20250416,1
234493,20250417,1
234493,20250418,1
234493,20250422,1
234493,20250423,1
234493,20250424,1
234493,20250425,1
234493,20250428,1
234493,20250429,1
234493,20250430,1
234493,20250505,1
234493,20250506,1
234493,20250507,1
234493,20250508,1
234493,20250509,1
234493,20250512,1
234493,20250513,1
234493,20250514,1
234493,20250515,1
234493,20250516,1
234493,20250519,1
234493,20250520,1
234493,20250521,1
234493,20250522,1
234493,20250523,1
234493,20250526,1
234493,20250527,1
234493,20250528,1
234493,20250529,1
234493,20250530,1
234493,20250602,1
234493,20250603,1
234493,20250604,1
234493,20250605,1
234493,20250606,1
234493,20250609,1
234493,20250610,1
234493,20250611,1
234493,20250612,1
234493,20250613,1
234494,20250404,1
234494,20250411,1
234494,20250418,1
234494,20250425,1
234494,20250430,1
234494,20250509,1
234494,20250516,1
234494,20250523,1
234494,20250530,1
234494,20250606,1
234494,20250613,1
234495,20250322,1
234495,20250329,1
234495,20250405,1
234495,20250412,1
234495,20250419,1
234495,20250426,1
234495,20250502,1
234495,20250510,1
234495,20250517,1
234495,20250524,1
234495,20250531,1
234495,20250607,1
234495,20250614,1
234496,20250405,1
234496,20250412,1
234496,20250419,1
234496,20250426,1
234496,20250502,1
234496,20250510,1
234496,20250517,1
234496,20250524,1
234496,20250531,1
234496,20250607,1
234496,20250614,1
234497,20250419,1
234497,20250502,1
234498,20250503,1
234498,20250504,1
234499,20250426,1
234500,20250426,1
234501,20250322,1
234501,20250329,1
234502,20250407,1
234502,20250408,1
234502,20250409,1
234502,20250410,1
234502,20250411,1
234503,20250321,1
234503,20250325,1
234503,20250326,1
234503,20250327,1
234503,20250328,1
234503,20250401,1
234503,20250402,1
234503,20250403,1
234503,20250404,1
234503,20250415,1
234503,20250416,1
234503,20250417,1
234503,20250418,1
234503,20250423,1
234503,20250424,1
234503,20250425,1
234503,20250429,1
234503,20250430,1
234503,20250506,1
234503,20250507,1
234503,20250508,1
234503,20250509,1
234503,20250513,1
234503,20250514,1
234503,20250515,1
234503,20250516,1
234503,20250520,1
234503,20250521,1
234503,20250522,1
234503,20250523,1
234503,20250527,1
234503,20250528,1
234503,20250529,1
234503,20250530,1
234503,20250603,1
234503,20250604,1
234503,20250605,1
234503,20250606,1
234503,20250610,1
234503,20250611,1
234503,20250612,1
234503,20250613,1
234504,20250322,1
234504,20250329,1
234504,20250405,1
234504,20250412,1
234504,20250419,1
234504,20250426,1
234504,20250502,1
234504,20250510,1
234504,20250517,1
234504,20250524,1
234504,20250531,1
234504,20250607,1
234504,20250614,1
234505,20250321,1
234505,20250324,1
234505,20250325,1
234505,20250326,1
234505,20250327,1
234505,20250328,1
234505,20250331,1
234505,20250401,1
234505,20250402,1
234505,20250403,1
234505,20250404,1
234505,20250414,1
234505,20250415,1
234505,20250416,1
234505,20250417,1
234505,20250418,1
234505,20250422,1
234505,20250423,1
234505,20250424,1
234505,20250425,1
234505,20250428,1
234505,20250429,1
234505,20250430,1
234505,20250505,1
234505,20250506,1
234505,20250507,1
234505,20250508,1
234505,20250509,1
234505,20250512,1
234505,20250513,1
234505,20250514,1
234505,20250515,1
234505,20250516,1
234505,20250519,1
234505,20250520,1
234505,20250521,1
234505,20250522,1
234505,20250523,1
234505,20250526,1
234505,20250527,1
234505,20250528,1
234505,20250529,1
234505,20250530,1
234505,20250602,1
234505,20250603,1
234505,20250604,1
234505,20250605,1
234505,20250606,1
234505,20250609,1
234505,20250610,1
234505,20250611,1
234505,20250612,1
234505,20250613,1
234506,20250510,1
234506,20250517,1
234506,20250524,1
234506,20250531,1
234506,20250607,1
234506,20250614,1
234507,20250510,1
234507,20250517,1
234507,20250524,1
234507,20250531,1
234507,20250607,1
234507,20250614,1
234508,20250322,1
234508,20250329,1
234509,20250420,1
234509,20250421,1
234510,20250322,1
234510,20250329,1
234511,20250321,1
234511,20250324,1
234511,20250325,1
234511,20250326,1
234511,20250327,1
234511,20250328,1
234511,20250331,1
234511,20250401,1
234511,20250402,1
234511,20250403,1
234511,20250404,1
234511,20250414,1
234511,20250415,1
234511,20250416,1
234511,20250417,1
234511,20250418,1
234511,20250422,1
234511,20250423,1
234511,20250424,1
234511,20250425,1
234511,20250428,1
234511,20250429,1
234511,20250430,1
234511,20250505,1
234511,20250506,1
234511,20250507,1
234511,20250508,1
234511,20250509,1
234511,20250512,1
234511,20250513,1
234511,20250514,1
234511,20250515,1
234511,20250516,1
234511,20250519,1
234511,20250520,1
234511,20250521,1
234511,20250522,1
234511,20250523,1
234511,20250526,1
234511,20250527,1
234511,20250528,1
234511,20250529,1
234511,20250530,1
234511,20250602,1
234511,20250603,1
234511,20250604,1
234511,20250605,1
234511,20250606,1
234511,20250609,1
234511,20250610,1
234511,20250611,1
234511,20250612,1
234511,20250613,1
234512,20250321,1
234512,20250324,1
234512,20250325,1
234512,20250326,1
234512,20250327,1
234512,20250328,1
234512,20250331,1
234512,20250401,1
234512,20250402,1
234512,20250403,1
234512,20250404,1
234512,20250407,1
234512,20250408,1
234512,20250409,1
234512,20250410,1
234512,20250411,1
234512,20250414,1
234512,20250415,1
234512,20250416,1
234512,20250417,1
234512,20250418,1
234512,20250422,1
234512,20250423,1
234512,20250424,1
234512,20250425,1
234512,20250428,1
234512,20250429,1
234512,20250430,1
234512,20250505,1
234512,20250506,1
234512,20250507,1
234512,20250508,1
234512,20250509,1
234512,20250512,1
234512,20250513,1
234512,20250514,1
234512,20250515,1
234512,20250516,1
234512,20250519,1
234512,20250520,1
234512,20250521,1
234512,20250522,1
234512,20250523,1
234512,20250526,1
234512,20250527,1
234512,20250528,1
234512,20250529,1
234512,20250530,1
234512,20250602,1
234512,20250603,1
234512,20250604,1
234512,20250605,1
234512,20250606,1
234512,20250609,1
234512,20250610,1
234512,20250611,1
234512,20250612,1
234512,20250613,1
234513,20250420,1
234513,20250421,1
234513,20250501,1
234513,20250503,1
234514,20250420,1
234514,20250421,1
234514,20250501,1
234514,20250503,1
234514,20250504,1
234515,20250323,1
234515,20250330,1
234515,20250406,1
234515,20250420,1
234515,20250421,1
234515,20250427,1
234515,20250501,1
234515,20250511,1
234515,20250518,1
234515,20250525,1
234515,20250601,1
234515,20250608,1
234516,20250501,1
234517,20250323,1
234517,20250330,1
234517,20250406,1
234517,20250413,1
234517,20250421,1
234517,20250427,1
234517,20250501,1
234517,20250504,1
234517,20250511,1
234517,20250518,1
234517,20250525,1
234517,20250601,1
234517,20250608,1
234518,20250419,1
234518,20250502,1
234519,20250420,1
234519,20250421,1
234519,20250501,1
234519,20250503,1
234519,20250504,1
234520,20250322,1
234520,20250329,1
234520,20250405,1
234520,20250412,1
234520,20250419,1
234520,20250426,1
234520,20250502,1
234520,20250510,1
234520,20250517,1
234520,20250524,1
234520,20250531,1
234520,20250607,1
234520,20250614,1
234521,20250420,1
234521,20250421,1
234521,20250503,1
234521,20250504,1
234522,20250321,1
234522,20250324,1
234522,20250325,1
234522,20250326,1
234522,20250327,1
234522,20250328,1
234522,20250331,1
234522,20250401,1
234522,20250402,1
234522,20250403,1
234522,20250404,1
234522,20250414,1
234522,20250415,1
234522,20250416,1
234522,20250417,1
234522,20250418,1
234522,20250422,1
234522,20250423,1
234522,20250424,1
234522,20250425,1
234522,20250428,1
234522,20250429,1
234522,20250430,1
234522,20250505,1
234522,20250506,1
234522,20250507,1
234522,20250508,1
234522,20250509,1
234522,20250512,1
234522,20250513,1
234522,20250514,1
234522,20250515,1
234522,20250516,1
234522,20250519,1
234522,20250520,1
234522,20250521,1
234522,20250522,1
234522,20250523,1
234522,20250526,1
234522,20250527,1
234522,20250528,1
234522,20250529,1
234522,20250530,1
234522,20250602,1
234522,20250603,1
234522,20250604,1
234522,20250605,1
234522,20250606,1
234522,20250609,1
234522,20250610,1
234522,20250611,1
234522,20250612,1
234522,20250613,1
234523,20250321,1
234523,20250324,1
234523,20250325,1
234523,20250326,1
234523,20250327,1
234523,20250328,1
234523,20250331,1
234523,20250401,1
234523,20250402,1
234523,20250403,1
234523,20250404,1
234523,20250414,1
234523,20250415,1
234523,20250416,1
234523,20250417,1
234523,20250418,1
234523,20250422,1
234523,20250423,1
234523,20250424,1
234523,20250425,1
234523,20250428,1
234523,20250429,1
234523,20250430,1
234523,20250505,1
234523,20250506,1
234523,20250507,1
234523,20250508,1
234523,20250509,1
234523,20250512,1
234523,20250513,1
234523,20250514,1
234523,20250515,1
234523,20250516,1
234523,20250519,1
234523,20250520,1
234523,20250521,1
234523,20250522,1
234523,20250523,1
234523,20250526,1
234523,20250527,1
234523,20250528,1
234523,20250529,1
234523,20250530,1
234523,20250602,1
234523,20250603,1
234523,20250604,1
234523,20250605,1
234523,20250606,1
234523,20250609,1
234523,20250610,1
234523,20250611,1
234523,20250612,1
234523,20250613,1
234524,20250321,1
234524,20250324,1
234524,20250325,1
234524,20250326,1
234524,20250327,1
234524,20250328,1
234524,20250331,1
234524,20250401,1
234524,20250402,1
234524,20250403,1
234524,20250404,1
234524,20250414,1
234524,20250415,1
234524,20250416,1
234524,20250417,1
234524,20250418,1
234524,20250422,1
234524,20250423,1
234524,20250424,1
234524,20250425,1
234524,20250428,1
234524,20250429,1
234524,20250430,1
234524,20250505,1
234524,20250506,1
234524,20250507,1
234524,20250508,1
234524,20250509,1
234524,20250512,1
234524,20250513,1
234524,20250514,1
234524,20250515,1
234524,20250516,1
234524,20250519,1
234524,20250520,1
234524,20250521,1
234524,20250522,1
234524,20250523,1
234524,20250526,1
234524,20250527,1
234524,20250528,1
234524,20250529,1
234524,20250530,1
234524,20250602,1
234524,20250603,1
234524,20250604,1
234524,20250605,1
234524,20250606,1
234524,20250609,1
234524,20250610,1
234524,20250611,1
234524,20250612,1
234524,20250613,1
234525,20250324,1
234525,20250325,1
234525,20250326,1
234525,20250327,1
234525,20250331,1
234525,20250401,1
234525,20250402,1
234525,20250403,1
234525,20250407,1
234525,20250408,1
234525,20250409,1
234525,20250410,1
234525,20250414,1
234525,20250415,1
234525,20250416,1
234525,20250417,1
234525,20250422,1
234525,20250423,1
234525,20250424,1
234525,20250428,1
234525,20250429,1
234525,20250505,1
234525,20250506,1
234525,20250507,1
234525,20250508,1
234525,20250512,1
234525,20250513,1
234525,20250514,1
234525,20250515,1
234525,20250519,1
234525,20250520,1
234525,20250521,1
234525,20250522,1
234525,20250526,1
234525,20250527,1
234525,20250528,1
234525,20250529,1
234525,20250602,1
234525,20250603,1
234525,20250604,1
234525,20250605,1
234525,20250609,1
234525,20250610,1
234525,20250611,1
234525,20250612,1
234526,20250324,1
234526,20250325,1
234526,20250326,1
234526,20250327,1
234526,20250331,1
234526,20250401,1
234526,20250402,1
234526,20250403,1
234526,20250407,1
234526,20250408,1
234526,20250409,1
234526,20250410,1
234526,20250414,1
234526,20250415,1
234526,20250416,1
234526,20250417,1
234526,20250422,1
234526,20250423,1
234526,20250424,1
234526,20250428,1
234526,20250429,1
234526,20250505,1
234526,20250506,1
234526,20250507,1
234526,20250508,1
234526,20250512,1
234526,20250513,1
234526,20250514,1
234526,20250515,1
234526,20250519,1
234526,20250520,1
234526,20250521,1
234526,20250522,1
234526,20250526,1
234526,20250527,1
234526,20250528,1
234526,20250529,1
234526,20250602,1
234526,20250603,1
234526,20250604,1
234526,20250605,1
234526,20250609,1
234526,20250610,1
234526,20250611,1
234526,20250612,1
234527,20250321,1
234527,20250328,1
234527,20250404,1
234527,20250418,1
234527,20250425,1
234527,20250430,1
234527,20250509,1
234527,20250516,1
234527,20250523,1
234527,20250530,1
234527,20250606,1
234527,20250613,1
234528,20250419,1
234528,20250502,1
234529,20250419,1
234529,20250502,1
234530,20250419,1
234530,20250502,1
234531,20250419,1
234531,20250426,1
234531,20250502,1
234532,20250419,1
234532,20250502,1
234533,20250322,1
234533,20250329,1
234533,20250405,1
234533,20250412,1
234533,20250419,1
234533,20250502,1
234534,20250419,1
234534,20250502,1
234535,20250322,1
234535,20250329,1
234535,20250405,1
234535,20250412,1
234535,20250419,1
234535,20250426,1
234535,20250502,1
234535,20250510,1
234535,20250517,1
234535,20250524,1
234535,20250531,1
234535,20250607,1
234535,20250614,1
234536,20250419,1
234536,20250502,1
234537,20250419,1
234537,20250426,1
234537,20250502,1
234538,20250322,1
234538,20250329,1
234538,20250419,1
234538,20250502,1
234538,20250510,1
234538,20250517,1
234538,20250524,1
234538,20250531,1
234538,20250607,1
234538,20250614,1
234539,20250419,1
234539,20250502,1
234540,20250419,1
234540,20250502,1
234541,20250419,1
234541,20250502,1
234542,20250419,1
234542,20250502,1
234543,20250419,1
234543,20250426,1
234543,20250502,1
234544,20250419,1
234544,20250502,1
234545,20250419,1
234545,20250502,1
234546,20250321,1
234546,20250324,1
234546,20250325,1
234546,20250326,1
234546,20250327,1
234546,20250328,1
234546,20250331,1
234546,20250401,1
234546,20250402,1
234546,20250403,1
234546,20250404,1
234546,20250414,1
234546,20250415,1
234546,20250416,1
234546,20250417,1
234546,20250418,1
234546,20250422,1
234546,20250423,1
234546,20250424,1
234546,20250425,1
234546,20250428,1
234546,20250429,1
234546,20250430,1
234546,20250505,1
234546,20250506,1
234546,20250507,1
234546,20250508,1
234546,20250509,1
234546,20250512,1
234546,20250513,1
234546,20250514,1
234546,20250515,1
234546,20250516,1
234546,20250519,1
234546,20250520,1
234546,20250521,1
234546,20250522,1
234546,20250523,1
234546,20250526,1
234546,20250527,1
234546,20250528,1
234546,20250529,1
234546,20250530,1
234546,20250602,1
234546,20250603,1
234546,20250604,1
234546,20250605,1
234546,20250606,1
234546,20250609,1
234546,20250610,1
234546,20250611,1
234546,20250612,1
234546,20250613,1
234547,20250419,1
234547,20250502,1
234548,20250321,1
234548,20250328,1
234548,20250404,1
234548,20250418,1
234548,20250425,1
234548,20250430,1
234548,20250509,1
234548,20250516,1
234548,20250523,1
234548,20250530,1
234548,20250606,1
234548,20250613,1
234549,20250321,1
234549,20250324,1
234549,20250325,1
234549,20250326,1
234549,20250327,1
234549,20250328,1
234549,20250331,1
234549,20250401,1
234549,20250402,1
234549,20250403,1
234549,20250404,1
234549,20250414,1
234549,20250415,1
234549,20250416,1
234549,20250417,1
234549,20250418,1
234549,20250422,1
234549,20250423,1
234549,20250424,1
234549,20250425,1
234549,20250428,1
234549,20250429,1
234549,20250430,1
234549,20250505,1
234549,20250506,1
234549,20250507,1
234549,20250508,1
234549,20250509,1
234549,20250512,1
234549,20250513,1
234549,20250514,1
234549,20250515,1
234549,20250516,1
234549,20250519,1
234549,20250520,1
234549,20250521,1
234549,20250522,1
234549,20250523,1
234549,20250526,1
234549,20250527,1
234549,20250528,1
234549,20250529,1
234549,20250530,1
234549,20250602,1
234549,20250603,1
234549,20250604,1
234549,20250605,1
234549,20250606,1
234549,20250609,1
234549,20250610,1
234549,20250611,1
234549,20250612,1
234549,20250613,1
234550,20250321,1
234550,20250324,1
234550,20250325,1
234550,20250326,1
234550,20250327,1
234550,20250328,1
234550,20250331,1
234550,20250401,1
234550,20250402,1
234550,20250403,1
234550,20250404,1
234550,20250414,1
234550,20250415,1
234550,20250416,1
234550,20250417,1
234550,20250418,1
234550,20250422,1
234550,20250423,1
234550,20250424,1
234550,20250425,1
234550,20250428,1
234550,20250429,1
234550,20250430,1
234550,20250505,1
234550,20250506,1
234550,20250507,1
234550,20250508,1
234550,20250509,1
234550,20250512,1
234550,20250513,1
234550,20250514,1
234550,20250515,1
234550,20250516,1
234550,20250519,1
234550,20250520,1
234550,20250521,1
234550,20250522,1
234550,20250523,1
234550,20250526,1
234550,20250527,1
234550,20250528,1
234550,20250529,1
234550,20250530,1
234550,20250602,1
234550,20250603,1
234550,20250604,1
234550,20250605,1
234550,20250606,1
234550,20250609,1
234550,20250610,1
234550,20250611,1
234550,20250612,1
234550,20250613,1
234551,20250321,1
234551,20250324,1
234551,20250325,1
234551,20250326,1
234551,20250327,1
234551,20250328,1
234551,20250331,1
234551,20250401,1
234551,20250402,1
234551,20250403,1
234551,20250404,1
234551,20250414,1
234551,20250415,1
234551,20250416,1
234551,20250417,1
234551,20250418,1
234551,20250422,1
234551,20250423,1
234551,20250424,1
234551,20250425,1
234551,20250428,1
234551,20250429,1
234551,20250430,1
234551,20250505,1
234551,20250506,1
234551,20250507,1
234551,20250508,1
234551,20250509,1
234551,20250512,1
234551,20250513,1
234551,20250514,1
234551,20250515,1
234551,20250516,1
234551,20250519,1
234551,20250520,1
234551,20250521,1
234551,20250522,1
234551,20250523,1
234551,20250526,1
234551,20250527,1
234551,20250528,1
234551,20250529,1
234551,20250530,1
234551,20250602,1
234551,20250603,1
234551,20250604,1
234551,20250605,1
234551,20250606,1
234551,20250609,1
234551,20250610,1
234551,20250611,1
234551,20250612,1
234551,20250613,1
234552,20250321,1
234552,20250324,1
234552,20250325,1
234552,20250326,1
234552,20250327,1
234552,20250328,1
234552,20250331,1
234552,20250401,1
234552,20250402,1
234552,20250403,1
234552,20250404,1
234552,20250414,1
234552,20250415,1
234552,20250416,1
234552,20250417,1
234552,20250418,1
234552,20250422,1
234552,20250423,1
234552,20250424,1
234552,20250425,1
234552,20250428,1
234552,20250429,1
234552,20250430,1
234552,20250505,1
234552,20250506,1
234552,20250507,1
234552,20250508,1
234552,20250509,1
234552,20250512,1
234552,20250513,1
234552,20250514,1
234552,20250515,1
234552,20250516,1
234552,20250519,1
234552,20250520,1
234552,20250521,1
234552,20250522,1
234552,20250523,1
234552,20250526,1
234552,20250527,1
234552,20250528,1
234552,20250529,1
234552,20250530,1
234552,20250602,1
234552,20250603,1
234552,20250604,1
234552,20250605,1
234552,20250606,1
234552,20250609,1
234552,20250610,1
234552,20250611,1
234552,20250612,1
234552,20250613,1
234553,20250321,1
234553,20250324,1
234553,20250325,1
234553,20250326,1
234553,20250327,1
234553,20250328,1
234553,20250331,1
234553,20250401,1
234553,20250402,1
234553,20250403,1
234553,20250404,1
234553,20250414,1
234553,20250415,1
234553,20250416,1
234553,20250417,1
234553,20250418,1
234553,20250422,1
234553,20250423,1
234553,20250424,1
234553,20250425,1
234553,20250428,1
234553,20250429,1
234553,20250430,1
234553,20250505,1
234553,20250506,1
234553,20250507,1
234553,20250508,1
234553,20250509,1
234553,20250512,1
234553,20250513,1
234553,20250514,1
234553,20250515,1
234553,20250516,1
234553,20250519,1
234553,20250520,1
234553,20250521,1
234553,20250522,1
234553,20250523,1
234553,20250526,1
234553,20250527,1
234553,20250528,1
234553,20250529,1
234553,20250530,1
234553,20250602,1
234553,20250603,1
234553,20250604,1
234553,20250605,1
234553,20250606,1
234553,20250609,1
234553,20250610,1
234553,20250611,1
234553,20250612,1
234553,20250613,1
234554,20250321,1
234554,20250324,1
234554,20250325,1
234554,20250326,1
234554,20250327,1
234554,20250328,1
234554,20250331,1
234554,20250401,1
234554,20250402,1
234554,20250403,1
234554,20250404,1
234554,20250414,1
234554,20250415,1
234554,20250416,1
234554,20250422,1
234554,20250423,1
234554,20250424,1
234554,20250425,1
234554,20250428,1
234554,20250429,1
234554,20250505,1
234554,20250506,1
234554,20250507,1
234554,20250508,1
234554,20250509,1
234554,20250512,1
234554,20250513,1
234554,20250514,1
234554,20250515,1
234554,20250516,1
234554,20250519,1
234554,20250520,1
234554,20250521,1
234554,20250522,1
234554,20250523,1
234554,20250526,1
234554,20250527,1
234554,20250528,1
234554,20250529,1
234554,20250530,1
234554,20250602,1
234554,20250603,1
234554,20250604,1
234554,20250605,1
234554,20250606,1
234554,20250609,1
234554,20250610,1
234554,20250611,1
234554,20250612,1
234554,20250613,1
234555,20250321,1
234555,20250324,1
234555,20250325,1
234555,20250326,1
234555,20250327,1
234555,20250328,1
234555,20250331,1
234555,20250401,1
234555,20250402,1
234555,20250403,1
234555,20250404,1
234555,20250414,1
234555,20250415,1
234555,20250416,1
234555,20250417,1
234555,20250418,1
234555,20250422,1
234555,20250423,1
234555,20250424,1
234555,20250425,1
234555,20250428,1
234555,20250429,1
234555,20250430,1
234555,20250505,1
234555,20250506,1
234555,20250507,1
234555,20250508,1
234555,20250509,1
234555,20250512,1
234555,20250513,1
234555,20250514,1
234555,20250515,1
234555,20250516,1
234555,20250519,1
234555,20250520,1
234555,20250521,1
234555,20250522,1
234555,20250523,1
234555,20250526,1
234555,20250527,1
234555,20250528,1
234555,20250529,1
234555,20250530,1
234555,20250602,1
234555,20250603,1
234555,20250604,1
234555,20250605,1
234555,20250606,1
234555,20250609,1
234555,20250610,1
234555,20250611,1
234555,20250612,1
234555,20250613,1
234556,20250420,1
234556,20250421,1
234556,20250427,1
234556,20250501,1
234556,20250503,1
234556,20250504,1
234557,20250321,1
234557,20250324,1
234557,20250325,1
234557,20250326,1
234557,20250327,1
234557,20250328,1
234557,20250331,1
234557,20250401,1
234557,20250402,1
234557,20250403,1
234557,20250404,1
234557,20250414,1
234557,20250415,1
234557,20250416,1
234557,20250417,1
234557,20250418,1
234557,20250422,1
234557,20250423,1
234557,20250424,1
234557,20250425,1
234557,20250428,1
234557,20250429,1
234557,20250430,1
234557,20250505,1
234557,20250506,1
234557,20250507,1
234557,20250508,1
234557,20250509,1
234557,20250512,1
234557,20250513,1
234557,20250514,1
234557,20250515,1
234557,20250516,1
234557,20250519,1
234557,20250520,1
234557,20250521,1
234557,20250522,1
234557,20250523,1
234557,20250526,1
234557,20250527,1
234557,20250528,1
234557,20250529,1
234557,20250530,1
234557,20250602,1
234557,20250603,1
234557,20250604,1
234557,20250605,1
234557,20250606,1
234557,20250609,1
234557,20250610,1
234557,20250611,1
234557,20250612,1
234557,20250613,1
234558,20250321,1
234558,20250324,1
234558,20250325,1
234558,20250326,1
234558,20250327,1
234558,20250328,1
234558,20250331,1
234558,20250401,1
234558,20250402,1
234558,20250403,1
234558,20250404,1
234558,20250414,1
234558,20250415,1
234558,20250416,1
234558,20250417,1
234558,20250418,1
234558,20250419,1
234558,20250422,1
234558,20250423,1
234558,20250424,1
234558,20250425,1
234558,20250428,1
234558,20250429,1
234558,20250430,1
234558,20250502,1
234558,20250505,1
234558,20250506,1
234558,20250507,1
234558,20250508,1
234558,20250509,1
234558,20250512,1
234558,20250513,1
234558,20250514,1
234558,20250515,1
234558,20250516,1
234558,20250519,1
234558,20250520,1
234558,20250521,1
234558,20250522,1
234558,20250523,1
234558,20250526,1
234558,20250527,1
234558,20250528,1
234558,20250529,1
234558,20250530,1
234558,20250602,1
234558,20250603,1
234558,20250604,1
234558,20250605,1
234558,20250606,1
234558,20250609,1
234558,20250610,1
234558,20250611,1
234558,20250612,1
234558,20250613,1
234559,20250420,1
234559,20250501,1
234560,20250321,1
234560,20250324,1
234560,20250325,1
234560,20250326,1
234560,20250327,1
234560,20250328,1
234560,20250331,1
234560,20250401,1
234560,20250402,1
234560,20250403,1
234560,20250404,1
234560,20250414,1
234560,20250415,1
234560,20250416,1
234560,20250417,1
234560,20250418,1
234560,20250422,1
234560,20250423,1
234560,20250424,1
234560,20250425,1
234560,20250428,1
234560,20250429,1
234560,20250430,1
234560,20250505,1
234560,20250506,1
234560,20250507,1
234560,20250508,1
234560,20250509,1
234560,20250512,1
234560,20250513,1
234560,20250514,1
234560,20250515,1
234560,20250516,1
234560,20250519,1
234560,20250520,1
234560,20250521,1
234560,20250522,1
234560,20250523,1
234560,20250526,1
234560,20250527,1
234560,20250528,1
234560,20250529,1
234560,20250530,1
234560,20250602,1
234560,20250603,1
234560,20250604,1
234560,20250605,1
234560,20250606,1
234560,20250609,1
234560,20250610,1
234560,20250611,1
234560,20250612,1
234560,20250613,1
234561,20250419,1
234561,20250502,1
234562,20250406,1
234562,20250413,1
234562,20250421,1
234562,20250427,1
234562,20250503,1
234562,20250504,1
234562,20250511,1
234562,20250518,1
234562,20250525,1
234562,20250601,1
234562,20250608,1
234563,20250406,1
234563,20250413,1
234563,20250420,1
234563,20250421,1
234563,20250427,1
234563,20250501,1
234563,20250503,1
234563,20250504,1
234563,20250511,1
234563,20250518,1
234563,20250525,1
234563,20250601,1
234563,20250608,1
234564,20250419,1
234564,20250502,1
234565,20250321,1
234565,20250324,1
234565,20250325,1
234565,20250326,1
234565,20250327,1
234565,20250328,1
234565,20250331,1
234565,20250401,1
234565,20250402,1
234565,20250403,1
234565,20250404,1
234565,20250414,1
234565,20250415,1
234565,20250416,1
234565,20250417,1
234565,20250418,1
234565,20250422,1
234565,20250423,1
234565,20250424,1
234565,20250425,1
234565,20250428,1
234565,20250429,1
234565,20250430,1
234565,20250505,1
234565,20250506,1
234565,20250507,1
234565,20250508,1
234565,20250509,1
234565,20250512,1
234565,20250513,1
234565,20250514,1
234565,20250515,1
234565,20250516,1
234565,20250519,1
234565,20250520,1
234565,20250521,1
234565,20250522,1
234565,20250523,1
234565,20250526,1
234565,20250527,1
234565,20250528,1
234565,20250529,1
234565,20250530,1
234565,20250602,1
234565,20250603,1
234565,20250604,1
234565,20250605,1
234565,20250606,1
234565,20250609,1
234565,20250610,1
234565,20250611,1
234565,20250612,1
234565,20250613,1
234566,20250419,1
234566,20250502,1
234567,20250420,1
234567,20250421,1
234567,20250501,1
234568,20250419,1
234568,20250420,1
234568,20250421,1
234568,20250501,1
234568,20250502,1
234568,20250503,1
234568,20250504,1
234569,20250323,1
234569,20250330,1
234569,20250406,1
234569,20250413,1
234569,20250427,1
234569,20250511,1
234569,20250518,1
234569,20250525,1
234569,20250601,1
234569,20250608,1
234570,20250427,1
234570,20250501,1
234571,20250420,1
234571,20250421,1
234571,20250501,1
234571,20250503,1
234571,20250504,1
234572,20250419,1
234572,20250502,1
234573,20250419,1
234573,20250502,1
234574,20250419,1
234574,20250502,1
234575,20250419,1
234575,20250502,1
234576,20250322,1
234576,20250329,1
234576,20250405,1
234576,20250412,1
234576,20250419,1
234576,20250426,1
234576,20250502,1
234576,20250510,1
234576,20250517,1
234576,20250524,1
234576,20250531,1
234576,20250607,1
234576,20250614,1
234577,20250419,1
234577,20250502,1
234578,20250419,1
234578,20250502,1
234579,20250322,1
234579,20250329,1
234579,20250405,1
234579,20250412,1
234579,20250419,1
234579,20250426,1
234579,20250502,1
234579,20250510,1
234579,20250517,1
234579,20250524,1
234579,20250531,1
234579,20250607,1
234579,20250614,1
234580,20250419,1
234580,20250502,1
234581,20250419,1
234581,20250502,1
234582,20250419,1
234582,20250426,1
234582,20250502,1
234583,20250419,1
234583,20250502,1
234584,20250419,1
234584,20250502,1
234585,20250419,1
234585,20250502,1
234586,20250419,1
234586,20250502,1
234587,20250321,1
234587,20250324,1
234587,20250325,1
234587,20250326,1
234587,20250327,1
234587,20250328,1
234587,20250331,1
234587,20250401,1
234587,20250402,1
234587,20250403,1
234587,20250404,1
234587,20250414,1
234587,20250415,1
234587,20250416,1
234587,20250417,1
234587,20250418,1
234587,20250422,1
234587,20250423,1
234587,20250424,1
234587,20250425,1
234587,20250428,1
234587,20250429,1
234587,20250430,1
234587,20250505,1
234587,20250506,1
234587,20250507,1
234587,20250508,1
234587,20250509,1
234587,20250512,1
234587,20250513,1
234587,20250514,1
234587,20250515,1
234587,20250516,1
234587,20250519,1
234587,20250520,1
234587,20250521,1
234587,20250522,1
234587,20250523,1
234587,20250526,1
234587,20250527,1
234587,20250528,1
234587,20250529,1
234587,20250530,1
234587,20250602,1
234587,20250603,1
234587,20250604,1
234587,20250605,1
234587,20250606,1
234587,20250609,1
234587,20250610,1
234587,20250611,1
234587,20250612,1
234587,20250613,1
234588,20250321,1
234588,20250325,1
234588,20250326,1
234588,20250327,1
234588,20250328,1
234588,20250401,1
234588,20250402,1
234588,20250403,1
234588,20250404,1
234588,20250415,1
234588,20250416,1
234588,20250417,1
234588,20250418,1
234588,20250423,1
234588,20250424,1
234588,20250425,1
234588,20250429,1
234588,20250430,1
234588,20250506,1
234588,20250507,1
234588,20250508,1
234588,20250509,1
234588,20250513,1
234588,20250514,1
234588,20250515,1
234588,20250516,1
234588,20250520,1
234588,20250521,1
234588,20250522,1
234588,20250523,1
234588,20250527,1
234588,20250528,1
234588,20250529,1
234588,20250530,1
234588,20250603,1
234588,20250604,1
234588,20250605,1
234588,20250606,1
234588,20250610,1
234588,20250611,1
234588,20250612,1
234588,20250613,1
234589,20250321,1
234589,20250324,1
234589,20250325,1
234589,20250326,1
234589,20250327,1
234589,20250328,1
234589,20250331,1
234589,20250401,1
234589,20250402,1
234589,20250403,1
234589,20250404,1
234589,20250414,1
234589,20250415,1
234589,20250416,1
234589,20250417,1
234589,20250418,1
234589,20250422,1
234589,20250423,1
234589,20250424,1
234589,20250425,1
234589,20250428,1
234589,20250429,1
234589,20250430,1
234589,20250505,1
234589,20250506,1
234589,20250507,1
234589,20250508,1
234589,20250509,1
234589,20250512,1
234589,20250513,1
234589,20250514,1
234589,20250515,1
234589,20250516,1
234589,20250519,1
234589,20250520,1
234589,20250521,1
234589,20250522,1
234589,20250523,1
234589,20250526,1
234589,20250527,1
234589,20250528,1
234589,20250529,1
234589,20250530,1
234589,20250602,1
234589,20250603,1
234589,20250604,1
234589,20250605,1
234589,20250606,1
234589,20250609,1
234589,20250610,1
234589,20250611,1
234589,20250612,1
234589,20250613,1
234590,20250321,1
234590,20250324,1
234590,20250325,1
234590,20250326,1
234590,20250327,1
234590,20250328,1
234590,20250331,1
234590,20250401,1
234590,20250402,1
234590,20250403,1
234590,20250404,1
234590,20250414,1
234590,20250415,1
234590,20250416,1
234590,20250417,1
234590,20250418,1
234590,20250422,1
234590,20250423,1
234590,20250424,1
234590,20250425,1
234590,20250428,1
234590,20250429,1
234590,20250430,1
234590,20250505,1
234590,20250506,1
234590,20250507,1
234590,20250508,1
234590,20250509,1
234590,20250512,1
234590,20250513,1
234590,20250514,1
234590,20250515,1
234590,20250516,1
234590,20250519,1
234590,20250520,1
234590,20250521,1
234590,20250522,1
234590,20250523,1
234590,20250526,1
234590,20250527,1
234590,20250528,1
234590,20250529,1
234590,20250530,1
234590,20250602,1
234590,20250603,1
234590,20250604,1
234590,20250605,1
234590,20250606,1
234590,20250609,1
234590,20250610,1
234590,20250611,1
234590,20250612,1
234590,20250613,1
234591,20250321,1
234591,20250324,1
234591,20250325,1
234591,20250326,1
234591,20250327,1
234591,20250328,1
234591,20250331,1
234591,20250401,1
234591,20250402,1
234591,20250403,1
234591,20250404,1
234591,20250414,1
234591,20250415,1
234591,20250416,1
234591,20250417,1
234591,20250418,1
234591,20250422,1
234591,20250423,1
234591,20250424,1
234591,20250425,1
234591,20250428,1
234591,20250429,1
234591,20250430,1
234591,20250505,1
234591,20250506,1
234591,20250507,1
234591,20250508,1
234591,20250509,1
234591,20250512,1
234591,20250513,1
234591,20250514,1
234591,20250515,1
234591,20250516,1
234591,20250519,1
234591,20250520,1
234591,20250521,1
234591,20250522,1
234591,20250523,1
234591,20250526,1
234591,20250527,1
234591,20250528,1
234591,20250529,1
234591,20250530,1
234591,20250602,1
234591,20250603,1
234591,20250604,1
234591,20250605,1
234591,20250606,1
234591,20250609,1
234591,20250610,1
234591,20250611,1
234591,20250612,1
234591,20250613,1
234592,20250321,1
234592,20250324,1
234592,20250325,1
234592,20250326,1
234592,20250327,1
234592,20250328,1
234592,20250331,1
234592,20250401,1
234592,20250402,1
234592,20250403,1
234592,20250404,1
234592,20250414,1
234592,20250415,1
234592,20250416,1
234592,20250417,1
234592,20250418,1
234592,20250422,1
234592,20250423,1
234592,20250424,1
234592,20250425,1
234592,20250428,1
234592,20250429,1
234592,20250430,1
234592,20250505,1
234592,20250506,1
234592,20250507,1
234592,20250508,1
234592,20250509,1
234592,20250512,1
234592,20250513,1
234592,20250514,1
234592,20250515,1
234592,20250516,1
234592,20250519,1
234592,20250520,1
234592,20250521,1
234592,20250522,1
234592,20250523,1
234592,20250526,1
234592,20250527,1
234592,20250528,1
234592,20250529,1
234592,20250530,1
234592,20250602,1
234592,20250603,1
234592,20250604,1
234592,20250605,1
234592,20250606,1
234592,20250609,1
234592,20250610,1
234592,20250611,1
234592,20250612,1
234592,20250613,1
234593,20250321,1
234593,20250324,1
234593,20250325,1
234593,20250326,1
234593,20250327,1
234593,20250328,1
234593,20250331,1
234593,20250401,1
234593,20250402,1
234593,20250403,1
234593,20250404,1
234593,20250414,1
234593,20250415,1
234593,20250416,1
234593,20250417,1
234593,20250418,1
234593,20250422,1
234593,20250423,1
234593,20250424,1
234593,20250425,1
234593,20250428,1
234593,20250429,1
234593,20250430,1
234593,20250505,1
234593,20250506,1
234593,20250507,1
234593,20250508,1
234593,20250509,1
234593,20250512,1
234593,20250513,1
234593,20250514,1
234593,20250515,1
234593,20250516,1
234593,20250519,1
234593,20250520,1
234593,20250521,1
234593,20250522,1
234593,20250523,1
234593,20250526,1
234593,20250527,1
234593,20250528,1
234593,20250529,1
234593,20250530,1
234593,20250602,1
234593,20250603,1
234593,20250604,1
234593,20250605,1
234593,20250606,1
234593,20250609,1
234593,20250610,1
234593,20250611,1
234593,20250612,1
234593,20250613,1
234594,20250321,1
234594,20250324,1
234594,20250325,1
234594,20250326,1
234594,20250327,1
234594,20250328,1
234594,20250331,1
234594,20250401,1
234594,20250402,1
234594,20250403,1
234594,20250404,1
234594,20250414,1
234594,20250415,1
234594,20250416,1
234594,20250417,1
234594,20250418,1
234594,20250422,1
234594,20250423,1
234594,20250424,1
234594,20250425,1
234594,20250428,1
234594,20250429,1
234594,20250430,1
234594,20250505,1
234594,20250506,1
234594,20250507,1
234594,20250508,1
234594,20250509,1
234594,20250512,1
234594,20250513,1
234594,20250514,1
234594,20250515,1
234594,20250516,1
234594,20250519,1
234594,20250520,1
234594,20250521,1
234594,20250522,1
234594,20250523,1
234594,20250526,1
234594,20250527,1
234594,20250528,1
234594,20250529,1
234594,20250530,1
234594,20250602,1
234594,20250603,1
234594,20250604,1
234594,20250605,1
234594,20250606,1
234594,20250609,1
234594,20250610,1
234594,20250611,1
234594,20250612,1
234594,20250613,1
234595,20250419,1
234595,20250426,1
234595,20250502,1
234596,20250321,1
234596,20250324,1
234596,20250325,1
234596,20250326,1
234596,20250327,1
234596,20250328,1
234596,20250331,1
234596,20250401,1
234596,20250402,1
234596,20250403,1
234596,20250404,1
234596,20250414,1
234596,20250415,1
234596,20250416,1
234596,20250417,1
234596,20250418,1
234596,20250422,1
234596,20250423,1
234596,20250424,1
234596,20250425,1
234596,20250428,1
234596,20250429,1
234596,20250430,1
234596,20250505,1
234596,20250506,1
234596,20250507,1
234596,20250508,1
234596,20250509,1
234596,20250512,1
234596,20250513,1
234596,20250514,1
234596,20250515,1
234596,20250516,1
234596,20250519,1
234596,20250520,1
234596,20250521,1
234596,20250522,1
234596,20250523,1
234596,20250526,1
234596,20250527,1
234596,20250528,1
234596,20250529,1
234596,20250530,1
234596,20250602,1
234596,20250603,1
234596,20250604,1
234596,20250605,1
234596,20250606,1
234596,20250609,1
234596,20250610,1
234596,20250611,1
234596,20250612,1
234596,20250613,1
234597,20250321,1
234597,20250324,1
234597,20250325,1
234597,20250326,1
234597,20250327,1
234597,20250328,1
234597,20250331,1
234597,20250401,1
234597,20250402,1
234597,20250403,1
234597,20250404,1
234597,20250414,1
234597,20250415,1
234597,20250416,1
234597,20250417,1
234597,20250418,1
234597,20250422,1
234597,20250423,1
234597,20250424,1
234597,20250425,1
234597,20250428,1
234597,20250429,1
234597,20250430,1
234597,20250505,1
234597,20250506,1
234597,20250507,1
234597,20250508,1
234597,20250509,1
234597,20250512,1
234597,20250513,1
234597,20250514,1
234597,20250515,1
234597,20250516,1
234597,20250519,1
234597,20250520,1
234597,20250521,1
234597,20250522,1
234597,20250523,1
234597,20250526,1
234597,20250527,1
234597,20250528,1
234597,20250529,1
234597,20250530,1
234597,20250602,1
234597,20250603,1
234597,20250604,1
234597,20250605,1
234597,20250606,1
234597,20250609,1
234597,20250610,1
234597,20250611,1
234597,20250612,1
234597,20250613,1
234598,20250321,1
234598,20250324,1
234598,20250325,1
234598,20250326,1
234598,20250327,1
234598,20250328,1
234598,20250331,1
234598,20250401,1
234598,20250402,1
234598,20250403,1
234598,20250404,1
234598,20250414,1
234598,20250415,1
234598,20250416,1
234598,20250417,1
234598,20250418,1
234598,20250422,1
234598,20250423,1
234598,20250424,1
234598,20250425,1
234598,20250428,1
234598,20250429,1
234598,20250430,1
234598,20250505,1
234598,20250506,1
234598,20250507,1
234598,20250508,1
234598,20250509,1
234598,20250512,1
234598,20250513,1
234598,20250514,1
234598,20250515,1
234598,20250516,1
234598,20250519,1
234598,20250520,1
234598,20250521,1
234598,20250522,1
234598,20250523,1
234598,20250526,1
234598,20250527,1
234598,20250528,1
234598,20250529,1
234598,20250530,1
234598,20250602,1
234598,20250603,1
234598,20250604,1
234598,20250605,1
234598,20250606,1
234598,20250609,1
234598,20250610,1
234598,20250611,1
234598,20250612,1
234598,20250613,1
234599,20250321,1
234599,20250324,1
234599,20250325,1
234599,20250326,1
234599,20250327,1
234599,20250328,1
234599,20250331,1
234599,20250401,1
234599,20250402,1
234599,20250403,1
234599,20250404,1
234599,20250414,1
234599,20250415,1
234599,20250416,1
234599,20250417,1
234599,20250418,1
234599,20250422,1
234599,20250423,1
234599,20250424,1
234599,20250425,1
234599,20250428,1
234599,20250429,1
234599,20250430,1
234599,20250505,1
234599,20250506,1
234599,20250507,1
234599,20250508,1
234599,20250509,1
234599,20250512,1
234599,20250513,1
234599,20250514,1
234599,20250515,1
234599,20250516,1
234599,20250519,1
234599,20250520,1
234599,20250521,1
234599,20250522,1
234599,20250523,1
234599,20250526,1
234599,20250527,1
234599,20250528,1
234599,20250529,1
234599,20250530,1
234599,20250602,1
234599,20250603,1
234599,20250604,1
234599,20250605,1
234599,20250606,1
234599,20250609,1
234599,20250610,1
234599,20250611,1
234599,20250612,1
234599,20250613,1
234600,20250321,1
234600,20250324,1
234600,20250325,1
234600,20250326,1
234600,20250327,1
234600,20250328,1
234600,20250331,1
234600,20250401,1
234600,20250402,1
234600,20250403,1
234600,20250404,1
234600,20250414,1
234600,20250415,1
234600,20250416,1
234600,20250417,1
234600,20250418,1
234600,20250422,1
234600,20250423,1
234600,20250424,1
234600,20250425,1
234600,20250428,1
234600,20250429,1
234600,20250430,1
234600,20250505,1
234600,20250506,1
234600,20250507,1
234600,20250508,1
234600,20250509,1
234600,20250512,1
234600,20250513,1
234600,20250514,1
234600,20250515,1
234600,20250516,1
234600,20250519,1
234600,20250520,1
234600,20250521,1
234600,20250522,1
234600,20250523,1
234600,20250526,1
234600,20250527,1
234600,20250528,1
234600,20250529,1
234600,20250530,1
234600,20250602,1
234600,20250603,1
234600,20250604,1
234600,20250605,1
234600,20250606,1
234600,20250609,1
234600,20250610,1
234600,20250611,1
234600,20250612,1
234600,20250613,1
234601,20250419,1
234601,20250502,1
234602,20250321,1
234602,20250325,1
234602,20250326,1
234602,20250327,1
234602,20250328,1
234602,20250401,1
234602,20250402,1
234602,20250403,1
234602,20250404,1
234602,20250415,1
234602,20250416,1
234602,20250417,1
234602,20250418,1
234602,20250423,1
234602,20250424,1
234602,20250425,1
234602,20250429,1
234602,20250430,1
234602,20250506,1
234602,20250507,1
234602,20250508,1
234602,20250509,1
234602,20250513,1
234602,20250514,1
234602,20250515,1
234602,20250516,1
234602,20250520,1
234602,20250521,1
234602,20250522,1
234602,20250523,1
234602,20250527,1
234602,20250528,1
234602,20250529,1
234602,20250530,1
234602,20250603,1
234602,20250604,1
234602,20250605,1
234602,20250606,1
234602,20250610,1
234602,20250611,1
234602,20250612,1
234602,20250613,1
234603,20250420,1
234603,20250421,1
234603,20250501,1
234604,20250406,1
234604,20250413,1
234604,20250420,1
234604,20250421,1
234604,20250427,1
234604,20250501,1
234604,20250503,1
234604,20250504,1
234605,20250420,1
234605,20250421,1
234605,20250427,1
234605,20250501,1
234605,20250503,1
234605,20250504,1
234606,20250420,1
234606,20250421,1
234606,20250501,1
234607,20250420,1
234607,20250421,1
234607,20250501,1
234608,20250420,1
234608,20250421,1
234608,20250501,1
234608,20250503,1
234608,20250504,1
234609,20250420,1
234609,20250421,1
234609,20250501,1
234609,20250503,1
234609,20250504,1
234610,20250420,1
234610,20250421,1
234610,20250501,1
234610,20250503,1
234610,20250504,1
234611,20250420,1
234611,20250421,1
234611,20250501,1
234611,20250503,1
234611,20250504,1
234612,20250420,1
234612,20250421,1
234612,20250501,1
234612,20250503,1
234612,20250504,1
234613,20250420,1
234613,20250421,1
234613,20250501,1
234614,20250420,1
234614,20250421,1
234614,20250501,1
234614,20250503,1
234614,20250504,1
234615,20250323,1
234615,20250330,1
234615,20250406,1
234615,20250413,1
234615,20250420,1
234615,20250421,1
234615,20250427,1
234615,20250501,1
234615,20250503,1
234615,20250504,1
234615,20250511,1
234615,20250518,1
234615,20250525,1
234615,20250601,1
234615,20250608,1
234616,20250322,1
234616,20250329,1
234616,20250405,1
234616,20250412,1
234616,20250419,1
234616,20250502,1
234616,20250510,1
234616,20250517,1
234616,20250524,1
234616,20250531,1
234616,20250607,1
234616,20250614,1
234617,20250419,1
234617,20250502,1
234618,20250419,1
234618,20250502,1
234619,20250419,1
234619,20250502,1
234620,20250322,1
234620,20250329,1
234620,20250405,1
234620,20250412,1
234620,20250419,1
234620,20250502,1
234620,20250510,1
234620,20250517,1
234620,20250524,1
234620,20250531,1
234620,20250607,1
234620,20250614,1
234621,20250419,1
234621,20250502,1
234622,20250419,1
234622,20250502,1
234623,20250419,1
234623,20250502,1
234624,20250322,1
234624,20250329,1
234624,20250405,1
234624,20250412,1
234624,20250419,1
234624,20250426,1
234624,20250502,1
234624,20250510,1
234624,20250517,1
234624,20250524,1
234624,20250531,1
234624,20250607,1
234624,20250614,1
234625,20250419,1
234625,20250502,1
234625,20250510,1
234625,20250517,1
234625,20250524,1
234625,20250531,1
234625,20250607,1
234625,20250614,1
234626,20250419,1
234626,20250502,1
234627,20250419,1
234627,20250502,1
234628,20250419,1
234628,20250502,1
234629,20250419,1
234629,20250502,1
234630,20250419,1
234630,20250502,1
234631,20250419,1
234631,20250502,1
234632,20250419,1
234632,20250502,1
234633,20250419,1
234633,20250502,1
234634,20250419,1
234634,20250502,1
234635,20250419,1
234635,20250502,1
234636,20250321,1
234636,20250328,1
234636,20250404,1
234636,20250411,1
234636,20250418,1
234636,20250425,1
234636,20250430,1
234636,20250509,1
234636,20250516,1
234636,20250523,1
234636,20250530,1
234636,20250606,1
234636,20250613,1
234637,20250321,1
234637,20250324,1
234637,20250325,1
234637,20250326,1
234637,20250327,1
234637,20250328,1
234637,20250331,1
234637,20250401,1
234637,20250402,1
234637,20250403,1
234637,20250404,1
234637,20250407,1
234637,20250408,1
234637,20250409,1
234637,20250410,1
234637,20250411,1
234637,20250414,1
234637,20250415,1
234637,20250416,1
234637,20250417,1
234637,20250418,1
234637,20250422,1
234637,20250423,1
234637,20250424,1
234637,20250425,1
234637,20250428,1
234637,20250429,1
234637,20250430,1
234637,20250505,1
234637,20250506,1
234637,20250507,1
234637,20250508,1
234637,20250509,1
234637,20250512,1
234637,20250513,1
234637,20250514,1
234637,20250515,1
234637,20250516,1
234637,20250519,1
234637,20250520,1
234637,20250521,1
234637,20250522,1
234637,20250523,1
234637,20250526,1
234637,20250527,1
234637,20250528,1
234637,20250529,1
234637,20250530,1
234637,20250602,1
234637,20250603,1
234637,20250604,1
234637,20250605,1
234637,20250606,1
234637,20250609,1
234637,20250610,1
234637,20250611,1
234637,20250612,1
234637,20250613,1
234638,20250321,1
234638,20250325,1
234638,20250326,1
234638,20250327,1
234638,20250328,1
234638,20250401,1
234638,20250402,1
234638,20250403,1
234638,20250404,1
234638,20250407,1
234638,20250408,1
234638,20250409,1
234638,20250410,1
234638,20250411,1
234638,20250414,1
234638,20250415,1
234638,20250416,1
234638,20250417,1
234638,20250418,1
234638,20250422,1
234638,20250423,1
234638,20250424,1
234638,20250425,1
234638,20250428,1
234638,20250429,1
234638,20250430,1
234638,20250505,1
234638,20250506,1
234638,20250507,1
234638,20250508,1
234638,20250509,1
234638,20250512,1
234638,20250513,1
234638,20250514,1
234638,20250515,1
234638,20250516,1
234638,20250519,1
234638,20250520,1
234638,20250521,1
234638,20250522,1
234638,20250523,1
234638,20250526,1
234638,20250527,1
234638,20250528,1
234638,20250529,1
234638,20250530,1
234638,20250602,1
234638,20250603,1
234638,20250604,1
234638,20250605,1
234638,20250606,1
234638,20250609,1
234638,20250610,1
234638,20250611,1
234638,20250612,1
234638,20250613,1
234639,20250321,1
234639,20250324,1
234639,20250325,1
234639,20250326,1
234639,20250327,1
234639,20250328,1
234639,20250331,1
234639,20250401,1
234639,20250402,1
234639,20250403,1
234639,20250404,1
234639,20250414,1
234639,20250415,1
234639,20250416,1
234639,20250417,1
234639,20250418,1
234639,20250422,1
234639,20250423,1
234639,20250424,1
234639,20250425,1
234639,20250428,1
234639,20250429,1
234639,20250430,1
234639,20250505,1
234639,20250506,1
234639,20250507,1
234639,20250508,1
234639,20250509,1
234639,20250512,1
234639,20250513,1
234639,20250514,1
234639,20250515,1
234639,20250516,1
234639,20250519,1
234639,20250520,1
234639,20250521,1
234639,20250522,1
234639,20250523,1
234639,20250526,1
234639,20250527,1
234639,20250528,1
234639,20250529,1
234639,20250530,1
234639,20250602,1
234639,20250603,1
234639,20250604,1
234639,20250605,1
234639,20250606,1
234639,20250609,1
234639,20250610,1
234639,20250611,1
234639,20250612,1
234639,20250613,1
234640,20250321,1
234640,20250324,1
234640,20250325,1
234640,20250326,1
234640,20250327,1
234640,20250328,1
234640,20250331,1
234640,20250401,1
234640,20250402,1
234640,20250403,1
234640,20250404,1
234640,20250414,1
234640,20250415,1
234640,20250416,1
234640,20250417,1
234640,20250418,1
234640,20250422,1
234640,20250423,1
234640,20250424,1
234640,20250425,1
234640,20250428,1
234640,20250429,1
234640,20250430,1
234640,20250505,1
234640,20250506,1
234640,20250507,1
234640,20250508,1
234640,20250509,1
234640,20250512,1
234640,20250513,1
234640,20250514,1
234640,20250515,1
234640,20250516,1
234640,20250519,1
234640,20250520,1
234640,20250521,1
234640,20250522,1
234640,20250523,1
234640,20250526,1
234640,20250527,1
234640,20250528,1
234640,20250529,1
234640,20250530,1
234640,20250602,1
234640,20250603,1
234640,20250604,1
234640,20250605,1
234640,20250606,1
234640,20250609,1
234640,20250610,1
234640,20250611,1
234640,20250612,1
234640,20250613,1
234641,20250321,1
234641,20250324,1
234641,20250325,1
234641,20250326,1
234641,20250327,1
234641,20250328,1
234641,20250331,1
234641,20250401,1
234641,20250402,1
234641,20250403,1
234641,20250404,1
234641,20250407,1
234641,20250408,1
234641,20250409,1
234641,20250410,1
234641,20250411,1
234641,20250414,1
234641,20250415,1
234641,20250416,1
234641,20250417,1
234641,20250418,1
234641,20250422,1
234641,20250423,1
234641,20250424,1
234641,20250425,1
234641,20250428,1
234641,20250429,1
234641,20250430,1
234641,20250505,1
234641,20250506,1
234641,20250507,1
234641,20250508,1
234641,20250509,1
234641,20250512,1
234641,20250513,1
234641,20250514,1
234641,20250515,1
234641,20250516,1
234641,20250519,1
234641,20250520,1
234641,20250521,1
234641,20250522,1
234641,20250523,1
234641,20250526,1
234641,20250527,1
234641,20250528,1
234641,20250529,1
234641,20250530,1
234641,20250602,1
234641,20250603,1
234641,20250604,1
234641,20250605,1
234641,20250606,1
234641,20250609,1
234641,20250610,1
234641,20250611,1
234641,20250612,1
234641,20250613,1
234642,20250321,1
234642,20250324,1
234642,20250325,1
234642,20250326,1
234642,20250327,1
234642,20250328,1
234642,20250331,1
234642,20250401,1
234642,20250402,1
234642,20250403,1
234642,20250404,1
234642,20250414,1
234642,20250415,1
234642,20250416,1
234642,20250417,1
234642,20250418,1
234642,20250422,1
234642,20250423,1
234642,20250424,1
234642,20250425,1
234642,20250428,1
234642,20250429,1
234642,20250430,1
234642,20250505,1
234642,20250506,1
234642,20250507,1
234642,20250508,1
234642,20250509,1
234642,20250512,1
234642,20250513,1
234642,20250514,1
234642,20250515,1
234642,20250516,1
234642,20250519,1
234642,20250520,1
234642,20250521,1
234642,20250522,1
234642,20250523,1
234642,20250526,1
234642,20250527,1
234642,20250528,1
234642,20250529,1
234642,20250530,1
234642,20250602,1
234642,20250603,1
234642,20250604,1
234642,20250605,1
234642,20250606,1
234642,20250609,1
234642,20250610,1
234642,20250611,1
234642,20250612,1
234642,20250613,1
234643,20250420,1
234643,20250421,1
234643,20250427,1
234643,20250501,1
234644,20250420,1
234644,20250421,1
234644,20250427,1
234644,20250501,1
234644,20250503,1
234644,20250504,1
234645,20250420,1
234645,20250421,1
234645,20250501,1
234645,20250503,1
234645,20250504,1
234646,20250406,1
234646,20250413,1
234646,20250420,1
234646,20250421,1
234646,20250427,1
234646,20250501,1
234646,20250503,1
234646,20250504,1
234647,20250420,1
234647,20250421,1
234647,20250501,1
234647,20250503,1
234647,20250504,1
234648,20250323,1
234648,20250330,1
234648,20250406,1
234648,20250413,1
234648,20250420,1
234648,20250421,1
234648,20250501,1
234648,20250503,1
234648,20250504,1
234648,20250511,1
234648,20250518,1
234648,20250525,1
234648,20250601,1
234648,20250608,1
234649,20250420,1
234649,20250421,1
234649,20250501,1
234649,20250503,1
234649,20250504,1
234650,20250420,1
234650,20250421,1
234650,20250501,1
234650,20250503,1
234650,20250504,1
234651,20250420,1
234651,20250421,1
234652,20250420,1
234652,20250421,1
234652,20250501,1
234652,20250503,1
234652,20250504,1
234653,20250420,1
234653,20250421,1
234653,20250501,1
234653,20250503,1
234653,20250504,1
234654,20250420,1
234654,20250421,1
234654,20250501,1
234654,20250503,1
234654,20250504,1
234655,20250407,1
234655,20250408,1
234655,20250409,1
234655,20250410,1
234655,20250411,1
234656,20250501,1
234657,20250501,1
234658,20250501,1
234659,20250420,1
234659,20250421,1
234659,20250427,1
234659,20250501,1
234659,20250503,1
234659,20250504,1
234660,20250420,1
234660,20250421,1
234660,20250427,1
234660,20250501,1
234660,20250503,1
234660,20250504,1
234661,20250321,1
234661,20250324,1
234661,20250325,1
234661,20250326,1
234661,20250327,1
234661,20250328,1
234661,20250331,1
234661,20250401,1
234661,20250402,1
234661,20250403,1
234661,20250404,1
234661,20250414,1
234661,20250415,1
234661,20250416,1
234661,20250417,1
234661,20250418,1
234661,20250422,1
234661,20250423,1
234661,20250424,1
234661,20250425,1
234661,20250428,1
234661,20250429,1
234661,20250430,1
234661,20250505,1
234661,20250506,1
234661,20250507,1
234661,20250508,1
234661,20250509,1
234661,20250512,1
234661,20250513,1
234661,20250514,1
234661,20250515,1
234661,20250516,1
234661,20250519,1
234661,20250520,1
234661,20250521,1
234661,20250522,1
234661,20250523,1
234661,20250526,1
234661,20250527,1
234661,20250528,1
234661,20250529,1
234661,20250530,1
234661,20250602,1
234661,20250603,1
234661,20250604,1
234661,20250605,1
234661,20250606,1
234661,20250609,1
234661,20250610,1
234661,20250611,1
234661,20250612,1
234661,20250613,1
234662,20250321,1
234662,20250324,1
234662,20250325,1
234662,20250326,1
234662,20250327,1
234662,20250328,1
234662,20250331,1
234662,20250401,1
234662,20250402,1
234662,20250403,1
234662,20250404,1
234662,20250414,1
234662,20250415,1
234662,20250416,1
234662,20250417,1
234662,20250418,1
234662,20250422,1
234662,20250423,1
234662,20250424,1
234662,20250425,1
234662,20250428,1
234662,20250429,1
234662,20250430,1
234662,20250505,1
234662,20250506,1
234662,20250507,1
234662,20250508,1
234662,20250509,1
234662,20250512,1
234662,20250513,1
234662,20250514,1
234662,20250515,1
234662,20250516,1
234662,20250519,1
234662,20250520,1
234662,20250521,1
234662,20250522,1
234662,20250523,1
234662,20250526,1
234662,20250527,1
234662,20250528,1
234662,20250529,1
234662,20250530,1
234662,20250602,1
234662,20250603,1
234662,20250604,1
234662,20250605,1
234662,20250606,1
234662,20250609,1
234662,20250610,1
234662,20250611,1
234662,20250612,1
234662,20250613,1
234663,20250321,1
234663,20250324,1
234663,20250325,1
234663,20250326,1
234663,20250327,1
234663,20250328,1
234663,20250331,1
234663,20250401,1
234663,20250402,1
234663,20250403,1
234663,20250404,1
234663,20250407,1
234663,20250408,1
234663,20250409,1
234663,20250410,1
234663,20250411,1
234663,20250414,1
234663,20250415,1
234663,20250416,1
234663,20250417,1
234663,20250418,1
234663,20250422,1
234663,20250423,1
234663,20250424,1
234663,20250425,1
234663,20250428,1
234663,20250429,1
234663,20250430,1
234663,20250505,1
234663,20250506,1
234663,20250507,1
234663,20250508,1
234663,20250509,1
234663,20250512,1
234663,20250513,1
234663,20250514,1
234663,20250515,1
234663,20250516,1
234663,20250519,1
234663,20250520,1
234663,20250521,1
234663,20250522,1
234663,20250523,1
234663,20250526,1
234663,20250527,1
234663,20250528,1
234663,20250529,1
234663,20250530,1
234663,20250602,1
234663,20250603,1
234663,20250604,1
234663,20250605,1
234663,20250606,1
234663,20250609,1
234663,20250610,1
234663,20250611,1
234663,20250612,1
234663,20250613,1
234664,20250321,1
234664,20250324,1
234664,20250325,1
234664,20250326,1
234664,20250327,1
234664,20250328,1
234664,20250331,1
234664,20250401,1
234664,20250402,1
234664,20250403,1
234664,20250404,1
234664,20250414,1
234664,20250415,1
234664,20250416,1
234664,20250417,1
234664,20250418,1
234664,20250422,1
234664,20250423,1
234664,20250424,1
234664,20250425,1
234664,20250428,1
234664,20250429,1
234664,20250430,1
234664,20250505,1
234664,20250506,1
234664,20250507,1
234664,20250508,1
234664,20250509,1
234664,20250512,1
234664,20250513,1
234664,20250514,1
234664,20250515,1
234664,20250516,1
234664,20250519,1
234664,20250520,1
234664,20250521,1
234664,20250522,1
234664,20250523,1
234664,20250526,1
234664,20250527,1
234664,20250528,1
234664,20250529,1
234664,20250530,1
234664,20250602,1
234664,20250603,1
234664,20250604,1
234664,20250605,1
234664,20250606,1
234664,20250609,1
234664,20250610,1
234664,20250611,1
234664,20250612,1
234664,20250613,1
234665,20250321,1
234665,20250324,1
234665,20250325,1
234665,20250326,1
234665,20250327,1
234665,20250328,1
234665,20250331,1
234665,20250401,1
234665,20250402,1
234665,20250403,1
234665,20250404,1
234665,20250414,1
234665,20250415,1
234665,20250416,1
234665,20250417,1
234665,20250418,1
234665,20250422,1
234665,20250423,1
234665,20250424,1
234665,20250425,1
234665,20250428,1
234665,20250429,1
234665,20250430,1
234665,20250505,1
234665,20250506,1
234665,20250507,1
234665,20250508,1
234665,20250509,1
234665,20250512,1
234665,20250513,1
234665,20250514,1
234665,20250515,1
234665,20250516,1
234665,20250519,1
234665,20250520,1
234665,20250521,1
234665,20250522,1
234665,20250523,1
234665,20250526,1
234665,20250527,1
234665,20250528,1
234665,20250529,1
234665,20250530,1
234665,20250602,1
234665,20250603,1
234665,20250604,1
234665,20250605,1
234665,20250606,1
234665,20250609,1
234665,20250610,1
234665,20250611,1
234665,20250612,1
234665,20250613,1
234666,20250321,1
234666,20250324,1
234666,20250325,1
234666,20250326,1
234666,20250327,1
234666,20250328,1
234666,20250331,1
234666,20250401,1
234666,20250402,1
234666,20250403,1
234666,20250404,1
234666,20250414,1
234666,20250415,1
234666,20250416,1
234666,20250417,1
234666,20250418,1
234666,20250422,1
234666,20250423,1
234666,20250424,1
234666,20250425,1
234666,20250428,1
234666,20250429,1
234666,20250430,1
234666,20250505,1
234666,20250506,1
234666,20250507,1
234666,20250508,1
234666,20250509,1
234666,20250512,1
234666,20250513,1
234666,20250514,1
234666,20250515,1
234666,20250516,1
234666,20250519,1
234666,20250520,1
234666,20250521,1
234666,20250522,1
234666,20250523,1
234666,20250526,1
234666,20250527,1
234666,20250528,1
234666,20250529,1
234666,20250530,1
234666,20250602,1
234666,20250603,1
234666,20250604,1
234666,20250605,1
234666,20250606,1
234666,20250609,1
234666,20250610,1
234666,20250611,1
234666,20250612,1
234666,20250613,1
234667,20250321,1
234667,20250324,1
234667,20250325,1
234667,20250326,1
234667,20250327,1
234667,20250328,1
234667,20250331,1
234667,20250401,1
234667,20250402,1
234667,20250403,1
234667,20250404,1
234667,20250414,1
234667,20250415,1
234667,20250416,1
234667,20250417,1
234667,20250418,1
234667,20250422,1
234667,20250423,1
234667,20250424,1
234667,20250425,1
234667,20250428,1
234667,20250429,1
234667,20250430,1
234667,20250505,1
234667,20250506,1
234667,20250507,1
234667,20250508,1
234667,20250509,1
234667,20250512,1
234667,20250513,1
234667,20250514,1
234667,20250515,1
234667,20250516,1
234667,20250519,1
234667,20250520,1
234667,20250521,1
234667,20250522,1
234667,20250523,1
234667,20250526,1
234667,20250527,1
234667,20250528,1
234667,20250529,1
234667,20250530,1
234667,20250602,1
234667,20250603,1
234667,20250604,1
234667,20250605,1
234667,20250606,1
234667,20250609,1
234667,20250610,1
234667,20250611,1
234667,20250612,1
234667,20250613,1
234668,20250321,1
234668,20250324,1
234668,20250325,1
234668,20250326,1
234668,20250327,1
234668,20250328,1
234668,20250331,1
234668,20250401,1
234668,20250402,1
234668,20250403,1
234668,20250404,1
234668,20250414,1
234668,20250415,1
234668,20250416,1
234668,20250417,1
234668,20250418,1
234668,20250422,1
234668,20250423,1
234668,20250424,1
234668,20250425,1
234668,20250428,1
234668,20250429,1
234668,20250430,1
234668,20250505,1
234668,20250506,1
234668,20250507,1
234668,20250508,1
234668,20250509,1
234668,20250512,1
234668,20250513,1
234668,20250514,1
234668,20250515,1
234668,20250516,1
234668,20250519,1
234668,20250520,1
234668,20250521,1
234668,20250522,1
234668,20250523,1
234668,20250526,1
234668,20250527,1
234668,20250528,1
234668,20250529,1
234668,20250530,1
234668,20250602,1
234668,20250603,1
234668,20250604,1
234668,20250605,1
234668,20250606,1
234668,20250609,1
234668,20250610,1
234668,20250611,1
234668,20250612,1
234668,20250613,1
234669,20250321,1
234669,20250324,1
234669,20250325,1
234669,20250326,1
234669,20250327,1
234669,20250328,1
234669,20250331,1
234669,20250401,1
234669,20250402,1
234669,20250403,1
234669,20250404,1
234669,20250414,1
234669,20250415,1
234669,20250416,1
234669,20250417,1
234669,20250418,1
234669,20250422,1
234669,20250423,1
234669,20250424,1
234669,20250425,1
234669,20250428,1
234669,20250429,1
234669,20250430,1
234669,20250505,1
234669,20250506,1
234669,20250507,1
234669,20250508,1
234669,20250509,1
234669,20250512,1
234669,20250513,1
234669,20250514,1
234669,20250515,1
234669,20250516,1
234669,20250519,1
234669,20250520,1
234669,20250521,1
234669,20250522,1
234669,20250523,1
234669,20250526,1
234669,20250527,1
234669,20250528,1
234669,20250529,1
234669,20250530,1
234669,20250602,1
234669,20250603,1
234669,20250604,1
234669,20250605,1
234669,20250606,1
234669,20250609,1
234669,20250610,1
234669,20250611,1
234669,20250612,1
234669,20250613,1
234670,20250510,1
234670,20250517,1
234670,20250524,1
234670,20250531,1
234670,20250607,1
234670,20250614,1
234671,20250407,1
234671,20250408,1
234671,20250409,1
234671,20250410,1
234671,20250411,1
234672,20250407,1
234672,20250408,1
234672,20250409,1
234672,20250410,1
234672,20250411,1
234673,20250407,1
234673,20250408,1
234673,20250409,1
234673,20250410,1
234673,20250411,1
234674,20250407,1
234674,20250408,1
234674,20250409,1
234674,20250410,1
234674,20250411,1
234675,20250407,1
234675,20250408,1
234675,20250409,1
234675,20250410,1
234675,20250411,1
234676,20250407,1
234676,20250408,1
234676,20250409,1
234676,20250410,1
234676,20250411,1
234677,20250407,1
234677,20250408,1
234677,20250409,1
234677,20250410,1
234677,20250411,1
234678,20250407,1
234678,20250408,1
234678,20250409,1
234678,20250410,1
234678,20250411,1
234679,20250407,1
234679,20250408,1
234679,20250409,1
234679,20250410,1
234679,20250411,1
234680,20250407,1
234680,20250408,1
234680,20250409,1
234680,20250410,1
234680,20250411,1
234681,20250407,1
234681,20250408,1
234681,20250409,1
234681,20250410,1
234681,20250411,1
234682,20250419,1
234682,20250502,1
234683,20250321,1
234683,20250324,1
234683,20250325,1
234683,20250326,1
234683,20250327,1
234683,20250328,1
234683,20250331,1
234683,20250401,1
234683,20250402,1
234683,20250403,1
234683,20250404,1
234683,20250414,1
234683,20250415,1
234683,20250416,1
234683,20250417,1
234683,20250418,1
234683,20250422,1
234683,20250423,1
234683,20250424,1
234683,20250425,1
234683,20250428,1
234683,20250429,1
234683,20250430,1
234683,20250505,1
234683,20250506,1
234683,20250507,1
234683,20250508,1
234683,20250509,1
234683,20250512,1
234683,20250513,1
234683,20250514,1
234683,20250515,1
234683,20250516,1
234683,20250519,1
234683,20250520,1
234683,20250521,1
234683,20250522,1
234683,20250523,1
234683,20250526,1
234683,20250527,1
234683,20250528,1
234683,20250529,1
234683,20250530,1
234683,20250602,1
234683,20250603,1
234683,20250604,1
234683,20250605,1
234683,20250606,1
234683,20250609,1
234683,20250610,1
234683,20250611,1
234683,20250612,1
234683,20250613,1
234684,20250321,1
234684,20250324,1
234684,20250325,1
234684,20250326,1
234684,20250327,1
234684,20250328,1
234684,20250331,1
234684,20250401,1
234684,20250402,1
234684,20250403,1
234684,20250404,1
234684,20250414,1
234684,20250415,1
234684,20250416,1
234684,20250417,1
234684,20250418,1
234684,20250422,1
234684,20250423,1
234684,20250424,1
234684,20250425,1
234684,20250428,1
234684,20250429,1
234684,20250430,1
234684,20250505,1
234684,20250506,1
234684,20250507,1
234684,20250508,1
234684,20250509,1
234684,20250512,1
234684,20250513,1
234684,20250514,1
234684,20250515,1
234684,20250516,1
234684,20250519,1
234684,20250520,1
234684,20250521,1
234684,20250522,1
234684,20250523,1
234684,20250526,1
234684,20250527,1
234684,20250528,1
234684,20250529,1
234684,20250530,1
234684,20250602,1
234684,20250603,1
234684,20250604,1
234684,20250605,1
234684,20250606,1
234684,20250609,1
234684,20250610,1
234684,20250611,1
234684,20250612,1
234684,20250613,1
234685,20250321,1
234685,20250324,1
234685,20250325,1
234685,20250326,1
234685,20250327,1
234685,20250328,1
234685,20250331,1
234685,20250401,1
234685,20250402,1
234685,20250403,1
234685,20250404,1
234685,20250414,1
234685,20250415,1
234685,20250416,1
234685,20250417,1
234685,20250418,1
234685,20250422,1
234685,20250423,1
234685,20250424,1
234685,20250425,1
234685,20250428,1
234685,20250429,1
234685,20250430,1
234685,20250505,1
234685,20250506,1
234685,20250507,1
234685,20250508,1
234685,20250509,1
234685,20250512,1
234685,20250513,1
234685,20250514,1
234685,20250515,1
234685,20250516,1
234685,20250519,1
234685,20250520,1
234685,20250521,1
234685,20250522,1
234685,20250523,1
234685,20250526,1
234685,20250527,1
234685,20250528,1
234685,20250529,1
234685,20250530,1
234685,20250602,1
234685,20250603,1
234685,20250604,1
234685,20250605,1
234685,20250606,1
234685,20250609,1
234685,20250610,1
234685,20250611,1
234685,20250612,1
234685,20250613,1
234686,20250321,1
234686,20250324,1
234686,20250325,1
234686,20250326,1
234686,20250327,1
234686,20250328,1
234686,20250331,1
234686,20250401,1
234686,20250402,1
234686,20250403,1
234686,20250404,1
234686,20250407,1
234686,20250408,1
234686,20250409,1
234686,20250410,1
234686,20250411,1
234686,20250414,1
234686,20250415,1
234686,20250416,1
234686,20250417,1
234686,20250418,1
234686,20250422,1
234686,20250423,1
234686,20250424,1
234686,20250425,1
234686,20250428,1
234686,20250429,1
234686,20250430,1
234686,20250505,1
234686,20250506,1
234686,20250507,1
234686,20250508,1
234686,20250509,1
234686,20250512,1
234686,20250513,1
234686,20250514,1
234686,20250515,1
234686,20250516,1
234686,20250519,1
234686,20250520,1
234686,20250521,1
234686,20250522,1
234686,20250523,1
234686,20250526,1
234686,20250527,1
234686,20250528,1
234686,20250529,1
234686,20250530,1
234686,20250602,1
234686,20250603,1
234686,20250604,1
234686,20250605,1
234686,20250606,1
234686,20250609,1
234686,20250610,1
234686,20250611,1
234686,20250612,1
234686,20250613,1
234687,20250321,1
234687,20250324,1
234687,20250325,1
234687,20250326,1
234687,20250327,1
234687,20250328,1
234687,20250331,1
234687,20250401,1
234687,20250402,1
234687,20250403,1
234687,20250404,1
234687,20250414,1
234687,20250415,1
234687,20250416,1
234687,20250417,1
234687,20250418,1
234687,20250422,1
234687,20250423,1
234687,20250424,1
234687,20250425,1
234687,20250428,1
234687,20250429,1
234687,20250430,1
234687,20250505,1
234687,20250506,1
234687,20250507,1
234687,20250508,1
234687,20250509,1
234687,20250512,1
234687,20250513,1
234687,20250514,1
234687,20250515,1
234687,20250516,1
234687,20250519,1
234687,20250520,1
234687,20250521,1
234687,20250522,1
234687,20250523,1
234687,20250526,1
234687,20250527,1
234687,20250528,1
234687,20250529,1
234687,20250530,1
234687,20250602,1
234687,20250603,1
234687,20250604,1
234687,20250605,1
234687,20250606,1
234687,20250609,1
234687,20250610,1
234687,20250611,1
234687,20250612,1
234687,20250613,1
234688,20250321,1
234688,20250324,1
234688,20250325,1
234688,20250326,1
234688,20250327,1
234688,20250328,1
234688,20250331,1
234688,20250401,1
234688,20250402,1
234688,20250403,1
234688,20250404,1
234688,20250414,1
234688,20250415,1
234688,20250416,1
234688,20250417,1
234688,20250418,1
234688,20250422,1
234688,20250423,1
234688,20250424,1
234688,20250425,1
234688,20250428,1
234688,20250429,1
234688,20250430,1
234688,20250505,1
234688,20250506,1
234688,20250507,1
234688,20250508,1
234688,20250509,1
234688,20250512,1
234688,20250513,1
234688,20250514,1
234688,20250515,1
234688,20250516,1
234688,20250519,1
234688,20250520,1
234688,20250521,1
234688,20250522,1
234688,20250523,1
234688,20250526,1
234688,20250527,1
234688,20250528,1
234688,20250529,1
234688,20250530,1
234688,20250602,1
234688,20250603,1
234688,20250604,1
234688,20250605,1
234688,20250606,1
234688,20250609,1
234688,20250610,1
234688,20250611,1
234688,20250612,1
234688,20250613,1
234689,20250321,1
234689,20250324,1
234689,20250325,1
234689,20250326,1
234689,20250327,1
234689,20250328,1
234689,20250331,1
234689,20250401,1
234689,20250402,1
234689,20250403,1
234689,20250404,1
234689,20250414,1
234689,20250415,1
234689,20250416,1
234689,20250417,1
234689,20250418,1
234689,20250419,1
234689,20250422,1
234689,20250423,1
234689,20250424,1
234689,20250425,1
234689,20250428,1
234689,20250429,1
234689,20250430,1
234689,20250502,1
234689,20250505,1
234689,20250506,1
234689,20250507,1
234689,20250508,1
234689,20250509,1
234689,20250512,1
234689,20250513,1
234689,20250514,1
234689,20250515,1
234689,20250516,1
234689,20250519,1
234689,20250520,1
234689,20250521,1
234689,20250522,1
234689,20250523,1
234689,20250526,1
234689,20250527,1
234689,20250528,1
234689,20250529,1
234689,20250530,1
234689,20250602,1
234689,20250603,1
234689,20250604,1
234689,20250605,1
234689,20250606,1
234689,20250609,1
234689,20250610,1
234689,20250611,1
234689,20250612,1
234689,20250613,1
234690,20250407,1
234690,20250408,1
234690,20250409,1
234690,20250410,1
234690,20250411,1
234691,20250407,1
234691,20250408,1
234691,20250409,1
234691,20250410,1
234691,20250411,1
234692,20250407,1
234692,20250408,1
234692,20250409,1
234692,20250410,1
234692,20250411,1
234693,20250427,1
234694,20250510,1
234694,20250517,1
234694,20250524,1
234694,20250531,1
234694,20250607,1
234694,20250614,1
234695,20250420,1
234695,20250421,1
234695,20250501,1
234695,20250503,1
234695,20250504,1
234696,20250406,1
234696,20250413,1
234696,20250420,1
234696,20250421,1
234696,20250427,1
234696,20250501,1
234696,20250503,1
234696,20250504,1
234696,20250511,1
234696,20250518,1
234696,20250525,1
234696,20250601,1
234696,20250608,1
234697,20250420,1
234697,20250421,1
234697,20250501,1
234697,20250503,1
234697,20250504,1
234698,20250420,1
234698,20250421,1
234698,20250501,1
234698,20250503,1
234698,20250504,1
234699,20250501,1
234700,20250420,1
234700,20250421,1
234700,20250501,1
234700,20250503,1
234700,20250504,1
234701,20250321,1
234701,20250324,1
234701,20250325,1
234701,20250326,1
234701,20250327,1
234701,20250328,1
234701,20250331,1
234701,20250401,1
234701,20250402,1
234701,20250403,1
234701,20250404,1
234701,20250407,1
234701,20250408,1
234701,20250409,1
234701,20250410,1
234701,20250411,1
234701,20250414,1
234701,20250415,1
234701,20250416,1
234701,20250417,1
234701,20250418,1
234701,20250422,1
234701,20250423,1
234701,20250424,1
234701,20250425,1
234701,20250428,1
234701,20250429,1
234701,20250430,1
234701,20250505,1
234701,20250506,1
234701,20250507,1
234701,20250508,1
234701,20250509,1
234701,20250512,1
234701,20250513,1
234701,20250514,1
234701,20250515,1
234701,20250516,1
234701,20250519,1
234701,20250520,1
234701,20250521,1
234701,20250522,1
234701,20250523,1
234701,20250526,1
234701,20250527,1
234701,20250528,1
234701,20250529,1
234701,20250530,1
234701,20250602,1
234701,20250603,1
234701,20250604,1
234701,20250605,1
234701,20250606,1
234701,20250609,1
234701,20250610,1
234701,20250611,1
234701,20250612,1
234701,20250613,1
234702,20250321,1
234702,20250324,1
234702,20250325,1
234702,20250326,1
234702,20250327,1
234702,20250328,1
234702,20250331,1
234702,20250401,1
234702,20250402,1
234702,20250403,1
234702,20250404,1
234702,20250414,1
234702,20250415,1
234702,20250416,1
234702,20250417,1
234702,20250418,1
234702,20250422,1
234702,20250423,1
234702,20250424,1
234702,20250425,1
234702,20250428,1
234702,20250429,1
234702,20250430,1
234702,20250505,1
234702,20250506,1
234702,20250507,1
234702,20250508,1
234702,20250509,1
234702,20250512,1
234702,20250513,1
234702,20250514,1
234702,20250515,1
234702,20250516,1
234702,20250519,1
234702,20250520,1
234702,20250521,1
234702,20250522,1
234702,20250523,1
234702,20250526,1
234702,20250527,1
234702,20250528,1
234702,20250529,1
234702,20250530,1
234702,20250602,1
234702,20250603,1
234702,20250604,1
234702,20250605,1
234702,20250606,1
234702,20250609,1
234702,20250610,1
234702,20250611,1
234702,20250612,1
234702,20250613,1
234703,20250321,1
234703,20250324,1
234703,20250325,1
234703,20250326,1
234703,20250327,1
234703,20250328,1
234703,20250331,1
234703,20250401,1
234703,20250402,1
234703,20250403,1
234703,20250404,1
234703,20250414,1
234703,20250415,1
234703,20250416,1
234703,20250417,1
234703,20250418,1
234703,20250422,1
234703,20250423,1
234703,20250424,1
234703,20250425,1
234703,20250428,1
234703,20250429,1
234703,20250430,1
234703,20250505,1
234703,20250506,1
234703,20250507,1
234703,20250508,1
234703,20250509,1
234703,20250512,1
234703,20250513,1
234703,20250514,1
234703,20250515,1
234703,20250516,1
234703,20250519,1
234703,20250520,1
234703,20250521,1
234703,20250522,1
234703,20250523,1
234703,20250526,1
234703,20250527,1
234703,20250528,1
234703,20250529,1
234703,20250530,1
234703,20250602,1
234703,20250603,1
234703,20250604,1
234703,20250605,1
234703,20250606,1
234703,20250609,1
234703,20250610,1
234703,20250611,1
234703,20250612,1
234703,20250613,1
234704,20250420,1
234704,20250421,1
234704,20250501,1
234704,20250503,1
234704,20250504,1
234705,20250420,1
234705,20250421,1
234705,20250501,1
234705,20250511,1
234705,20250518,1
234705,20250525,1
234705,20250601,1
234705,20250608,1
234706,20250420,1
234706,20250421,1
234706,20250501,1
234706,20250503,1
234706,20250504,1
234707,20250420,1
234707,20250421,1
234707,20250501,1
234708,20250420,1
234708,20250421,1
234708,20250427,1
234708,20250501,1
234709,20250420,1
234709,20250421,1
234710,20250407,1
234710,20250408,1
234710,20250409,1
234710,20250410,1
234710,20250411,1
234711,20250407,1
234711,20250408,1
234711,20250409,1
234711,20250410,1
234711,20250411,1
234712,20250427,1
234713,20250420,1
234713,20250421,1
234713,20250503,1
234713,20250504,1
234714,20250427,1
234714,20250501,1
234715,20250420,1
234715,20250421,1
234716,20250420,1
234716,20250421,1
234716,20250501,1
234716,20250503,1
234716,20250504,1
234717,20250420,1
234717,20250421,1
234717,20250503,1
234717,20250504,1
234718,20250324,1
234718,20250325,1
234718,20250326,1
234718,20250327,1
234718,20250331,1
234718,20250401,1
234718,20250402,1
234718,20250403,1
234718,20250407,1
234718,20250408,1
234718,20250409,1
234718,20250410,1
234718,20250414,1
234718,20250415,1
234718,20250416,1
234718,20250417,1
234718,20250422,1
234718,20250423,1
234718,20250424,1
234718,20250428,1
234718,20250429,1
234718,20250505,1
234718,20250506,1
234718,20250507,1
234718,20250508,1
234718,20250512,1
234718,20250513,1
234718,20250514,1
234718,20250515,1
234718,20250519,1
234718,20250520,1
234718,20250521,1
234718,20250522,1
234718,20250526,1
234718,20250527,1
234718,20250528,1
234718,20250529,1
234718,20250602,1
234718,20250603,1
234718,20250604,1
234718,20250605,1
234718,20250609,1
234718,20250610,1
234718,20250611,1
234718,20250612,1
234719,20250321,1
234719,20250328,1
234720,20250511,1
234720,20250518,1
234720,20250525,1
234720,20250601,1
234720,20250608,1
234721,20250501,1
234722,20250405,1
234722,20250412,1
234723,20250407,1
234723,20250408,1
234723,20250409,1
234723,20250410,1
234723,20250411,1
234724,20250323,1
234724,20250330,1
234724,20250406,1
234724,20250413,1
234724,20250511,1
234724,20250518,1
234724,20250525,1
234724,20250601,1
234724,20250608,1
234725,20250323,1
234725,20250330,1
234725,20250406,1
234725,20250413,1
234725,20250511,1
234725,20250518,1
234725,20250525,1
234725,20250601,1
234725,20250608,1
234726,20250322,1
234726,20250329,1
234726,20250405,1
234726,20250412,1
234726,20250510,1
234726,20250517,1
234726,20250524,1
234726,20250531,1
234726,20250607,1
234726,20250614,1
234727,20250406,1
234727,20250413,1
234728,20250405,1
234728,20250412,1
234728,20250510,1
234728,20250517,1
234728,20250524,1
234728,20250531,1
234728,20250607,1
234728,20250614,1
234729,20250322,1
234729,20250329,1
234729,20250405,1
234729,20250412,1
234729,20250510,1
234729,20250517,1
234729,20250524,1
234729,20250531,1
234729,20250607,1
234729,20250614,1
234730,20250501,1
234730,20250503,1
234730,20250504,1
234731,20250510,1
234731,20250517,1
234731,20250524,1
234731,20250531,1
234731,20250607,1
234731,20250614,1
234732,20250511,1
234732,20250518,1
234732,20250525,1
234732,20250601,1
234732,20250608,1
234733,20250511,1
234733,20250518,1
234733,20250525,1
234733,20250601,1
234733,20250608,1
234734,20250511,1
234734,20250518,1
234734,20250525,1
234734,20250601,1
234734,20250608,1
234735,20250323,1
234735,20250330,1
234735,20250406,1
234735,20250413,1
234735,20250420,1
234735,20250421,1
234735,20250427,1
234735,20250501,1
234735,20250503,1
234735,20250504,1
234735,20250511,1
234735,20250518,1
234735,20250525,1
234735,20250601,1
234735,20250608,1
234736,20250420,1
234736,20250421,1
234736,20250427,1
234736,20250501,1
234736,20250503,1
234736,20250504,1
234737,20250420,1
234737,20250421,1
234737,20250501,1
234738,20250420,1
234738,20250421,1
234738,20250501,1
234738,20250503,1
234738,20250504,1
234739,20250420,1
234739,20250421,1
234739,20250501,1
234739,20250503,1
234739,20250504,1
234740,20250420,1
234740,20250421,1
234741,20250323,1
234741,20250330,1
234741,20250421,1
234741,20250427,1
234741,20250504,1
234741,20250511,1
234741,20250518,1
234741,20250525,1
234741,20250601,1
234741,20250608,1
234742,20250501,1
234743,20250420,1
234743,20250421,1
234743,20250501,1
234743,20250503,1
234743,20250504,1
234744,20250420,1
234744,20250421,1
234744,20250501,1
234744,20250503,1
234744,20250504,1
234745,20250321,1
234745,20250324,1
234745,20250325,1
234745,20250326,1
234745,20250327,1
234745,20250328,1
234745,20250331,1
234745,20250401,1
234745,20250402,1
234745,20250403,1
234745,20250404,1
234745,20250414,1
234745,20250415,1
234745,20250416,1
234745,20250417,1
234745,20250418,1
234745,20250422,1
234745,20250423,1
234745,20250424,1
234745,20250425,1
234745,20250428,1
234745,20250429,1
234745,20250430,1
234745,20250505,1
234745,20250506,1
234745,20250507,1
234745,20250508,1
234745,20250509,1
234745,20250512,1
234745,20250513,1
234745,20250514,1
234745,20250515,1
234745,20250516,1
234745,20250519,1
234745,20250520,1
234745,20250521,1
234745,20250522,1
234745,20250523,1
234745,20250526,1
234745,20250527,1
234745,20250528,1
234745,20250529,1
234745,20250530,1
234745,20250602,1
234745,20250603,1
234745,20250604,1
234745,20250605,1
234745,20250606,1
234745,20250609,1
234745,20250610,1
234745,20250611,1
234745,20250612,1
234745,20250613,1
234746,20250321,1
234746,20250324,1
234746,20250325,1
234746,20250326,1
234746,20250327,1
234746,20250328,1
234746,20250331,1
234746,20250401,1
234746,20250402,1
234746,20250403,1
234746,20250404,1
234746,20250407,1
234746,20250408,1
234746,20250409,1
234746,20250410,1
234746,20250411,1
234746,20250414,1
234746,20250415,1
234746,20250416,1
234746,20250417,1
234746,20250418,1
234746,20250422,1
234746,20250423,1
234746,20250424,1
234746,20250425,1
234746,20250428,1
234746,20250429,1
234746,20250430,1
234746,20250505,1
234746,20250506,1
234746,20250507,1
234746,20250508,1
234746,20250509,1
234746,20250512,1
234746,20250513,1
234746,20250514,1
234746,20250515,1
234746,20250516,1
234746,20250519,1
234746,20250520,1
234746,20250521,1
234746,20250522,1
234746,20250523,1
234746,20250526,1
234746,20250527,1
234746,20250528,1
234746,20250529,1
234746,20250530,1
234746,20250602,1
234746,20250603,1
234746,20250604,1
234746,20250605,1
234746,20250606,1
234746,20250609,1
234746,20250610,1
234746,20250611,1
234746,20250612,1
234746,20250613,1
234747,20250321,1
234747,20250324,1
234747,20250325,1
234747,20250326,1
234747,20250327,1
234747,20250328,1
234747,20250331,1
234747,20250401,1
234747,20250402,1
234747,20250403,1
234747,20250404,1
234747,20250414,1
234747,20250415,1
234747,20250416,1
234747,20250417,1
234747,20250418,1
234747,20250422,1
234747,20250423,1
234747,20250424,1
234747,20250425,1
234747,20250428,1
234747,20250429,1
234747,20250430,1
234747,20250505,1
234747,20250506,1
234747,20250507,1
234747,20250508,1
234747,20250509,1
234747,20250512,1
234747,20250513,1
234747,20250514,1
234747,20250515,1
234747,20250516,1
234747,20250519,1
234747,20250520,1
234747,20250521,1
234747,20250522,1
234747,20250523,1
234747,20250526,1
234747,20250527,1
234747,20250528,1
234747,20250529,1
234747,20250530,1
234747,20250602,1
234747,20250603,1
234747,20250604,1
234747,20250605,1
234747,20250606,1
234747,20250609,1
234747,20250610,1
234747,20250611,1
234747,20250612,1
234747,20250613,1
234748,20250406,1
234748,20250413,1
234749,20250407,1
234749,20250408,1
234749,20250409,1
234749,20250410,1
234749,20250411,1
234750,20250407,1
234750,20250408,1
234750,20250409,1
234750,20250410,1
234750,20250411,1
234751,20250407,1
234751,20250408,1
234751,20250409,1
234751,20250410,1
234751,20250411,1
234752,20250407,1
234752,20250408,1
234752,20250409,1
234752,20250410,1
234752,20250411,1
234753,20250407,1
234753,20250408,1
234753,20250409,1
234753,20250410,1
234753,20250411,1
234754,20250407,1
234754,20250408,1
234754,20250409,1
234754,20250410,1
234754,20250411,1
234755,20250407,1
234755,20250408,1
234755,20250409,1
234755,20250410,1
234755,20250411,1
234756,20250419,1
234756,20250502,1
234757,20250419,1
234757,20250502,1
234758,20250419,1
234758,20250502,1
234759,20250419,1
234759,20250502,1
234760,20250511,1
234760,20250518,1
234760,20250525,1
234760,20250601,1
234760,20250608,1
234761,20250407,1
234761,20250408,1
234761,20250409,1
234761,20250410,1
234761,20250411,1
234762,20250503,1
234762,20250504,1
234763,20250419,1
234763,20250502,1
234764,20250426,1
234765,20250321,1
234765,20250328,1
234765,20250404,1
234765,20250411,1
234765,20250418,1
234765,20250425,1
234765,20250430,1
234765,20250509,1
234765,20250516,1
234765,20250523,1
234765,20250530,1
234765,20250606,1
234765,20250613,1
234766,20250322,1
234766,20250329,1
234766,20250405,1
234766,20250412,1
234766,20250419,1
234766,20250426,1
234766,20250502,1
234766,20250510,1
234766,20250517,1
234766,20250524,1
234766,20250531,1
234766,20250607,1
234766,20250614,1
234767,20250321,1
234767,20250324,1
234767,20250325,1
234767,20250326,1
234767,20250327,1
234767,20250328,1
234767,20250331,1
234767,20250401,1
234767,20250402,1
234767,20250403,1
234767,20250404,1
234767,20250414,1
234767,20250415,1
234767,20250416,1
234767,20250417,1
234767,20250418,1
234767,20250422,1
234767,20250423,1
234767,20250424,1
234767,20250425,1
234767,20250428,1
234767,20250429,1
234767,20250430,1
234767,20250505,1
234767,20250506,1
234767,20250507,1
234767,20250508,1
234767,20250509,1
234767,20250512,1
234767,20250513,1
234767,20250514,1
234767,20250515,1
234767,20250516,1
234767,20250519,1
234767,20250520,1
234767,20250521,1
234767,20250522,1
234767,20250523,1
234767,20250526,1
234767,20250527,1
234767,20250528,1
234767,20250529,1
234767,20250530,1
234767,20250602,1
234767,20250603,1
234767,20250604,1
234767,20250605,1
234767,20250606,1
234767,20250609,1
234767,20250610,1
234767,20250611,1
234767,20250612,1
234767,20250613,1
234768,20250321,1
234768,20250324,1
234768,20250325,1
234768,20250326,1
234768,20250327,1
234768,20250328,1
234768,20250331,1
234768,20250401,1
234768,20250402,1
234768,20250403,1
234768,20250404,1
234768,20250414,1
234768,20250415,1
234768,20250416,1
234768,20250417,1
234768,20250418,1
234768,20250422,1
234768,20250423,1
234768,20250424,1
234768,20250425,1
234768,20250428,1
234768,20250429,1
234768,20250430,1
234768,20250505,1
234768,20250506,1
234768,20250507,1
234768,20250508,1
234768,20250509,1
234768,20250512,1
234768,20250513,1
234768,20250514,1
234768,20250515,1
234768,20250516,1
234768,20250519,1
234768,20250520,1
234768,20250521,1
234768,20250522,1
234768,20250523,1
234768,20250526,1
234768,20250527,1
234768,20250528,1
234768,20250529,1
234768,20250530,1
234768,20250602,1
234768,20250603,1
234768,20250604,1
234768,20250605,1
234768,20250606,1
234768,20250609,1
234768,20250610,1
234768,20250611,1
234768,20250612,1
234768,20250613,1
234769,20250321,1
234769,20250324,1
234769,20250325,1
234769,20250326,1
234769,20250327,1
234769,20250328,1
234769,20250331,1
234769,20250401,1
234769,20250402,1
234769,20250403,1
234769,20250404,1
234769,20250414,1
234769,20250415,1
234769,20250416,1
234769,20250417,1
234769,20250418,1
234769,20250420,1
234769,20250421,1
234769,20250422,1
234769,20250423,1
234769,20250424,1
234769,20250425,1
234769,20250428,1
234769,20250429,1
234769,20250430,1
234769,20250501,1
234769,20250503,1
234769,20250504,1
234769,20250505,1
234769,20250506,1
234769,20250507,1
234769,20250508,1
234769,20250509,1
234769,20250512,1
234769,20250513,1
234769,20250514,1
234769,20250515,1
234769,20250516,1
234769,20250519,1
234769,20250520,1
234769,20250521,1
234769,20250522,1
234769,20250523,1
234769,20250526,1
234769,20250527,1
234769,20250528,1
234769,20250529,1
234769,20250530,1
234769,20250602,1
234769,20250603,1
234769,20250604,1
234769,20250605,1
234769,20250606,1
234769,20250609,1
234769,20250610,1
234769,20250611,1
234769,20250612,1
234769,20250613,1
234770,20250321,1
234770,20250324,1
234770,20250325,1
234770,20250326,1
234770,20250327,1
234770,20250328,1
234770,20250331,1
234770,20250401,1
234770,20250402,1
234770,20250403,1
234770,20250404,1
234770,20250414,1
234770,20250415,1
234770,20250416,1
234770,20250417,1
234770,20250418,1
234770,20250422,1
234770,20250423,1
234770,20250424,1
234770,20250425,1
234770,20250428,1
234770,20250429,1
234770,20250430,1
234770,20250505,1
234770,20250506,1
234770,20250507,1
234770,20250508,1
234770,20250509,1
234770,20250512,1
234770,20250513,1
234770,20250514,1
234770,20250515,1
234770,20250516,1
234770,20250519,1
234770,20250520,1
234770,20250521,1
234770,20250522,1
234770,20250523,1
234770,20250526,1
234770,20250527,1
234770,20250528,1
234770,20250529,1
234770,20250530,1
234770,20250602,1
234770,20250603,1
234770,20250604,1
234770,20250605,1
234770,20250606,1
234770,20250609,1
234770,20250610,1
234770,20250611,1
234770,20250612,1
234770,20250613,1
234771,20250321,1
234771,20250324,1
234771,20250325,1
234771,20250326,1
234771,20250327,1
234771,20250328,1
234771,20250331,1
234771,20250401,1
234771,20250402,1
234771,20250403,1
234771,20250404,1
234771,20250414,1
234771,20250415,1
234771,20250416,1
234771,20250417,1
234771,20250418,1
234771,20250422,1
234771,20250423,1
234771,20250424,1
234771,20250425,1
234771,20250428,1
234771,20250429,1
234771,20250430,1
234771,20250505,1
234771,20250506,1
234771,20250507,1
234771,20250508,1
234771,20250509,1
234771,20250512,1
234771,20250513,1
234771,20250514,1
234771,20250515,1
234771,20250516,1
234771,20250519,1
234771,20250520,1
234771,20250521,1
234771,20250522,1
234771,20250523,1
234771,20250526,1
234771,20250527,1
234771,20250528,1
234771,20250529,1
234771,20250530,1
234771,20250602,1
234771,20250603,1
234771,20250604,1
234771,20250605,1
234771,20250606,1
234771,20250609,1
234771,20250610,1
234771,20250611,1
234771,20250612,1
234771,20250613,1
234772,20250323,1
234772,20250330,1
234772,20250421,1
234772,20250427,1
234772,20250504,1
234772,20250511,1
234772,20250518,1
234772,20250525,1
234772,20250601,1
234772,20250608,1
234773,20250419,1
234773,20250502,1
234774,20250321,1
234774,20250324,1
234774,20250325,1
234774,20250326,1
234774,20250327,1
234774,20250328,1
234774,20250331,1
234774,20250401,1
234774,20250402,1
234774,20250403,1
234774,20250404,1
234774,20250414,1
234774,20250415,1
234774,20250416,1
234774,20250417,1
234774,20250418,1
234774,20250422,1
234774,20250423,1
234774,20250424,1
234774,20250425,1
234774,20250428,1
234774,20250429,1
234774,20250430,1
234774,20250505,1
234774,20250506,1
234774,20250507,1
234774,20250508,1
234774,20250509,1
234774,20250512,1
234774,20250513,1
234774,20250514,1
234774,20250515,1
234774,20250516,1
234774,20250519,1
234774,20250520,1
234774,20250521,1
234774,20250522,1
234774,20250523,1
234774,20250526,1
234774,20250527,1
234774,20250528,1
234774,20250529,1
234774,20250530,1
234774,20250602,1
234774,20250603,1
234774,20250604,1
234774,20250605,1
234774,20250606,1
234774,20250609,1
234774,20250610,1
234774,20250611,1
234774,20250612,1
234774,20250613,1
234775,20250321,1
234775,20250324,1
234775,20250325,1
234775,20250326,1
234775,20250327,1
234775,20250328,1
234775,20250331,1
234775,20250401,1
234775,20250402,1
234775,20250403,1
234775,20250404,1
234775,20250414,1
234775,20250415,1
234775,20250416,1
234775,20250417,1
234775,20250418,1
234775,20250422,1
234775,20250423,1
234775,20250424,1
234775,20250425,1
234775,20250428,1
234775,20250429,1
234775,20250430,1
234775,20250505,1
234775,20250506,1
234775,20250507,1
234775,20250508,1
234775,20250509,1
234775,20250512,1
234775,20250513,1
234775,20250514,1
234775,20250515,1
234775,20250516,1
234775,20250519,1
234775,20250520,1
234775,20250521,1
234775,20250522,1
234775,20250523,1
234775,20250526,1
234775,20250527,1
234775,20250528,1
234775,20250529,1
234775,20250530,1
234775,20250602,1
234775,20250603,1
234775,20250604,1
234775,20250605,1
234775,20250606,1
234775,20250609,1
234775,20250610,1
234775,20250611,1
234775,20250612,1
234775,20250613,1
234776,20250321,1
234776,20250324,1
234776,20250325,1
234776,20250326,1
234776,20250327,1
234776,20250328,1
234776,20250331,1
234776,20250401,1
234776,20250402,1
234776,20250403,1
234776,20250404,1
234776,20250414,1
234776,20250415,1
234776,20250416,1
234776,20250417,1
234776,20250418,1
234776,20250422,1
234776,20250423,1
234776,20250424,1
234776,20250425,1
234776,20250428,1
234776,20250429,1
234776,20250430,1
234776,20250505,1
234776,20250506,1
234776,20250507,1
234776,20250508,1
234776,20250509,1
234776,20250512,1
234776,20250513,1
234776,20250514,1
234776,20250515,1
234776,20250516,1
234776,20250519,1
234776,20250520,1
234776,20250521,1
234776,20250522,1
234776,20250523,1
234776,20250526,1
234776,20250527,1
234776,20250528,1
234776,20250529,1
234776,20250530,1
234776,20250602,1
234776,20250603,1
234776,20250604,1
234776,20250605,1
234776,20250606,1
234776,20250609,1
234776,20250610,1
234776,20250611,1
234776,20250612,1
234776,20250613,1
234777,20250321,1
234777,20250324,1
234777,20250325,1
234777,20250326,1
234777,20250327,1
234777,20250328,1
234777,20250331,1
234777,20250401,1
234777,20250402,1
234777,20250403,1
234777,20250404,1
234777,20250414,1
234777,20250415,1
234777,20250416,1
234777,20250417,1
234777,20250418,1
234777,20250422,1
234777,20250423,1
234777,20250424,1
234777,20250425,1
234777,20250428,1
234777,20250429,1
234777,20250430,1
234777,20250505,1
234777,20250506,1
234777,20250507,1
234777,20250508,1
234777,20250509,1
234777,20250512,1
234777,20250513,1
234777,20250514,1
234777,20250515,1
234777,20250516,1
234777,20250519,1
234777,20250520,1
234777,20250521,1
234777,20250522,1
234777,20250523,1
234777,20250526,1
234777,20250527,1
234777,20250528,1
234777,20250529,1
234777,20250530,1
234777,20250602,1
234777,20250603,1
234777,20250604,1
234777,20250605,1
234777,20250606,1
234777,20250609,1
234777,20250610,1
234777,20250611,1
234777,20250612,1
234777,20250613,1
234778,20250321,1
234778,20250324,1
234778,20250325,1
234778,20250326,1
234778,20250327,1
234778,20250328,1
234778,20250331,1
234778,20250401,1
234778,20250402,1
234778,20250403,1
234778,20250404,1
234778,20250414,1
234778,20250415,1
234778,20250416,1
234778,20250417,1
234778,20250418,1
234778,20250422,1
234778,20250423,1
234778,20250424,1
234778,20250425,1
234778,20250428,1
234778,20250429,1
234778,20250430,1
234778,20250505,1
234778,20250506,1
234778,20250507,1
234778,20250508,1
234778,20250509,1
234778,20250512,1
234778,20250513,1
234778,20250514,1
234778,20250515,1
234778,20250516,1
234778,20250519,1
234778,20250520,1
234778,20250521,1
234778,20250522,1
234778,20250523,1
234778,20250526,1
234778,20250527,1
234778,20250528,1
234778,20250529,1
234778,20250530,1
234778,20250602,1
234778,20250603,1
234778,20250604,1
234778,20250605,1
234778,20250606,1
234778,20250609,1
234778,20250610,1
234778,20250611,1
234778,20250612,1
234778,20250613,1
234779,20250321,1
234779,20250324,1
234779,20250325,1
234779,20250326,1
234779,20250327,1
234779,20250328,1
234779,20250331,1
234779,20250401,1
234779,20250402,1
234779,20250403,1
234779,20250404,1
234779,20250414,1
234779,20250415,1
234779,20250416,1
234779,20250417,1
234779,20250418,1
234779,20250422,1
234779,20250423,1
234779,20250424,1
234779,20250425,1
234779,20250428,1
234779,20250429,1
234779,20250430,1
234779,20250505,1
234779,20250506,1
234779,20250507,1
234779,20250508,1
234779,20250509,1
234779,20250512,1
234779,20250513,1
234779,20250514,1
234779,20250515,1
234779,20250516,1
234779,20250519,1
234779,20250520,1
234779,20250521,1
234779,20250522,1
234779,20250523,1
234779,20250526,1
234779,20250527,1
234779,20250528,1
234779,20250529,1
234779,20250530,1
234779,20250602,1
234779,20250603,1
234779,20250604,1
234779,20250605,1
234779,20250606,1
234779,20250609,1
234779,20250610,1
234779,20250611,1
234779,20250612,1
234779,20250613,1
234780,20250321,1
234780,20250324,1
234780,20250325,1
234780,20250326,1
234780,20250327,1
234780,20250328,1
234780,20250331,1
234780,20250401,1
234780,20250402,1
234780,20250403,1
234780,20250404,1
234780,20250414,1
234780,20250415,1
234780,20250416,1
234780,20250417,1
234780,20250418,1
234780,20250422,1
234780,20250423,1
234780,20250424,1
234780,20250425,1
234780,20250428,1
234780,20250429,1
234780,20250430,1
234780,20250505,1
234780,20250506,1
234780,20250507,1
234780,20250508,1
234780,20250509,1
234780,20250512,1
234780,20250513,1
234780,20250514,1
234780,20250515,1
234780,20250516,1
234780,20250519,1
234780,20250520,1
234780,20250521,1
234780,20250522,1
234780,20250523,1
234780,20250526,1
234780,20250527,1
234780,20250528,1
234780,20250529,1
234780,20250530,1
234780,20250602,1
234780,20250603,1
234780,20250604,1
234780,20250605,1
234780,20250606,1
234780,20250609,1
234780,20250610,1
234780,20250611,1
234780,20250612,1
234780,20250613,1
234781,20250321,1
234781,20250324,1
234781,20250325,1
234781,20250326,1
234781,20250327,1
234781,20250328,1
234781,20250331,1
234781,20250401,1
234781,20250402,1
234781,20250403,1
234781,20250404,1
234781,20250414,1
234781,20250415,1
234781,20250416,1
234781,20250417,1
234781,20250418,1
234781,20250422,1
234781,20250423,1
234781,20250424,1
234781,20250425,1
234781,20250428,1
234781,20250429,1
234781,20250430,1
234781,20250505,1
234781,20250506,1
234781,20250507,1
234781,20250508,1
234781,20250509,1
234781,20250512,1
234781,20250513,1
234781,20250514,1
234781,20250515,1
234781,20250516,1
234781,20250519,1
234781,20250520,1
234781,20250521,1
234781,20250522,1
234781,20250523,1
234781,20250526,1
234781,20250527,1
234781,20250528,1
234781,20250529,1
234781,20250530,1
234781,20250602,1
234781,20250603,1
234781,20250604,1
234781,20250605,1
234781,20250606,1
234781,20250609,1
234781,20250610,1
234781,20250611,1
234781,20250612,1
234781,20250613,1
234782,20250321,1
234782,20250324,1
234782,20250325,1
234782,20250326,1
234782,20250327,1
234782,20250328,1
234782,20250331,1
234782,20250401,1
234782,20250402,1
234782,20250403,1
234782,20250404,1
234782,20250407,1
234782,20250408,1
234782,20250409,1
234782,20250410,1
234782,20250411,1
234782,20250414,1
234782,20250415,1
234782,20250416,1
234782,20250417,1
234782,20250418,1
234782,20250422,1
234782,20250423,1
234782,20250424,1
234782,20250425,1
234782,20250428,1
234782,20250429,1
234782,20250430,1
234782,20250505,1
234782,20250506,1
234782,20250507,1
234782,20250508,1
234782,20250509,1
234782,20250512,1
234782,20250513,1
234782,20250514,1
234782,20250515,1
234782,20250516,1
234782,20250519,1
234782,20250520,1
234782,20250521,1
234782,20250522,1
234782,20250523,1
234782,20250526,1
234782,20250527,1
234782,20250528,1
234782,20250529,1
234782,20250530,1
234782,20250602,1
234782,20250603,1
234782,20250604,1
234782,20250605,1
234782,20250606,1
234782,20250609,1
234782,20250610,1
234782,20250611,1
234782,20250612,1
234782,20250613,1
234783,20250321,1
234783,20250324,1
234783,20250325,1
234783,20250326,1
234783,20250327,1
234783,20250328,1
234783,20250331,1
234783,20250401,1
234783,20250402,1
234783,20250403,1
234783,20250404,1
234783,20250414,1
234783,20250415,1
234783,20250416,1
234783,20250417,1
234783,20250418,1
234783,20250422,1
234783,20250423,1
234783,20250424,1
234783,20250425,1
234783,20250428,1
234783,20250429,1
234783,20250430,1
234783,20250505,1
234783,20250506,1
234783,20250507,1
234783,20250508,1
234783,20250509,1
234783,20250512,1
234783,20250513,1
234783,20250514,1
234783,20250515,1
234783,20250516,1
234783,20250519,1
234783,20250520,1
234783,20250521,1
234783,20250522,1
234783,20250523,1
234783,20250526,1
234783,20250527,1
234783,20250528,1
234783,20250529,1
234783,20250530,1
234783,20250602,1
234783,20250603,1
234783,20250604,1
234783,20250605,1
234783,20250606,1
234783,20250609,1
234783,20250610,1
234783,20250611,1
234783,20250612,1
234783,20250613,1
234784,20250321,1
234784,20250324,1
234784,20250325,1
234784,20250326,1
234784,20250327,1
234784,20250328,1
234784,20250331,1
234784,20250401,1
234784,20250402,1
234784,20250403,1
234785,20250321,1
234785,20250324,1
234785,20250325,1
234785,20250326,1
234785,20250327,1
234785,20250328,1
234785,20250331,1
234785,20250401,1
234785,20250402,1
234785,20250403,1
234785,20250404,1
234785,20250414,1
234785,20250415,1
234785,20250416,1
234785,20250417,1
234785,20250418,1
234785,20250422,1
234785,20250423,1
234785,20250424,1
234785,20250425,1
234785,20250428,1
234785,20250429,1
234785,20250430,1
234785,20250505,1
234785,20250506,1
234785,20250507,1
234785,20250508,1
234785,20250509,1
234785,20250512,1
234785,20250513,1
234785,20250514,1
234785,20250515,1
234785,20250516,1
234785,20250519,1
234785,20250520,1
234785,20250521,1
234785,20250522,1
234785,20250523,1
234785,20250526,1
234785,20250527,1
234785,20250528,1
234785,20250529,1
234785,20250530,1
234785,20250602,1
234785,20250603,1
234785,20250604,1
234785,20250605,1
234785,20250606,1
234785,20250609,1
234785,20250610,1
234785,20250611,1
234785,20250612,1
234785,20250613,1
234786,20250321,1
234786,20250324,1
234786,20250325,1
234786,20250326,1
234786,20250327,1
234786,20250328,1
234786,20250331,1
234786,20250401,1
234786,20250402,1
234786,20250403,1
234786,20250404,1
234786,20250414,1
234786,20250415,1
234786,20250416,1
234786,20250417,1
234786,20250418,1
234786,20250422,1
234786,20250423,1
234786,20250424,1
234786,20250425,1
234786,20250428,1
234786,20250429,1
234786,20250430,1
234786,20250505,1
234786,20250506,1
234786,20250507,1
234786,20250508,1
234786,20250509,1
234786,20250512,1
234786,20250513,1
234786,20250514,1
234786,20250515,1
234786,20250516,1
234786,20250519,1
234786,20250520,1
234786,20250521,1
234786,20250522,1
234786,20250523,1
234786,20250526,1
234786,20250527,1
234786,20250528,1
234786,20250529,1
234786,20250530,1
234786,20250602,1
234786,20250603,1
234786,20250604,1
234786,20250605,1
234786,20250606,1
234786,20250609,1
234786,20250610,1
234786,20250611,1
234786,20250612,1
234786,20250613,1
234787,20250321,1
234787,20250324,1
234787,20250325,1
234787,20250326,1
234787,20250327,1
234787,20250328,1
234787,20250331,1
234787,20250401,1
234787,20250402,1
234787,20250403,1
234787,20250404,1
234787,20250414,1
234787,20250415,1
234787,20250416,1
234787,20250417,1
234787,20250418,1
234787,20250422,1
234787,20250423,1
234787,20250424,1
234787,20250425,1
234787,20250428,1
234787,20250429,1
234787,20250430,1
234787,20250505,1
234787,20250506,1
234787,20250507,1
234787,20250508,1
234787,20250509,1
234787,20250512,1
234787,20250513,1
234787,20250514,1
234787,20250515,1
234787,20250516,1
234787,20250519,1
234787,20250520,1
234787,20250521,1
234787,20250522,1
234787,20250523,1
234787,20250526,1
234787,20250527,1
234787,20250528,1
234787,20250529,1
234787,20250530,1
234787,20250602,1
234787,20250603,1
234787,20250604,1
234787,20250605,1
234787,20250606,1
234787,20250609,1
234787,20250610,1
234787,20250611,1
234787,20250612,1
234787,20250613,1
234788,20250419,1
234788,20250426,1
234788,20250502,1
234789,20250419,1
234789,20250426,1
234789,20250502,1
234790,20250407,1
234790,20250408,1
234790,20250409,1
234790,20250410,1
234790,20250411,1
234791,20250407,1
234791,20250408,1
234791,20250409,1
234791,20250410,1
234791,20250411,1
234792,20250407,1
234792,20250408,1
234792,20250409,1
234792,20250410,1
234792,20250411,1
234793,20250501,1
234794,20250419,1
234794,20250502,1
234795,20250419,1
234795,20250502,1
234796,20250419,1
234796,20250502,1
234797,20250419,1
234797,20250502,1
234798,20250419,1
234798,20250502,1
234799,20250321,1
234799,20250324,1
234799,20250325,1
234799,20250326,1
234799,20250327,1
234799,20250328,1
234799,20250331,1
234799,20250401,1
234799,20250402,1
234799,20250403,1
234799,20250404,1
234799,20250414,1
234799,20250415,1
234799,20250416,1
234799,20250417,1
234799,20250418,1
234799,20250422,1
234799,20250423,1
234799,20250424,1
234799,20250425,1
234799,20250428,1
234799,20250429,1
234799,20250430,1
234799,20250505,1
234799,20250506,1
234799,20250507,1
234799,20250508,1
234799,20250509,1
234799,20250512,1
234799,20250513,1
234799,20250514,1
234799,20250515,1
234799,20250516,1
234799,20250519,1
234799,20250520,1
234799,20250521,1
234799,20250522,1
234799,20250523,1
234799,20250526,1
234799,20250527,1
234799,20250528,1
234799,20250529,1
234799,20250530,1
234799,20250602,1
234799,20250603,1
234799,20250604,1
234799,20250605,1
234799,20250606,1
234799,20250609,1
234799,20250610,1
234799,20250611,1
234799,20250612,1
234799,20250613,1
234800,20250321,1
234800,20250324,1
234800,20250325,1
234800,20250326,1
234800,20250327,1
234800,20250328,1
234800,20250331,1
234800,20250401,1
234800,20250402,1
234800,20250403,1
234800,20250404,1
234800,20250407,1
234800,20250408,1
234800,20250409,1
234800,20250410,1
234800,20250411,1
234800,20250414,1
234800,20250415,1
234800,20250416,1
234800,20250417,1
234800,20250418,1
234800,20250422,1
234800,20250423,1
234800,20250424,1
234800,20250425,1
234800,20250428,1
234800,20250429,1
234800,20250430,1
234800,20250505,1
234800,20250506,1
234800,20250507,1
234800,20250508,1
234800,20250509,1
234800,20250512,1
234800,20250513,1
234800,20250514,1
234800,20250515,1
234800,20250516,1
234800,20250519,1
234800,20250520,1
234800,20250521,1
234800,20250522,1
234800,20250523,1
234800,20250526,1
234800,20250527,1
234800,20250528,1
234800,20250529,1
234800,20250530,1
234800,20250602,1
234800,20250603,1
234800,20250604,1
234800,20250605,1
234800,20250606,1
234800,20250609,1
234800,20250610,1
234800,20250611,1
234800,20250612,1
234800,20250613,1
234801,20250321,1
234801,20250324,1
234801,20250325,1
234801,20250326,1
234801,20250327,1
234801,20250328,1
234801,20250331,1
234801,20250401,1
234801,20250402,1
234801,20250403,1
234801,20250404,1
234801,20250414,1
234801,20250415,1
234801,20250416,1
234801,20250417,1
234801,20250418,1
234801,20250422,1
234801,20250423,1
234801,20250424,1
234801,20250425,1
234801,20250428,1
234801,20250429,1
234801,20250430,1
234801,20250505,1
234801,20250506,1
234801,20250507,1
234801,20250508,1
234801,20250509,1
234801,20250512,1
234801,20250513,1
234801,20250514,1
234801,20250515,1
234801,20250516,1
234801,20250519,1
234801,20250520,1
234801,20250521,1
234801,20250522,1
234801,20250523,1
234801,20250526,1
234801,20250527,1
234801,20250528,1
234801,20250529,1
234801,20250530,1
234801,20250602,1
234801,20250603,1
234801,20250604,1
234801,20250605,1
234801,20250606,1
234801,20250609,1
234801,20250610,1
234801,20250611,1
234801,20250612,1
234801,20250613,1
234802,20250321,1
234802,20250324,1
234802,20250325,1
234802,20250326,1
234802,20250327,1
234802,20250328,1
234802,20250331,1
234802,20250401,1
234802,20250402,1
234802,20250403,1
234802,20250404,1
234802,20250414,1
234802,20250415,1
234802,20250416,1
234802,20250417,1
234802,20250418,1
234802,20250422,1
234802,20250423,1
234802,20250424,1
234802,20250425,1
234802,20250428,1
234802,20250429,1
234802,20250430,1
234802,20250505,1
234802,20250506,1
234802,20250507,1
234802,20250508,1
234802,20250509,1
234802,20250512,1
234802,20250513,1
234802,20250514,1
234802,20250515,1
234802,20250516,1
234802,20250519,1
234802,20250520,1
234802,20250521,1
234802,20250522,1
234802,20250523,1
234802,20250526,1
234802,20250527,1
234802,20250528,1
234802,20250529,1
234802,20250530,1
234802,20250602,1
234802,20250603,1
234802,20250604,1
234802,20250605,1
234802,20250606,1
234802,20250609,1
234802,20250610,1
234802,20250611,1
234802,20250612,1
234802,20250613,1
234803,20250321,1
234803,20250324,1
234803,20250325,1
234803,20250326,1
234803,20250327,1
234803,20250328,1
234803,20250331,1
234803,20250401,1
234803,20250402,1
234803,20250403,1
234803,20250404,1
234803,20250414,1
234803,20250415,1
234803,20250416,1
234803,20250417,1
234803,20250418,1
234803,20250422,1
234803,20250423,1
234803,20250424,1
234803,20250425,1
234803,20250428,1
234803,20250429,1
234803,20250430,1
234803,20250505,1
234803,20250506,1
234803,20250507,1
234803,20250508,1
234803,20250509,1
234803,20250512,1
234803,20250513,1
234803,20250514,1
234803,20250515,1
234803,20250516,1
234803,20250519,1
234803,20250520,1
234803,20250521,1
234803,20250522,1
234803,20250523,1
234803,20250526,1
234803,20250527,1
234803,20250528,1
234803,20250529,1
234803,20250530,1
234803,20250602,1
234803,20250603,1
234803,20250604,1
234803,20250605,1
234803,20250606,1
234803,20250609,1
234803,20250610,1
234803,20250611,1
234803,20250612,1
234803,20250613,1
234804,20250321,1
234804,20250324,1
234804,20250325,1
234804,20250326,1
234804,20250327,1
234804,20250328,1
234804,20250331,1
234804,20250401,1
234804,20250402,1
234804,20250403,1
234804,20250404,1
234804,20250407,1
234804,20250408,1
234804,20250409,1
234804,20250410,1
234804,20250411,1
234804,20250414,1
234804,20250415,1
234804,20250416,1
234804,20250417,1
234804,20250418,1
234804,20250422,1
234804,20250423,1
234804,20250424,1
234804,20250425,1
234804,20250428,1
234804,20250429,1
234804,20250430,1
234804,20250505,1
234804,20250506,1
234804,20250507,1
234804,20250508,1
234804,20250509,1
234804,20250512,1
234804,20250513,1
234804,20250514,1
234804,20250515,1
234804,20250516,1
234804,20250519,1
234804,20250520,1
234804,20250521,1
234804,20250522,1
234804,20250523,1
234804,20250526,1
234804,20250527,1
234804,20250528,1
234804,20250529,1
234804,20250530,1
234804,20250602,1
234804,20250603,1
234804,20250604,1
234804,20250605,1
234804,20250606,1
234804,20250609,1
234804,20250610,1
234804,20250611,1
234804,20250612,1
234804,20250613,1
234805,20250321,1
234805,20250324,1
234805,20250325,1
234805,20250326,1
234805,20250327,1
234805,20250328,1
234805,20250331,1
234805,20250401,1
234805,20250402,1
234805,20250403,1
234805,20250404,1
234805,20250414,1
234805,20250415,1
234805,20250416,1
234805,20250417,1
234805,20250418,1
234805,20250422,1
234805,20250423,1
234805,20250424,1
234805,20250425,1
234805,20250428,1
234805,20250429,1
234805,20250430,1
234805,20250505,1
234805,20250506,1
234805,20250507,1
234805,20250508,1
234805,20250509,1
234805,20250512,1
234805,20250513,1
234805,20250514,1
234805,20250515,1
234805,20250516,1
234805,20250519,1
234805,20250520,1
234805,20250521,1
234805,20250522,1
234805,20250523,1
234805,20250526,1
234805,20250527,1
234805,20250528,1
234805,20250529,1
234805,20250530,1
234805,20250602,1
234805,20250603,1
234805,20250604,1
234805,20250605,1
234805,20250606,1
234805,20250609,1
234805,20250610,1
234805,20250611,1
234805,20250612,1
234805,20250613,1
234806,20250321,1
234806,20250324,1
234806,20250325,1
234806,20250326,1
234806,20250327,1
234806,20250328,1
234806,20250331,1
234806,20250401,1
234806,20250402,1
234806,20250403,1
234806,20250404,1
234806,20250414,1
234806,20250415,1
234806,20250416,1
234806,20250417,1
234806,20250418,1
234806,20250422,1
234806,20250423,1
234806,20250424,1
234806,20250425,1
234806,20250428,1
234806,20250429,1
234806,20250430,1
234806,20250505,1
234806,20250506,1
234806,20250507,1
234806,20250508,1
234806,20250509,1
234806,20250512,1
234806,20250513,1
234806,20250514,1
234806,20250515,1
234806,20250516,1
234806,20250519,1
234806,20250520,1
234806,20250521,1
234806,20250522,1
234806,20250523,1
234806,20250526,1
234806,20250527,1
234806,20250528,1
234806,20250529,1
234806,20250530,1
234806,20250602,1
234806,20250603,1
234806,20250604,1
234806,20250605,1
234806,20250606,1
234806,20250609,1
234806,20250610,1
234806,20250611,1
234806,20250612,1
234806,20250613,1
234807,20250321,1
234807,20250324,1
234807,20250325,1
234807,20250326,1
234807,20250327,1
234807,20250328,1
234807,20250331,1
234807,20250401,1
234807,20250402,1
234807,20250403,1
234807,20250404,1
234807,20250407,1
234807,20250408,1
234807,20250409,1
234807,20250410,1
234807,20250411,1
234807,20250414,1
234807,20250415,1
234807,20250416,1
234807,20250417,1
234807,20250418,1
234807,20250422,1
234807,20250423,1
234807,20250424,1
234807,20250425,1
234807,20250428,1
234807,20250429,1
234807,20250430,1
234807,20250505,1
234807,20250506,1
234807,20250507,1
234807,20250508,1
234807,20250509,1
234807,20250512,1
234807,20250513,1
234807,20250514,1
234807,20250515,1
234807,20250516,1
234807,20250519,1
234807,20250520,1
234807,20250521,1
234807,20250522,1
234807,20250523,1
234807,20250526,1
234807,20250527,1
234807,20250528,1
234807,20250529,1
234807,20250530,1
234807,20250602,1
234807,20250603,1
234807,20250604,1
234807,20250605,1
234807,20250606,1
234807,20250609,1
234807,20250610,1
234807,20250611,1
234807,20250612,1
234807,20250613,1
234808,20250321,1
234808,20250324,1
234808,20250325,1
234808,20250326,1
234808,20250327,1
234808,20250328,1
234808,20250331,1
234808,20250401,1
234808,20250402,1
234808,20250403,1
234808,20250404,1
234808,20250407,1
234808,20250408,1
234808,20250409,1
234808,20250410,1
234808,20250411,1
234808,20250414,1
234808,20250415,1
234808,20250416,1
234808,20250417,1
234808,20250418,1
234808,20250422,1
234808,20250423,1
234808,20250424,1
234808,20250425,1
234808,20250428,1
234808,20250429,1
234808,20250430,1
234808,20250505,1
234808,20250506,1
234808,20250507,1
234808,20250508,1
234808,20250509,1
234808,20250512,1
234808,20250513,1
234808,20250514,1
234808,20250515,1
234808,20250516,1
234808,20250519,1
234808,20250520,1
234808,20250521,1
234808,20250522,1
234808,20250523,1
234808,20250526,1
234808,20250527,1
234808,20250528,1
234808,20250529,1
234808,20250530,1
234808,20250602,1
234808,20250603,1
234808,20250604,1
234808,20250605,1
234808,20250606,1
234808,20250609,1
234808,20250610,1
234808,20250611,1
234808,20250612,1
234808,20250613,1
234809,20250321,1
234809,20250324,1
234809,20250325,1
234809,20250326,1
234809,20250327,1
234809,20250328,1
234809,20250331,1
234809,20250401,1
234809,20250402,1
234809,20250403,1
234809,20250404,1
234809,20250414,1
234809,20250415,1
234809,20250416,1
234809,20250417,1
234809,20250418,1
234809,20250422,1
234809,20250423,1
234809,20250424,1
234809,20250425,1
234809,20250428,1
234809,20250429,1
234809,20250430,1
234809,20250505,1
234809,20250506,1
234809,20250507,1
234809,20250508,1
234809,20250509,1
234809,20250512,1
234809,20250513,1
234809,20250514,1
234809,20250515,1
234809,20250516,1
234809,20250519,1
234809,20250520,1
234809,20250521,1
234809,20250522,1
234809,20250523,1
234809,20250526,1
234809,20250527,1
234809,20250528,1
234809,20250529,1
234809,20250530,1
234809,20250602,1
234809,20250603,1
234809,20250604,1
234809,20250605,1
234809,20250606,1
234809,20250609,1
234809,20250610,1
234809,20250611,1
234809,20250612,1
234809,20250613,1
234810,20250419,1
234810,20250502,1
234811,20250419,1
234811,20250502,1
234812,20250419,1
234812,20250502,1
234813,20250322,1
234813,20250329,1
234813,20250510,1
234813,20250517,1
234813,20250524,1
234813,20250531,1
234813,20250607,1
234813,20250614,1
234814,20250322,1
234814,20250329,1
234814,20250405,1
234814,20250412,1
234815,20250501,1
234815,20250511,1
234815,20250518,1
234815,20250525,1
234815,20250601,1
234815,20250608,1
234816,20250420,1
234816,20250421,1
234816,20250501,1
234817,20250323,1
234817,20250330,1
234817,20250406,1
234817,20250413,1
234817,20250420,1
234817,20250421,1
234817,20250501,1
234817,20250503,1
234817,20250504,1
234817,20250511,1
234817,20250518,1
234817,20250525,1
234817,20250601,1
234817,20250608,1
234818,20250420,1
234818,20250421,1
234818,20250427,1
234818,20250501,1
234818,20250503,1
234818,20250504,1
234819,20250420,1
234819,20250421,1
234819,20250427,1
234819,20250501,1
234819,20250503,1
234819,20250504,1
234820,20250420,1
234820,20250421,1
234820,20250427,1
234820,20250501,1
234820,20250503,1
234820,20250504,1
234821,20250323,1
234821,20250330,1
234821,20250420,1
234821,20250421,1
234821,20250427,1
234821,20250501,1
234821,20250511,1
234821,20250518,1
234821,20250525,1
234821,20250601,1
234821,20250608,1
234822,20250420,1
234822,20250421,1
234822,20250501,1
234822,20250503,1
234822,20250504,1
234823,20250420,1
234823,20250421,1
234823,20250501,1
234824,20250501,1
234825,20250323,1
234825,20250330,1
234825,20250406,1
234825,20250413,1
234825,20250511,1
234825,20250518,1
234825,20250525,1
234825,20250601,1
234825,20250608,1
234826,20250511,1
234826,20250518,1
234826,20250525,1
234826,20250601,1
234826,20250608,1
234827,20250511,1
234827,20250518,1
234827,20250525,1
234827,20250601,1
234827,20250608,1
234828,20250511,1
234828,20250518,1
234828,20250525,1
234828,20250601,1
234828,20250608,1
234829,20250321,1
234829,20250324,1
234829,20250325,1
234829,20250326,1
234829,20250327,1
234829,20250328,1
234829,20250331,1
234829,20250401,1
234829,20250402,1
234829,20250403,1
234829,20250404,1
234829,20250414,1
234829,20250415,1
234829,20250416,1
234829,20250417,1
234829,20250418,1
234829,20250422,1
234829,20250423,1
234829,20250424,1
234829,20250425,1
234829,20250428,1
234829,20250429,1
234829,20250430,1
234829,20250505,1
234829,20250506,1
234829,20250507,1
234829,20250508,1
234829,20250509,1
234829,20250512,1
234829,20250513,1
234829,20250514,1
234829,20250515,1
234829,20250516,1
234829,20250519,1
234829,20250520,1
234829,20250521,1
234829,20250522,1
234829,20250523,1
234829,20250526,1
234829,20250527,1
234829,20250528,1
234829,20250529,1
234829,20250530,1
234829,20250602,1
234829,20250603,1
234829,20250604,1
234829,20250605,1
234829,20250606,1
234829,20250609,1
234829,20250610,1
234829,20250611,1
234829,20250612,1
234829,20250613,1
234830,20250407,1
234830,20250408,1
234830,20250409,1
234830,20250410,1
234830,20250411,1
234831,20250407,1
234831,20250408,1
234831,20250409,1
234831,20250410,1
234831,20250411,1
234832,20250407,1
234832,20250408,1
234832,20250409,1
234832,20250410,1
234832,20250411,1
234833,20250405,1
234833,20250412,1
234834,20250407,1
234834,20250408,1
234834,20250409,1
234834,20250410,1
234834,20250411,1
234835,20250407,1
234835,20250408,1
234835,20250409,1
234835,20250410,1
234835,20250411,1
234836,20250321,1
234836,20250324,1
234836,20250325,1
234836,20250326,1
234836,20250327,1
234836,20250328,1
234836,20250331,1
234836,20250401,1
234836,20250402,1
234836,20250403,1
234836,20250404,1
234836,20250407,1
234836,20250408,1
234836,20250409,1
234836,20250410,1
234836,20250411,1
234836,20250414,1
234836,20250415,1
234836,20250416,1
234836,20250417,1
234836,20250418,1
234836,20250422,1
234836,20250423,1
234836,20250424,1
234836,20250425,1
234836,20250428,1
234836,20250429,1
234836,20250430,1
234836,20250505,1
234836,20250506,1
234836,20250507,1
234836,20250508,1
234836,20250509,1
234836,20250512,1
234836,20250513,1
234836,20250514,1
234836,20250515,1
234836,20250516,1
234836,20250519,1
234836,20250520,1
234836,20250521,1
234836,20250522,1
234836,20250523,1
234836,20250526,1
234836,20250527,1
234836,20250528,1
234836,20250529,1
234836,20250530,1
234836,20250602,1
234836,20250603,1
234836,20250604,1
234836,20250605,1
234836,20250606,1
234836,20250609,1
234836,20250610,1
234836,20250611,1
234836,20250612,1
234836,20250613,1
234837,20250321,1
234837,20250324,1
234837,20250325,1
234837,20250326,1
234837,20250327,1
234837,20250328,1
234837,20250331,1
234837,20250401,1
234837,20250402,1
234837,20250403,1
234837,20250404,1
234837,20250407,1
234837,20250408,1
234837,20250409,1
234837,20250410,1
234837,20250411,1
234837,20250414,1
234837,20250415,1
234837,20250416,1
234837,20250417,1
234837,20250418,1
234837,20250422,1
234837,20250423,1
234837,20250424,1
234837,20250425,1
234837,20250428,1
234837,20250429,1
234837,20250430,1
234837,20250505,1
234837,20250506,1
234837,20250507,1
234837,20250508,1
234837,20250509,1
234837,20250512,1
234837,20250513,1
234837,20250514,1
234837,20250515,1
234837,20250516,1
234837,20250519,1
234837,20250520,1
234837,20250521,1
234837,20250522,1
234837,20250523,1
234837,20250526,1
234837,20250527,1
234837,20250528,1
234837,20250529,1
234837,20250530,1
234837,20250602,1
234837,20250603,1
234837,20250604,1
234837,20250605,1
234837,20250606,1
234837,20250609,1
234837,20250610,1
234837,20250611,1
234837,20250612,1
234837,20250613,1
234838,20250321,1
234838,20250325,1
234838,20250326,1
234838,20250327,1
234838,20250328,1
234838,20250401,1
234838,20250402,1
234838,20250403,1
234838,20250404,1
234838,20250408,1
234838,20250409,1
234838,20250410,1
234838,20250411,1
234838,20250415,1
234838,20250416,1
234838,20250417,1
234838,20250418,1
234838,20250423,1
234838,20250424,1
234838,20250425,1
234838,20250429,1
234838,20250430,1
234838,20250506,1
234838,20250507,1
234838,20250508,1
234838,20250509,1
234838,20250513,1
234838,20250514,1
234838,20250515,1
234838,20250516,1
234838,20250520,1
234838,20250521,1
234838,20250522,1
234838,20250523,1
234838,20250527,1
234838,20250528,1
234838,20250529,1
234838,20250530,1
234838,20250603,1
234838,20250604,1
234838,20250605,1
234838,20250606,1
234838,20250610,1
234838,20250611,1
234838,20250612,1
234838,20250613,1
234839,20250321,1
234839,20250324,1
234839,20250325,1
234839,20250326,1
234839,20250327,1
234839,20250328,1
234839,20250331,1
234839,20250401,1
234839,20250402,1
234839,20250403,1
234839,20250404,1
234839,20250414,1
234839,20250415,1
234839,20250416,1
234839,20250417,1
234839,20250418,1
234839,20250422,1
234839,20250423,1
234839,20250424,1
234839,20250425,1
234839,20250428,1
234839,20250429,1
234839,20250430,1
234839,20250505,1
234839,20250506,1
234839,20250507,1
234839,20250508,1
234839,20250509,1
234839,20250512,1
234839,20250513,1
234839,20250514,1
234839,20250515,1
234839,20250516,1
234839,20250519,1
234839,20250520,1
234839,20250521,1
234839,20250522,1
234839,20250523,1
234839,20250526,1
234839,20250527,1
234839,20250528,1
234839,20250529,1
234839,20250530,1
234839,20250602,1
234839,20250603,1
234839,20250604,1
234839,20250605,1
234839,20250606,1
234839,20250609,1
234839,20250610,1
234839,20250611,1
234839,20250612,1
234839,20250613,1
234840,20250321,1
234840,20250324,1
234840,20250325,1
234840,20250326,1
234840,20250327,1
234840,20250328,1
234840,20250331,1
234840,20250401,1
234840,20250402,1
234840,20250403,1
234840,20250404,1
234840,20250407,1
234840,20250408,1
234840,20250409,1
234840,20250410,1
234840,20250411,1
234840,20250414,1
234840,20250415,1
234840,20250416,1
234840,20250417,1
234840,20250418,1
234840,20250422,1
234840,20250423,1
234840,20250424,1
234840,20250425,1
234840,20250428,1
234840,20250429,1
234840,20250430,1
234840,20250505,1
234840,20250506,1
234840,20250507,1
234840,20250508,1
234840,20250509,1
234840,20250512,1
234840,20250513,1
234840,20250514,1
234840,20250515,1
234840,20250516,1
234840,20250519,1
234840,20250520,1
234840,20250521,1
234840,20250522,1
234840,20250523,1
234840,20250526,1
234840,20250527,1
234840,20250528,1
234840,20250529,1
234840,20250530,1
234840,20250602,1
234840,20250603,1
234840,20250604,1
234840,20250605,1
234840,20250606,1
234840,20250609,1
234840,20250610,1
234840,20250611,1
234840,20250612,1
234840,20250613,1
234841,20250321,1
234841,20250324,1
234841,20250325,1
234841,20250326,1
234841,20250327,1
234841,20250328,1
234841,20250331,1
234841,20250401,1
234841,20250402,1
234841,20250403,1
234841,20250404,1
234841,20250414,1
234841,20250415,1
234841,20250416,1
234841,20250417,1
234841,20250418,1
234841,20250422,1
234841,20250423,1
234841,20250424,1
234841,20250425,1
234841,20250428,1
234841,20250429,1
234841,20250430,1
234841,20250505,1
234841,20250506,1
234841,20250507,1
234841,20250508,1
234841,20250509,1
234841,20250512,1
234841,20250513,1
234841,20250514,1
234841,20250515,1
234841,20250516,1
234841,20250519,1
234841,20250520,1
234841,20250521,1
234841,20250522,1
234841,20250523,1
234841,20250526,1
234841,20250527,1
234841,20250528,1
234841,20250529,1
234841,20250530,1
234841,20250602,1
234841,20250603,1
234841,20250604,1
234841,20250605,1
234841,20250606,1
234841,20250609,1
234841,20250610,1
234841,20250611,1
234841,20250612,1
234841,20250613,1
234842,20250321,1
234842,20250324,1
234842,20250325,1
234842,20250326,1
234842,20250327,1
234842,20250328,1
234842,20250331,1
234842,20250401,1
234842,20250402,1
234842,20250403,1
234842,20250404,1
234842,20250414,1
234842,20250415,1
234842,20250416,1
234842,20250417,1
234842,20250418,1
234842,20250422,1
234842,20250423,1
234842,20250424,1
234842,20250425,1
234842,20250428,1
234842,20250429,1
234842,20250430,1
234842,20250505,1
234842,20250506,1
234842,20250507,1
234842,20250508,1
234842,20250509,1
234842,20250512,1
234842,20250513,1
234842,20250514,1
234842,20250515,1
234842,20250516,1
234842,20250519,1
234842,20250520,1
234842,20250521,1
234842,20250522,1
234842,20250523,1
234842,20250526,1
234842,20250527,1
234842,20250528,1
234842,20250529,1
234842,20250530,1
234842,20250602,1
234842,20250603,1
234842,20250604,1
234842,20250605,1
234842,20250606,1
234842,20250609,1
234842,20250610,1
234842,20250611,1
234842,20250612,1
234842,20250613,1
234843,20250419,1
234843,20250420,1
234843,20250421,1
234843,20250501,1
234843,20250502,1
234843,20250503,1
234843,20250504,1
234844,20250321,1
234844,20250324,1
234844,20250325,1
234844,20250326,1
234844,20250327,1
234844,20250328,1
234844,20250331,1
234844,20250401,1
234844,20250402,1
234844,20250403,1
234844,20250404,1
234844,20250414,1
234844,20250415,1
234844,20250416,1
234844,20250417,1
234844,20250418,1
234844,20250422,1
234844,20250423,1
234844,20250424,1
234844,20250425,1
234844,20250428,1
234844,20250429,1
234844,20250430,1
234844,20250505,1
234844,20250506,1
234844,20250507,1
234844,20250508,1
234844,20250509,1
234844,20250512,1
234844,20250513,1
234844,20250514,1
234844,20250515,1
234844,20250516,1
234844,20250519,1
234844,20250520,1
234844,20250521,1
234844,20250522,1
234844,20250523,1
234844,20250526,1
234844,20250527,1
234844,20250528,1
234844,20250529,1
234844,20250530,1
234844,20250602,1
234844,20250603,1
234844,20250604,1
234844,20250605,1
234844,20250606,1
234844,20250609,1
234844,20250610,1
234844,20250611,1
234844,20250612,1
234844,20250613,1
234845,20250419,1
234846,20250321,1
234846,20250324,1
234846,20250325,1
234846,20250326,1
234846,20250327,1
234846,20250328,1
234846,20250331,1
234846,20250401,1
234846,20250402,1
234846,20250403,1
234846,20250404,1
234846,20250414,1
234846,20250415,1
234846,20250416,1
234846,20250417,1
234846,20250418,1
234846,20250422,1
234846,20250423,1
234846,20250424,1
234846,20250425,1
234846,20250428,1
234846,20250429,1
234846,20250430,1
234846,20250505,1
234846,20250506,1
234846,20250507,1
234846,20250508,1
234846,20250509,1
234846,20250512,1
234846,20250513,1
234846,20250514,1
234846,20250515,1
234846,20250516,1
234846,20250519,1
234846,20250520,1
234846,20250521,1
234846,20250522,1
234846,20250523,1
234846,20250526,1
234846,20250527,1
234846,20250528,1
234846,20250529,1
234846,20250530,1
234846,20250602,1
234846,20250603,1
234846,20250604,1
234846,20250605,1
234846,20250606,1
234846,20250609,1
234846,20250610,1
234846,20250611,1
234846,20250612,1
234846,20250613,1
234847,20250419,1
234848,20250420,1
234848,20250501,1
234849,20250321,1
234849,20250324,1
234849,20250325,1
234849,20250326,1
234849,20250327,1
234849,20250328,1
234849,20250331,1
234849,20250401,1
234849,20250402,1
234849,20250403,1
234849,20250404,1
234849,20250414,1
234849,20250415,1
234849,20250416,1
234849,20250417,1
234849,20250418,1
234849,20250422,1
234849,20250423,1
234849,20250424,1
234849,20250425,1
234849,20250428,1
234849,20250429,1
234849,20250430,1
234849,20250505,1
234849,20250506,1
234849,20250507,1
234849,20250508,1
234849,20250509,1
234849,20250512,1
234849,20250513,1
234849,20250514,1
234849,20250515,1
234849,20250516,1
234849,20250519,1
234849,20250520,1
234849,20250521,1
234849,20250522,1
234849,20250523,1
234849,20250526,1
234849,20250527,1
234849,20250528,1
234849,20250529,1
234849,20250530,1
234849,20250602,1
234849,20250603,1
234849,20250604,1
234849,20250605,1
234849,20250606,1
234849,20250609,1
234849,20250610,1
234849,20250611,1
234849,20250612,1
234849,20250613,1
234850,20250321,1
234850,20250324,1
234850,20250325,1
234850,20250326,1
234850,20250327,1
234850,20250328,1
234850,20250331,1
234850,20250401,1
234850,20250402,1
234850,20250403,1
234850,20250404,1
234850,20250414,1
234850,20250415,1
234850,20250416,1
234850,20250417,1
234850,20250418,1
234850,20250422,1
234850,20250423,1
234850,20250424,1
234850,20250425,1
234850,20250428,1
234850,20250429,1
234850,20250430,1
234850,20250505,1
234850,20250506,1
234850,20250507,1
234850,20250508,1
234850,20250509,1
234850,20250512,1
234850,20250513,1
234850,20250514,1
234850,20250515,1
234850,20250516,1
234850,20250519,1
234850,20250520,1
234850,20250521,1
234850,20250522,1
234850,20250523,1
234850,20250526,1
234850,20250527,1
234850,20250528,1
234850,20250529,1
234850,20250530,1
234850,20250602,1
234850,20250603,1
234850,20250604,1
234850,20250605,1
234850,20250606,1
234850,20250609,1
234850,20250610,1
234850,20250611,1
234850,20250612,1
234850,20250613,1
234851,20250324,1
234851,20250325,1
234851,20250326,1
234851,20250327,1
234851,20250331,1
234851,20250401,1
234851,20250402,1
234851,20250403,1
234851,20250404,1
234851,20250411,1
234851,20250414,1
234851,20250415,1
234851,20250416,1
234851,20250417,1
234851,20250418,1
234851,20250422,1
234851,20250423,1
234851,20250424,1
234851,20250425,1
234851,20250428,1
234851,20250429,1
234851,20250430,1
234851,20250505,1
234851,20250506,1
234851,20250507,1
234851,20250508,1
234851,20250509,1
234851,20250512,1
234851,20250513,1
234851,20250514,1
234851,20250515,1
234851,20250516,1
234851,20250519,1
234851,20250520,1
234851,20250521,1
234851,20250522,1
234851,20250523,1
234851,20250526,1
234851,20250527,1
234851,20250528,1
234851,20250529,1
234851,20250530,1
234851,20250602,1
234851,20250603,1
234851,20250604,1
234851,20250605,1
234851,20250606,1
234851,20250609,1
234851,20250610,1
234851,20250611,1
234851,20250612,1
234851,20250613,1
234852,20250324,1
234852,20250325,1
234852,20250326,1
234852,20250327,1
234852,20250331,1
234852,20250401,1
234852,20250402,1
234852,20250403,1
234852,20250404,1
234852,20250414,1
234852,20250415,1
234852,20250416,1
234852,20250417,1
234852,20250418,1
234852,20250422,1
234852,20250423,1
234852,20250424,1
234852,20250425,1
234852,20250428,1
234852,20250429,1
234852,20250430,1
234852,20250505,1
234852,20250506,1
234852,20250507,1
234852,20250508,1
234852,20250509,1
234852,20250512,1
234852,20250513,1
234852,20250514,1
234852,20250515,1
234852,20250516,1
234852,20250519,1
234852,20250520,1
234852,20250521,1
234852,20250522,1
234852,20250523,1
234852,20250526,1
234852,20250527,1
234852,20250528,1
234852,20250529,1
234852,20250530,1
234852,20250602,1
234852,20250603,1
234852,20250604,1
234852,20250605,1
234852,20250606,1
234852,20250609,1
234852,20250610,1
234852,20250611,1
234852,20250612,1
234852,20250613,1
234853,20250321,1
234853,20250324,1
234853,20250325,1
234853,20250326,1
234853,20250327,1
234853,20250328,1
234853,20250331,1
234853,20250401,1
234853,20250402,1
234853,20250403,1
234853,20250404,1
234853,20250414,1
234853,20250415,1
234853,20250416,1
234853,20250417,1
234853,20250418,1
234853,20250422,1
234853,20250423,1
234853,20250424,1
234853,20250425,1
234853,20250428,1
234853,20250429,1
234853,20250430,1
234853,20250505,1
234853,20250506,1
234853,20250507,1
234853,20250508,1
234853,20250509,1
234853,20250512,1
234853,20250513,1
234853,20250514,1
234853,20250515,1
234853,20250516,1
234853,20250519,1
234853,20250520,1
234853,20250521,1
234853,20250522,1
234853,20250523,1
234853,20250526,1
234853,20250527,1
234853,20250528,1
234853,20250529,1
234853,20250530,1
234853,20250602,1
234853,20250603,1
234853,20250604,1
234853,20250605,1
234853,20250606,1
234853,20250609,1
234853,20250610,1
234853,20250611,1
234853,20250612,1
234853,20250613,1
234854,20250321,1
234854,20250324,1
234854,20250325,1
234854,20250326,1
234854,20250327,1
234854,20250328,1
234854,20250331,1
234854,20250401,1
234854,20250402,1
234854,20250403,1
234854,20250404,1
234854,20250414,1
234854,20250415,1
234854,20250416,1
234854,20250417,1
234854,20250418,1
234854,20250422,1
234854,20250423,1
234854,20250424,1
234854,20250425,1
234854,20250428,1
234854,20250429,1
234854,20250430,1
234854,20250505,1
234854,20250506,1
234854,20250507,1
234854,20250508,1
234854,20250509,1
234854,20250512,1
234854,20250513,1
234854,20250514,1
234854,20250515,1
234854,20250516,1
234854,20250519,1
234854,20250520,1
234854,20250521,1
234854,20250522,1
234854,20250523,1
234854,20250526,1
234854,20250527,1
234854,20250528,1
234854,20250529,1
234854,20250530,1
234854,20250602,1
234854,20250603,1
234854,20250604,1
234854,20250605,1
234854,20250606,1
234854,20250609,1
234854,20250610,1
234854,20250611,1
234854,20250612,1
234854,20250613,1
234855,20250321,1
234855,20250324,1
234855,20250325,1
234855,20250326,1
234855,20250327,1
234855,20250328,1
234855,20250331,1
234855,20250401,1
234855,20250402,1
234855,20250403,1
234855,20250404,1
234855,20250414,1
234855,20250415,1
234855,20250416,1
234855,20250417,1
234855,20250418,1
234855,20250422,1
234855,20250423,1
234855,20250424,1
234855,20250425,1
234855,20250428,1
234855,20250429,1
234855,20250430,1
234855,20250505,1
234855,20250506,1
234855,20250507,1
234855,20250508,1
234855,20250509,1
234855,20250512,1
234855,20250513,1
234855,20250514,1
234855,20250515,1
234855,20250516,1
234855,20250519,1
234855,20250520,1
234855,20250521,1
234855,20250522,1
234855,20250523,1
234855,20250526,1
234855,20250527,1
234855,20250528,1
234855,20250529,1
234855,20250530,1
234855,20250602,1
234855,20250603,1
234855,20250604,1
234855,20250605,1
234855,20250606,1
234855,20250609,1
234855,20250610,1
234855,20250611,1
234855,20250612,1
234855,20250613,1
234856,20250321,1
234856,20250324,1
234856,20250325,1
234856,20250326,1
234856,20250327,1
234856,20250328,1
234856,20250331,1
234856,20250401,1
234856,20250402,1
234856,20250403,1
234856,20250404,1
234856,20250407,1
234856,20250408,1
234856,20250409,1
234856,20250410,1
234856,20250411,1
234856,20250414,1
234856,20250415,1
234856,20250416,1
234856,20250417,1
234856,20250418,1
234856,20250422,1
234856,20250423,1
234856,20250424,1
234856,20250425,1
234856,20250428,1
234856,20250429,1
234856,20250430,1
234856,20250505,1
234856,20250506,1
234856,20250507,1
234856,20250508,1
234856,20250509,1
234856,20250512,1
234856,20250513,1
234856,20250514,1
234856,20250515,1
234856,20250516,1
234856,20250519,1
234856,20250520,1
234856,20250521,1
234856,20250522,1
234856,20250523,1
234856,20250526,1
234856,20250527,1
234856,20250528,1
234856,20250529,1
234856,20250530,1
234856,20250602,1
234856,20250603,1
234856,20250604,1
234856,20250605,1
234856,20250606,1
234856,20250609,1
234856,20250610,1
234856,20250611,1
234856,20250612,1
234856,20250613,1
234857,20250321,1
234857,20250324,1
234857,20250325,1
234857,20250326,1
234857,20250327,1
234857,20250328,1
234857,20250331,1
234857,20250401,1
234857,20250402,1
234857,20250403,1
234857,20250404,1
234857,20250414,1
234857,20250415,1
234857,20250416,1
234857,20250417,1
234857,20250418,1
234857,20250422,1
234857,20250423,1
234857,20250424,1
234857,20250425,1
234857,20250428,1
234857,20250429,1
234857,20250430,1
234857,20250505,1
234857,20250506,1
234857,20250507,1
234857,20250508,1
234857,20250509,1
234857,20250512,1
234857,20250513,1
234857,20250514,1
234857,20250515,1
234857,20250516,1
234857,20250519,1
234857,20250520,1
234857,20250521,1
234857,20250522,1
234857,20250523,1
234857,20250526,1
234857,20250527,1
234857,20250528,1
234857,20250529,1
234857,20250530,1
234857,20250602,1
234857,20250603,1
234857,20250604,1
234857,20250605,1
234857,20250606,1
234857,20250609,1
234857,20250610,1
234857,20250611,1
234857,20250612,1
234857,20250613,1
234858,20250321,1
234858,20250324,1
234858,20250325,1
234858,20250326,1
234858,20250327,1
234858,20250328,1
234858,20250331,1
234858,20250401,1
234858,20250402,1
234858,20250403,1
234858,20250404,1
234858,20250414,1
234858,20250415,1
234858,20250416,1
234858,20250417,1
234858,20250418,1
234858,20250422,1
234858,20250423,1
234858,20250424,1
234858,20250425,1
234858,20250428,1
234858,20250429,1
234858,20250430,1
234858,20250505,1
234858,20250506,1
234858,20250507,1
234858,20250508,1
234858,20250509,1
234858,20250512,1
234858,20250513,1
234858,20250514,1
234858,20250515,1
234858,20250516,1
234858,20250519,1
234858,20250520,1
234858,20250521,1
234858,20250522,1
234858,20250523,1
234858,20250526,1
234858,20250527,1
234858,20250528,1
234858,20250529,1
234858,20250530,1
234858,20250602,1
234858,20250603,1
234858,20250604,1
234858,20250605,1
234858,20250606,1
234858,20250609,1
234858,20250610,1
234858,20250611,1
234858,20250612,1
234858,20250613,1
234859,20250321,1
234859,20250324,1
234859,20250325,1
234859,20250326,1
234859,20250327,1
234859,20250328,1
234859,20250331,1
234859,20250401,1
234859,20250402,1
234859,20250403,1
234859,20250404,1
234859,20250414,1
234859,20250415,1
234859,20250416,1
234859,20250417,1
234859,20250418,1
234859,20250422,1
234859,20250423,1
234859,20250424,1
234859,20250425,1
234859,20250428,1
234859,20250429,1
234859,20250430,1
234859,20250505,1
234859,20250506,1
234859,20250507,1
234859,20250508,1
234859,20250509,1
234859,20250512,1
234859,20250513,1
234859,20250514,1
234859,20250515,1
234859,20250516,1
234859,20250519,1
234859,20250520,1
234859,20250521,1
234859,20250522,1
234859,20250523,1
234859,20250526,1
234859,20250527,1
234859,20250528,1
234859,20250529,1
234859,20250530,1
234859,20250602,1
234859,20250603,1
234859,20250604,1
234859,20250605,1
234859,20250606,1
234859,20250609,1
234859,20250610,1
234859,20250611,1
234859,20250612,1
234859,20250613,1
234860,20250321,1
234860,20250324,1
234860,20250325,1
234860,20250326,1
234860,20250327,1
234860,20250328,1
234860,20250331,1
234860,20250401,1
234860,20250402,1
234860,20250403,1
234860,20250404,1
234860,20250414,1
234860,20250415,1
234860,20250416,1
234860,20250417,1
234860,20250418,1
234860,20250422,1
234860,20250423,1
234860,20250424,1
234860,20250425,1
234860,20250428,1
234860,20250429,1
234860,20250430,1
234860,20250505,1
234860,20250506,1
234860,20250507,1
234860,20250508,1
234860,20250509,1
234860,20250512,1
234860,20250513,1
234860,20250514,1
234860,20250515,1
234860,20250516,1
234860,20250519,1
234860,20250520,1
234860,20250521,1
234860,20250522,1
234860,20250523,1
234860,20250526,1
234860,20250527,1
234860,20250528,1
234860,20250529,1
234860,20250530,1
234860,20250602,1
234860,20250603,1
234860,20250604,1
234860,20250605,1
234860,20250606,1
234860,20250609,1
234860,20250610,1
234860,20250611,1
234860,20250612,1
234860,20250613,1
234861,20250407,1
234861,20250408,1
234861,20250409,1
234861,20250410,1
234861,20250411,1
234862,20250407,1
234862,20250408,1
234862,20250409,1
234862,20250410,1
234862,20250411,1
234863,20250322,1
234863,20250329,1
234863,20250405,1
234863,20250412,1
234863,20250510,1
234863,20250517,1
234863,20250524,1
234863,20250531,1
234863,20250607,1
234863,20250614,1
234864,20250321,1
234864,20250324,1
234864,20250325,1
234864,20250326,1
234864,20250327,1
234864,20250328,1
234864,20250331,1
234864,20250401,1
234864,20250402,1
234864,20250403,1
234864,20250404,1
234864,20250414,1
234864,20250415,1
234864,20250416,1
234864,20250417,1
234864,20250418,1
234864,20250422,1
234864,20250423,1
234864,20250424,1
234864,20250425,1
234864,20250428,1
234864,20250429,1
234864,20250430,1
234864,20250505,1
234864,20250506,1
234864,20250507,1
234864,20250508,1
234864,20250509,1
234864,20250512,1
234864,20250513,1
234864,20250514,1
234864,20250515,1
234864,20250516,1
234864,20250519,1
234864,20250520,1
234864,20250521,1
234864,20250522,1
234864,20250523,1
234864,20250526,1
234864,20250527,1
234864,20250528,1
234864,20250529,1
234864,20250530,1
234864,20250602,1
234864,20250603,1
234864,20250604,1
234864,20250605,1
234864,20250606,1
234864,20250609,1
234864,20250610,1
234864,20250611,1
234864,20250612,1
234864,20250613,1
234865,20250419,1
234865,20250502,1
234866,20250407,1
234866,20250408,1
234866,20250409,1
234866,20250410,1
234866,20250411,1
234867,20250323,1
234867,20250330,1
234868,20250322,1
234868,20250329,1
234869,20250405,1
234869,20250412,1
234870,20250427,1
234871,20250420,1
234871,20250421,1
234872,20250321,1
234872,20250324,1
234872,20250325,1
234872,20250326,1
234872,20250327,1
234872,20250328,1
234872,20250331,1
234872,20250401,1
234872,20250402,1
234872,20250403,1
234872,20250404,1
234872,20250407,1
234872,20250408,1
234872,20250409,1
234872,20250410,1
234872,20250411,1
234872,20250414,1
234872,20250415,1
234872,20250416,1
234872,20250417,1
234872,20250418,1
234872,20250422,1
234872,20250423,1
234872,20250424,1
234872,20250425,1
234872,20250428,1
234872,20250429,1
234872,20250505,1
234872,20250506,1
234872,20250507,1
234872,20250508,1
234872,20250509,1
234872,20250512,1
234872,20250513,1
234872,20250514,1
234872,20250515,1
234872,20250516,1
234872,20250519,1
234872,20250520,1
234872,20250521,1
234872,20250522,1
234872,20250523,1
234872,20250526,1
234872,20250527,1
234872,20250528,1
234872,20250529,1
234872,20250530,1
234872,20250602,1
234872,20250603,1
234872,20250604,1
234872,20250605,1
234872,20250606,1
234872,20250609,1
234872,20250610,1
234872,20250611,1
234872,20250612,1
234872,20250613,1
234873,20250321,1
234873,20250325,1
234873,20250326,1
234873,20250327,1
234873,20250328,1
234873,20250401,1
234873,20250402,1
234873,20250403,1
234873,20250404,1
234873,20250408,1
234873,20250409,1
234873,20250410,1
234873,20250411,1
234873,20250415,1
234873,20250416,1
234873,20250417,1
234873,20250418,1
234873,20250423,1
234873,20250424,1
234873,20250425,1
234873,20250429,1
234873,20250430,1
234873,20250506,1
234873,20250507,1
234873,20250508,1
234873,20250509,1
234873,20250513,1
234873,20250514,1
234873,20250515,1
234873,20250516,1
234873,20250520,1
234873,20250521,1
234873,20250522,1
234873,20250523,1
234873,20250527,1
234873,20250528,1
234873,20250529,1
234873,20250530,1
234873,20250603,1
234873,20250604,1
234873,20250605,1
234873,20250606,1
234873,20250610,1
234873,20250611,1
234873,20250612,1
234873,20250613,1
234874,20250321,1
234874,20250324,1
234874,20250325,1
234874,20250326,1
234874,20250327,1
234874,20250328,1
234874,20250331,1
234874,20250401,1
234874,20250402,1
234874,20250403,1
234874,20250404,1
234874,20250407,1
234874,20250408,1
234874,20250409,1
234874,20250410,1
234874,20250411,1
234874,20250414,1
234874,20250415,1
234874,20250416,1
234874,20250417,1
234874,20250418,1
234874,20250422,1
234874,20250423,1
234874,20250424,1
234874,20250425,1
234874,20250428,1
234874,20250429,1
234874,20250430,1
234874,20250505,1
234874,20250506,1
234874,20250507,1
234874,20250508,1
234874,20250509,1
234874,20250512,1
234874,20250513,1
234874,20250514,1
234874,20250515,1
234874,20250516,1
234874,20250519,1
234874,20250520,1
234874,20250521,1
234874,20250522,1
234874,20250523,1
234874,20250526,1
234874,20250527,1
234874,20250528,1
234874,20250529,1
234874,20250530,1
234874,20250602,1
234874,20250603,1
234874,20250604,1
234874,20250605,1
234874,20250606,1
234874,20250609,1
234874,20250610,1
234874,20250611,1
234874,20250612,1
234874,20250613,1
234875,20250321,1
234875,20250324,1
234875,20250325,1
234875,20250326,1
234875,20250327,1
234875,20250328,1
234875,20250331,1
234875,20250401,1
234875,20250402,1
234875,20250403,1
234875,20250404,1
234875,20250414,1
234875,20250415,1
234875,20250416,1
234875,20250417,1
234875,20250418,1
234875,20250422,1
234875,20250423,1
234875,20250424,1
234875,20250425,1
234875,20250428,1
234875,20250429,1
234875,20250430,1
234875,20250505,1
234875,20250506,1
234875,20250507,1
234875,20250508,1
234875,20250509,1
234875,20250512,1
234875,20250513,1
234875,20250514,1
234875,20250515,1
234875,20250516,1
234875,20250519,1
234875,20250520,1
234875,20250521,1
234875,20250522,1
234875,20250523,1
234875,20250526,1
234875,20250527,1
234875,20250528,1
234875,20250529,1
234875,20250530,1
234875,20250602,1
234875,20250603,1
234875,20250604,1
234875,20250605,1
234875,20250606,1
234875,20250609,1
234875,20250610,1
234875,20250611,1
234875,20250612,1
234875,20250613,1
234876,20250322,1
234876,20250329,1
234876,20250405,1
234876,20250412,1
234876,20250510,1
234876,20250517,1
234876,20250524,1
234876,20250531,1
234876,20250607,1
234876,20250614,1
234877,20250420,1
234877,20250421,1
234877,20250427,1
234877,20250501,1
234877,20250503,1
234877,20250504,1
234878,20250511,1
234878,20250518,1
234878,20250525,1
234878,20250601,1
234878,20250608,1
234879,20250510,1
234879,20250517,1
234879,20250524,1
234879,20250531,1
234879,20250607,1
234879,20250614,1
234880,20250510,1
234880,20250517,1
234880,20250524,1
234880,20250531,1
234880,20250607,1
234880,20250614,1
234881,20250510,1
234881,20250517,1
234881,20250524,1
234881,20250531,1
234881,20250607,1
234881,20250614,1
234882,20250510,1
234882,20250517,1
234882,20250524,1
234882,20250531,1
234882,20250607,1
234882,20250614,1
234883,20250510,1
234883,20250517,1
234883,20250524,1
234883,20250531,1
234883,20250607,1
234883,20250614,1
234884,20250510,1
234884,20250517,1
234884,20250524,1
234884,20250531,1
234884,20250607,1
234884,20250614,1
234885,20250511,1
234885,20250518,1
234885,20250525,1
234885,20250601,1
234885,20250608,1
234886,20250511,1
234886,20250518,1
234886,20250525,1
234886,20250601,1
234886,20250608,1
234887,20250518,1
234887,20250525,1
234887,20250601,1
234887,20250608,1
234888,20250322,1
234888,20250329,1
234889,20250324,1
234889,20250331,1
234890,20250321,1
234890,20250328,1
234891,20250321,1
234891,20250328,1
234892,20250322,1
234892,20250329,1
234893,20250322,1
234893,20250329,1
234894,20250323,1
234894,20250330,1
234895,20250323,1
234895,20250330,1
234896,20250323,1
234896,20250330,1
234897,20250405,1
234897,20250412,1
234898,20250405,1
234898,20250412,1
234899,20250503,1
234899,20250504,1
234900,20250503,1
234901,20250503,1
234901,20250504,1
234902,20250503,1
234902,20250504,1
234903,20250503,1
234903,20250504,1
234904,20250503,1
234904,20250504,1
234905,20250503,1
234905,20250504,1
234906,20250503,1
234906,20250504,1
234907,20250427,1
234908,20250427,1
234909,20250427,1
234910,20250427,1
234911,20250427,1
234912,20250427,1
234913,20250427,1
234914,20250427,1
234915,20250427,1
234916,20250427,1
234917,20250322,1
234917,20250329,1
234918,20250321,1
234918,20250324,1
234918,20250325,1
234918,20250326,1
234918,20250327,1
234918,20250328,1
234918,20250331,1
234918,20250401,1
234918,20250402,1
234918,20250403,1
234918,20250404,1
234918,20250414,1
234918,20250415,1
234918,20250416,1
234918,20250417,1
234918,20250418,1
234918,20250422,1
234918,20250423,1
234918,20250424,1
234918,20250425,1
234918,20250428,1
234918,20250429,1
234918,20250430,1
234918,20250505,1
234918,20250506,1
234918,20250507,1
234918,20250508,1
234918,20250509,1
234918,20250512,1
234918,20250513,1
234918,20250514,1
234918,20250515,1
234918,20250516,1
234918,20250519,1
234918,20250520,1
234918,20250521,1
234918,20250522,1
234918,20250523,1
234918,20250526,1
234918,20250527,1
234918,20250528,1
234918,20250529,1
234918,20250530,1
234918,20250602,1
234918,20250603,1
234918,20250604,1
234918,20250605,1
234918,20250606,1
234918,20250609,1
234918,20250610,1
234918,20250611,1
234918,20250612,1
234918,20250613,1
234919,20250407,1
234919,20250408,1
234919,20250409,1
234919,20250410,1
234919,20250411,1
234920,20250407,1
234920,20250408,1
234920,20250409,1
234920,20250410,1
234920,20250411,1
234921,20250407,1
234921,20250408,1
234921,20250409,1
234921,20250410,1
234921,20250411,1
234922,20250407,1
234922,20250408,1
234922,20250409,1
234922,20250410,1
234922,20250411,1
234923,20250407,1
234923,20250408,1
234923,20250409,1
234923,20250410,1
234923,20250411,1
234924,20250407,1
234924,20250408,1
234924,20250409,1
234924,20250410,1
234924,20250411,1
234925,20250322,1
234925,20250329,1
234926,20250322,1
234926,20250329,1
234927,20250322,1
234927,20250329,1
234928,20250322,1
234928,20250329,1
234929,20250322,1
234929,20250329,1
234930,20250322,1
234930,20250329,1
234931,20250323,1
234931,20250330,1
234932,20250323,1
234933,20250405,1
234933,20250412,1
234934,20250405,1
234934,20250412,1
234935,20250406,1
234935,20250413,1
234936,20250406,1
234936,20250413,1
234937,20250405,1
234937,20250412,1
234938,20250426,1
234939,20250426,1
234940,20250426,1
234941,20250426,1
234942,20250426,1
234943,20250426,1
234944,20250426,1
234945,20250426,1
234946,20250426,1
234947,20250426,1
234948,20250426,1
234949,20250426,1
234950,20250503,1
234950,20250504,1
234951,20250503,1
234951,20250504,1
234952,20250419,1
234952,20250502,1
234953,20250322,1
234953,20250329,1
234953,20250405,1
234953,20250412,1
234953,20250419,1
234953,20250510,1
234953,20250517,1
234953,20250524,1
234953,20250531,1
234953,20250607,1
234953,20250614,1
234954,20250321,1
234954,20250324,1
234954,20250325,1
234954,20250326,1
234954,20250327,1
234954,20250328,1
234954,20250331,1
234954,20250401,1
234954,20250402,1
234954,20250403,1
234954,20250404,1
234954,20250414,1
234954,20250415,1
234954,20250416,1
234954,20250417,1
234954,20250418,1
234954,20250422,1
234954,20250423,1
234954,20250424,1
234954,20250425,1
234954,20250428,1
234954,20250429,1
234954,20250430,1
234954,20250505,1
234954,20250506,1
234954,20250507,1
234954,20250508,1
234954,20250509,1
234954,20250512,1
234954,20250513,1
234954,20250514,1
234954,20250515,1
234954,20250516,1
234954,20250519,1
234954,20250520,1
234954,20250521,1
234954,20250522,1
234954,20250523,1
234954,20250526,1
234954,20250527,1
234954,20250528,1
234954,20250529,1
234954,20250530,1
234954,20250602,1
234954,20250603,1
234954,20250604,1
234954,20250605,1
234954,20250606,1
234954,20250609,1
234954,20250610,1
234954,20250611,1
234954,20250612,1
234954,20250613,1
234955,20250321,1
234955,20250324,1
234955,20250325,1
234955,20250326,1
234955,20250327,1
234955,20250328,1
234955,20250331,1
234955,20250401,1
234955,20250402,1
234955,20250403,1
234955,20250404,1
234955,20250414,1
234955,20250415,1
234955,20250416,1
234955,20250417,1
234955,20250418,1
234955,20250422,1
234955,20250423,1
234955,20250424,1
234955,20250425,1
234955,20250428,1
234955,20250429,1
234955,20250430,1
234955,20250505,1
234955,20250506,1
234955,20250507,1
234955,20250508,1
234955,20250509,1
234955,20250512,1
234955,20250513,1
234955,20250514,1
234955,20250515,1
234955,20250516,1
234955,20250519,1
234955,20250520,1
234955,20250521,1
234955,20250522,1
234955,20250523,1
234955,20250526,1
234955,20250527,1
234955,20250528,1
234955,20250529,1
234955,20250530,1
234955,20250602,1
234955,20250603,1
234955,20250604,1
234955,20250605,1
234955,20250606,1
234955,20250609,1
234955,20250610,1
234955,20250611,1
234955,20250612,1
234955,20250613,1
234956,20250321,1
234956,20250324,1
234956,20250325,1
234956,20250326,1
234956,20250327,1
234956,20250328,1
234956,20250331,1
234956,20250401,1
234956,20250402,1
234956,20250403,1
234956,20250404,1
234956,20250414,1
234956,20250415,1
234956,20250416,1
234956,20250417,1
234956,20250418,1
234956,20250422,1
234956,20250423,1
234956,20250424,1
234956,20250425,1
234956,20250428,1
234956,20250429,1
234956,20250430,1
234956,20250505,1
234956,20250506,1
234956,20250507,1
234956,20250508,1
234956,20250509,1
234956,20250512,1
234956,20250513,1
234956,20250514,1
234956,20250515,1
234956,20250516,1
234956,20250519,1
234956,20250520,1
234956,20250521,1
234956,20250522,1
234956,20250523,1
234956,20250526,1
234956,20250527,1
234956,20250528,1
234956,20250529,1
234956,20250530,1
234956,20250602,1
234956,20250603,1
234956,20250604,1
234956,20250605,1
234956,20250606,1
234956,20250609,1
234956,20250610,1
234956,20250611,1
234956,20250612,1
234956,20250613,1
234957,20250321,1
234957,20250324,1
234957,20250325,1
234957,20250326,1
234957,20250327,1
234957,20250328,1
234957,20250331,1
234957,20250401,1
234957,20250402,1
234957,20250403,1
234957,20250404,1
234957,20250414,1
234957,20250415,1
234957,20250416,1
234957,20250417,1
234957,20250418,1
234957,20250422,1
234957,20250423,1
234957,20250424,1
234957,20250425,1
234957,20250428,1
234957,20250429,1
234957,20250430,1
234957,20250505,1
234957,20250506,1
234957,20250507,1
234957,20250508,1
234957,20250509,1
234957,20250512,1
234957,20250513,1
234957,20250514,1
234957,20250515,1
234957,20250516,1
234957,20250519,1
234957,20250520,1
234957,20250521,1
234957,20250522,1
234957,20250523,1
234957,20250526,1
234957,20250527,1
234957,20250528,1
234957,20250529,1
234957,20250530,1
234957,20250602,1
234957,20250603,1
234957,20250604,1
234957,20250605,1
234957,20250606,1
234957,20250609,1
234957,20250610,1
234957,20250611,1
234957,20250612,1
234957,20250613,1
234958,20250420,1
234958,20250421,1
234958,20250503,1
234958,20250504,1
234959,20250501,1
234960,20250420,1
234960,20250421,1
234961,20250503,1
234961,20250504,1
234962,20250406,1
234962,20250413,1
234963,20250503,1
234963,20250504,1
234964,20250503,1
234964,20250504,1
234965,20250503,1
234965,20250504,1
234966,20250503,1
234966,20250504,1
234967,20250503,1
234967,20250504,1
234968,20250503,1
234968,20250504,1
234969,20250503,1
234969,20250504,1
234970,20250503,1
234970,20250504,1
234971,20250426,1
234972,20250426,1
234973,20250426,1
234974,20250510,1
234974,20250517,1
234974,20250524,1
234974,20250531,1
234974,20250607,1
234974,20250614,1
234975,20250511,1
234975,20250518,1
234975,20250525,1
234975,20250601,1
234975,20250608,1
234976,20250419,1
234976,20250502,1
234977,20250419,1
234977,20250502,1
234978,20250419,1
234978,20250502,1
234979,20250419,1
234979,20250502,1
234980,20250419,1
234980,20250502,1
234981,20250419,1
234981,20250502,1
234982,20250419,1
234982,20250502,1
234983,20250321,1
234983,20250324,1
234983,20250325,1
234983,20250326,1
234983,20250327,1
234983,20250328,1
234983,20250331,1
234983,20250401,1
234983,20250402,1
234983,20250403,1
234983,20250404,1
234983,20250414,1
234983,20250415,1
234983,20250416,1
234983,20250417,1
234983,20250418,1
234983,20250422,1
234983,20250423,1
234983,20250424,1
234983,20250425,1
234983,20250428,1
234983,20250429,1
234983,20250430,1
234983,20250505,1
234983,20250506,1
234983,20250507,1
234983,20250508,1
234983,20250509,1
234983,20250512,1
234983,20250513,1
234983,20250514,1
234983,20250515,1
234983,20250516,1
234983,20250519,1
234983,20250520,1
234983,20250521,1
234983,20250522,1
234983,20250523,1
234983,20250526,1
234983,20250527,1
234983,20250528,1
234983,20250529,1
234983,20250530,1
234983,20250602,1
234983,20250603,1
234983,20250604,1
234983,20250605,1
234983,20250606,1
234983,20250609,1
234983,20250610,1
234983,20250611,1
234983,20250612,1
234983,20250613,1
234984,20250407,1
234984,20250408,1
234984,20250409,1
234984,20250410,1
234984,20250411,1
234985,20250419,1
234985,20250502,1
234986,20250419,1
234986,20250426,1
234986,20250502,1
234987,20250321,1
234987,20250324,1
234987,20250325,1
234987,20250326,1
234987,20250327,1
234987,20250328,1
234987,20250331,1
234987,20250401,1
234987,20250402,1
234987,20250403,1
234987,20250404,1
234987,20250414,1
234987,20250415,1
234987,20250416,1
234987,20250417,1
234987,20250418,1
234987,20250422,1
234987,20250423,1
234987,20250424,1
234987,20250425,1
234987,20250428,1
234987,20250429,1
234987,20250430,1
234987,20250505,1
234987,20250506,1
234987,20250507,1
234987,20250508,1
234987,20250509,1
234987,20250512,1
234987,20250513,1
234987,20250514,1
234987,20250515,1
234987,20250516,1
234987,20250519,1
234987,20250520,1
234987,20250521,1
234987,20250522,1
234987,20250523,1
234987,20250526,1
234987,20250527,1
234987,20250528,1
234987,20250529,1
234987,20250530,1
234987,20250602,1
234987,20250603,1
234987,20250604,1
234987,20250605,1
234987,20250606,1
234987,20250609,1
234987,20250610,1
234987,20250611,1
234987,20250612,1
234987,20250613,1
234988,20250321,1
234988,20250324,1
234988,20250325,1
234988,20250326,1
234988,20250327,1
234988,20250328,1
234988,20250331,1
234988,20250401,1
234988,20250402,1
234988,20250403,1
234988,20250404,1
234988,20250414,1
234988,20250415,1
234988,20250416,1
234988,20250417,1
234988,20250418,1
234988,20250422,1
234988,20250423,1
234988,20250424,1
234988,20250425,1
234988,20250428,1
234988,20250429,1
234988,20250430,1
234988,20250505,1
234988,20250506,1
234988,20250507,1
234988,20250508,1
234988,20250509,1
234988,20250512,1
234988,20250513,1
234988,20250514,1
234988,20250515,1
234988,20250516,1
234988,20250519,1
234988,20250520,1
234988,20250521,1
234988,20250522,1
234988,20250523,1
234988,20250526,1
234988,20250527,1
234988,20250528,1
234988,20250529,1
234988,20250530,1
234988,20250602,1
234988,20250603,1
234988,20250604,1
234988,20250605,1
234988,20250606,1
234988,20250609,1
234988,20250610,1
234988,20250611,1
234988,20250612,1
234988,20250613,1
234989,20250407,1
234989,20250408,1
234989,20250409,1
234989,20250410,1
234989,20250411,1
234990,20250510,1
234990,20250517,1
234990,20250524,1
234990,20250531,1
234990,20250607,1
234990,20250614,1
234991,20250405,1
234991,20250412,1
234992,20250405,1
234993,20250406,1
234993,20250413,1
234994,20250406,1
234994,20250413,1
234995,20250406,1
234995,20250413,1
234996,20250405,1
234996,20250412,1
234997,20250406,1
234997,20250413,1
234998,20250405,1
234998,20250412,1
234999,20250419,1
234999,20250502,1
235000,20250419,1
235000,20250502,1
235001,20250406,1
235001,20250413,1
235002,20250406,1
235002,20250413,1
235003,20250426,1
235004,20250406,1
235004,20250413,1
235005,20250427,1
235006,20250426,1
235007,20250419,1
235007,20250502,1
235008,20250323,1
235008,20250330,1
235008,20250406,1
235008,20250413,1
235008,20250511,1
235008,20250518,1
235008,20250525,1
235008,20250601,1
235008,20250608,1
235009,20250510,1
235009,20250517,1
235009,20250524,1
235009,20250531,1
235009,20250607,1
235009,20250614,1
235010,20250405,1
235010,20250412,1
235011,20250427,1
235012,20250322,1
235012,20250329,1
235013,20250501,1
235014,20250321,1
235014,20250324,1
235014,20250325,1
235014,20250326,1
235014,20250327,1
235014,20250328,1
235014,20250331,1
235014,20250401,1
235014,20250402,1
235014,20250403,1
235014,20250404,1
235014,20250414,1
235014,20250415,1
235014,20250416,1
235014,20250417,1
235014,20250418,1
235014,20250422,1
235014,20250423,1
235014,20250424,1
235014,20250425,1
235014,20250428,1
235014,20250429,1
235014,20250430,1
235014,20250505,1
235014,20250506,1
235014,20250507,1
235014,20250508,1
235014,20250509,1
235014,20250512,1
235014,20250513,1
235014,20250514,1
235014,20250515,1
235014,20250516,1
235014,20250519,1
235014,20250520,1
235014,20250521,1
235014,20250522,1
235014,20250523,1
235014,20250526,1
235014,20250527,1
235014,20250528,1
235014,20250529,1
235014,20250530,1
235014,20250602,1
235014,20250603,1
235014,20250604,1
235014,20250605,1
235014,20250606,1
235014,20250609,1
235014,20250610,1
235014,20250611,1
235014,20250612,1
235014,20250613,1
235015,20250511,1
235016,20250419,1
235016,20250502,1
235017,20250419,1
235017,20250502,1
235018,20250502,1
235019,20250322,1
235019,20250329,1
235019,20250405,1
235019,20250412,1
235019,20250419,1
235019,20250426,1
235019,20250502,1
235020,20250419,1
235020,20250502,1
235021,20250419,1
235021,20250502,1
235022,20250419,1
235022,20250502,1
235023,20250419,1
235023,20250502,1
235024,20250419,1
235024,20250502,1
235025,20250323,1
235025,20250330,1
235025,20250406,1
235025,20250413,1
235025,20250420,1
235025,20250421,1
235025,20250427,1
235025,20250501,1
235025,20250503,1
235025,20250504,1
235025,20250511,1
235025,20250518,1
235025,20250525,1
235025,20250601,1
235025,20250608,1
235026,20250419,1
235026,20250426,1
235026,20250502,1
235027,20250419,1
235027,20250502,1
235028,20250419,1
235029,20250420,1
235029,20250421,1
235029,20250501,1
235029,20250503,1
235029,20250504,1
235030,20250420,1
235030,20250421,1
235030,20250501,1
235030,20250503,1
235030,20250504,1
235031,20250501,1
235031,20250503,1
235031,20250504,1
235032,20250323,1
235032,20250330,1
235033,20250323,1
235033,20250330,1
235034,20250323,1
235034,20250330,1
235035,20250322,1
235035,20250329,1
235036,20250322,1
235036,20250329,1
235037,20250427,1
235038,20250427,1
235039,20250427,1
235040,20250427,1
235041,20250427,1
235042,20250427,1
235043,20250503,1
235043,20250504,1
235044,20250322,1
235044,20250329,1
235044,20250405,1
235044,20250412,1
235044,20250419,1
235044,20250426,1
235044,20250502,1
235045,20250420,1
235045,20250421,1
235046,20250321,1
235046,20250324,1
235046,20250325,1
235046,20250326,1
235046,20250327,1
235046,20250328,1
235046,20250331,1
235046,20250401,1
235046,20250402,1
235046,20250403,1
235046,20250404,1
235046,20250414,1
235046,20250415,1
235046,20250416,1
235046,20250417,1
235046,20250418,1
235046,20250422,1
235046,20250423,1
235046,20250424,1
235046,20250425,1
235046,20250428,1
235046,20250429,1
235046,20250430,1
235046,20250505,1
235046,20250506,1
235046,20250507,1
235046,20250508,1
235046,20250509,1
235046,20250512,1
235046,20250513,1
235046,20250514,1
235046,20250515,1
235046,20250516,1
235046,20250519,1
235046,20250520,1
235046,20250521,1
235046,20250522,1
235046,20250523,1
235046,20250526,1
235046,20250527,1
235046,20250528,1
235046,20250529,1
235046,20250530,1
235046,20250602,1
235046,20250603,1
235046,20250604,1
235046,20250605,1
235046,20250606,1
235046,20250609,1
235046,20250610,1
235046,20250611,1
235046,20250612,1
235046,20250613,1
235047,20250510,1
235047,20250517,1
235047,20250524,1
235047,20250531,1
235047,20250607,1
235047,20250614,1
235048,20250427,1
235049,20250405,1
235049,20250412,1
235050,20250405,1
235050,20250412,1
235051,20250602,1
235051,20250603,1
235051,20250604,1
235051,20250605,1
235051,20250606,1
235051,20250609,1
235051,20250610,1
235051,20250611,1
235051,20250612,1
235051,20250613,1
235052,20250603,1
235052,20250604,1
235052,20250605,1
235052,20250606,1
235052,20250610,1
235052,20250611,1
235052,20250612,1
235052,20250613,1
235053,20250602,1
235053,20250609,1
235054,20250602,1
235054,20250603,1
235054,20250604,1
235054,20250605,1
235054,20250606,1
235054,20250609,1
235054,20250610,1
235054,20250611,1
235054,20250612,1
235054,20250613,1
235055,20250324,1
235055,20250325,1
235055,20250326,1
235055,20250327,1
235055,20250331,1
235055,20250401,1
235055,20250402,1
235055,20250403,1
235055,20250414,1
235055,20250415,1
235055,20250416,1
235055,20250417,1
235055,20250422,1
235055,20250423,1
235055,20250424,1
235055,20250428,1
235055,20250429,1
235055,20250505,1
235055,20250506,1
235055,20250507,1
235055,20250508,1
235055,20250512,1
235055,20250513,1
235055,20250514,1
235055,20250515,1
235055,20250519,1
235055,20250520,1
235055,20250521,1
235055,20250522,1
235055,20250526,1
235055,20250527,1
235055,20250528,1
235055,20250529,1
235055,20250602,1
235055,20250603,1
235055,20250604,1
235055,20250605,1
235055,20250609,1
235055,20250610,1
235055,20250611,1
235055,20250612,1
235056,20250324,1
235056,20250325,1
235056,20250326,1
235056,20250327,1
235056,20250331,1
235056,20250401,1
235056,20250402,1
235056,20250403,1
235056,20250414,1
235056,20250415,1
235056,20250416,1
235056,20250417,1
235056,20250422,1
235056,20250423,1
235056,20250424,1
235056,20250428,1
235056,20250429,1
235056,20250505,1
235056,20250506,1
235056,20250507,1
235056,20250508,1
235056,20250512,1
235056,20250513,1
235056,20250514,1
235056,20250515,1
235056,20250519,1
235056,20250520,1
235056,20250521,1
235056,20250522,1
235056,20250526,1
235056,20250527,1
235056,20250528,1
235056,20250529,1
235056,20250602,1
235056,20250603,1
235056,20250604,1
235056,20250605,1
235056,20250609,1
235056,20250610,1
235056,20250611,1
235056,20250612,1
235057,20250324,1
235057,20250325,1
235057,20250326,1
235057,20250327,1
235057,20250331,1
235057,20250401,1
235057,20250402,1
235057,20250403,1
235057,20250414,1
235057,20250415,1
235057,20250416,1
235057,20250417,1
235057,20250422,1
235057,20250423,1
235057,20250424,1
235057,20250428,1
235057,20250429,1
235057,20250505,1
235057,20250506,1
235057,20250507,1
235057,20250508,1
235057,20250512,1
235057,20250513,1
235057,20250514,1
235057,20250515,1
235057,20250519,1
235057,20250520,1
235057,20250521,1
235057,20250522,1
235057,20250526,1
235057,20250527,1
235057,20250528,1
235057,20250529,1
235057,20250602,1
235057,20250603,1
235057,20250604,1
235057,20250605,1
235057,20250609,1
235057,20250610,1
235057,20250611,1
235057,20250612,1
235058,20250419,1
235058,20250502,1
235059,20250322,1
235059,20250329,1
235060,20250510,1
235060,20250517,1
235060,20250524,1
235060,20250531,1
235060,20250607,1
235060,20250614,1
235061,20250510,1
235061,20250517,1
235061,20250524,1
235061,20250531,1
235061,20250607,1
235061,20250614,1
235062,20250322,1
235062,20250329,1
235063,20250323,1
235063,20250330,1
235064,20250323,1
235064,20250330,1
235065,20250323,1
235065,20250330,1
235066,20250405,1
235066,20250412,1
235067,20250406,1
235067,20250413,1
235068,20250405,1
235068,20250412,1
235069,20250406,1
235069,20250413,1
235070,20250406,1
235070,20250413,1
235071,20250323,1
235071,20250330,1
235072,20250323,1
235072,20250330,1
235073,20250322,1
235073,20250329,1
235074,20250322,1
235074,20250329,1
235075,20250405,1
235075,20250412,1
235076,20250321,1
235076,20250324,1
235076,20250325,1
235076,20250326,1
235076,20250327,1
235076,20250328,1
235076,20250331,1
235076,20250401,1
235076,20250402,1
235076,20250403,1
235076,20250404,1
235076,20250414,1
235076,20250415,1
235076,20250416,1
235076,20250417,1
235076,20250418,1
235076,20250422,1
235076,20250423,1
235076,20250424,1
235076,20250425,1
235076,20250428,1
235076,20250429,1
235076,20250430,1
235076,20250505,1
235076,20250506,1
235076,20250507,1
235076,20250508,1
235076,20250509,1
235076,20250512,1
235076,20250513,1
235076,20250514,1
235076,20250515,1
235076,20250516,1
235076,20250519,1
235076,20250520,1
235076,20250521,1
235076,20250522,1
235076,20250523,1
235076,20250526,1
235076,20250527,1
235076,20250528,1
235076,20250529,1
235076,20250530,1
235076,20250602,1
235076,20250603,1
235076,20250604,1
235076,20250605,1
235076,20250606,1
235076,20250609,1
235076,20250610,1
235076,20250611,1
235076,20250612,1
235076,20250613,1
235077,20250321,1
235077,20250324,1
235077,20250325,1
235077,20250326,1
235077,20250327,1
235077,20250328,1
235077,20250331,1
235077,20250401,1
235077,20250402,1
235077,20250403,1
235077,20250404,1
235077,20250414,1
235077,20250415,1
235077,20250416,1
235077,20250417,1
235077,20250418,1
235077,20250422,1
235077,20250423,1
235077,20250424,1
235077,20250425,1
235077,20250428,1
235077,20250429,1
235077,20250430,1
235077,20250505,1
235077,20250506,1
235077,20250507,1
235077,20250508,1
235077,20250509,1
235077,20250512,1
235077,20250513,1
235077,20250514,1
235077,20250515,1
235077,20250516,1
235077,20250519,1
235077,20250520,1
235077,20250521,1
235077,20250522,1
235077,20250523,1
235077,20250526,1
235077,20250527,1
235077,20250528,1
235077,20250529,1
235077,20250530,1
235077,20250602,1
235077,20250603,1
235077,20250604,1
235077,20250605,1
235077,20250606,1
235077,20250609,1
235077,20250610,1
235077,20250611,1
235077,20250612,1
235077,20250613,1
235078,20250321,1
235078,20250324,1
235078,20250325,1
235078,20250326,1
235078,20250327,1
235078,20250328,1
235078,20250331,1
235078,20250401,1
235078,20250402,1
235078,20250403,1
235078,20250404,1
235078,20250414,1
235078,20250415,1
235078,20250416,1
235078,20250417,1
235078,20250418,1
235078,20250422,1
235078,20250423,1
235078,20250424,1
235078,20250425,1
235078,20250428,1
235078,20250429,1
235078,20250430,1
235078,20250505,1
235078,20250506,1
235078,20250507,1
235078,20250508,1
235078,20250509,1
235078,20250512,1
235078,20250513,1
235078,20250514,1
235078,20250515,1
235078,20250516,1
235078,20250519,1
235078,20250520,1
235078,20250521,1
235078,20250522,1
235078,20250523,1
235078,20250526,1
235078,20250527,1
235078,20250528,1
235078,20250529,1
235078,20250530,1
235078,20250602,1
235078,20250603,1
235078,20250604,1
235078,20250605,1
235078,20250606,1
235078,20250609,1
235078,20250610,1
235078,20250611,1
235078,20250612,1
235078,20250613,1
235079,20250321,1
235079,20250324,1
235079,20250325,1
235079,20250326,1
235079,20250327,1
235079,20250328,1
235079,20250331,1
235079,20250401,1
235079,20250402,1
235079,20250403,1
235079,20250404,1
235079,20250414,1
235079,20250415,1
235079,20250416,1
235079,20250417,1
235079,20250418,1
235079,20250422,1
235079,20250423,1
235079,20250424,1
235079,20250425,1
235079,20250428,1
235079,20250429,1
235079,20250430,1
235079,20250505,1
235079,20250506,1
235079,20250507,1
235079,20250508,1
235079,20250509,1
235079,20250512,1
235079,20250513,1
235079,20250514,1
235079,20250515,1
235079,20250516,1
235079,20250519,1
235079,20250520,1
235079,20250521,1
235079,20250522,1
235079,20250523,1
235079,20250526,1
235079,20250527,1
235079,20250528,1
235079,20250529,1
235079,20250530,1
235079,20250602,1
235079,20250603,1
235079,20250604,1
235079,20250605,1
235079,20250606,1
235079,20250609,1
235079,20250610,1
235079,20250611,1
235079,20250612,1
235079,20250613,1
235080,20250321,1
235080,20250324,1
235080,20250325,1
235080,20250326,1
235080,20250327,1
235080,20250328,1
235080,20250331,1
235080,20250401,1
235080,20250402,1
235080,20250403,1
235080,20250404,1
235080,20250414,1
235080,20250415,1
235080,20250416,1
235080,20250417,1
235080,20250418,1
235080,20250422,1
235080,20250423,1
235080,20250424,1
235080,20250425,1
235080,20250428,1
235080,20250429,1
235080,20250430,1
235080,20250505,1
235080,20250506,1
235080,20250507,1
235080,20250508,1
235080,20250509,1
235080,20250512,1
235080,20250513,1
235080,20250514,1
235080,20250515,1
235080,20250516,1
235080,20250519,1
235080,20250520,1
235080,20250521,1
235080,20250522,1
235080,20250523,1
235080,20250526,1
235080,20250527,1
235080,20250528,1
235080,20250529,1
235080,20250530,1
235080,20250602,1
235080,20250603,1
235080,20250604,1
235080,20250605,1
235080,20250606,1
235080,20250609,1
235080,20250610,1
235080,20250611,1
235080,20250612,1
235080,20250613,1
235081,20250321,1
235081,20250324,1
235081,20250325,1
235081,20250326,1
235081,20250327,1
235081,20250328,1
235081,20250331,1
235081,20250401,1
235081,20250402,1
235081,20250403,1
235081,20250404,1
235081,20250414,1
235081,20250415,1
235081,20250416,1
235081,20250417,1
235081,20250418,1
235081,20250422,1
235081,20250423,1
235081,20250424,1
235081,20250425,1
235081,20250428,1
235081,20250429,1
235081,20250430,1
235081,20250505,1
235081,20250506,1
235081,20250507,1
235081,20250508,1
235081,20250509,1
235081,20250512,1
235081,20250513,1
235081,20250514,1
235081,20250515,1
235081,20250516,1
235081,20250519,1
235081,20250520,1
235081,20250521,1
235081,20250522,1
235081,20250523,1
235081,20250526,1
235081,20250527,1
235081,20250528,1
235081,20250529,1
235081,20250530,1
235081,20250602,1
235081,20250603,1
235081,20250604,1
235081,20250605,1
235081,20250606,1
235081,20250609,1
235081,20250610,1
235081,20250611,1
235081,20250612,1
235081,20250613,1
235082,20250321,1
235082,20250324,1
235082,20250325,1
235082,20250326,1
235082,20250327,1
235082,20250328,1
235082,20250331,1
235082,20250401,1
235082,20250402,1
235082,20250403,1
235082,20250404,1
235082,20250414,1
235082,20250415,1
235082,20250416,1
235082,20250417,1
235082,20250418,1
235082,20250422,1
235082,20250423,1
235082,20250424,1
235082,20250425,1
235082,20250428,1
235082,20250429,1
235082,20250430,1
235082,20250505,1
235082,20250506,1
235082,20250507,1
235082,20250508,1
235082,20250509,1
235082,20250512,1
235082,20250513,1
235082,20250514,1
235082,20250515,1
235082,20250516,1
235082,20250519,1
235082,20250520,1
235082,20250521,1
235082,20250522,1
235082,20250523,1
235082,20250526,1
235082,20250527,1
235082,20250528,1
235082,20250529,1
235082,20250530,1
235082,20250602,1
235082,20250603,1
235082,20250604,1
235082,20250605,1
235082,20250606,1
235082,20250609,1
235082,20250610,1
235082,20250611,1
235082,20250612,1
235082,20250613,1
235083,20250321,1
235083,20250324,1
235083,20250325,1
235083,20250326,1
235083,20250327,1
235083,20250328,1
235083,20250331,1
235083,20250401,1
235083,20250402,1
235083,20250403,1
235083,20250404,1
235083,20250414,1
235083,20250415,1
235083,20250416,1
235083,20250417,1
235083,20250418,1
235083,20250422,1
235083,20250423,1
235083,20250424,1
235083,20250425,1
235083,20250428,1
235083,20250429,1
235083,20250430,1
235083,20250505,1
235083,20250506,1
235083,20250507,1
235083,20250508,1
235083,20250509,1
235083,20250512,1
235083,20250513,1
235083,20250514,1
235083,20250515,1
235083,20250516,1
235083,20250519,1
235083,20250520,1
235083,20250521,1
235083,20250522,1
235083,20250523,1
235083,20250526,1
235083,20250527,1
235083,20250528,1
235083,20250529,1
235083,20250530,1
235083,20250602,1
235083,20250603,1
235083,20250604,1
235083,20250605,1
235083,20250606,1
235083,20250609,1
235083,20250610,1
235083,20250611,1
235083,20250612,1
235083,20250613,1
235084,20250321,1
235084,20250324,1
235084,20250325,1
235084,20250326,1
235084,20250327,1
235084,20250328,1
235084,20250331,1
235084,20250401,1
235084,20250402,1
235084,20250403,1
235084,20250404,1
235084,20250414,1
235084,20250415,1
235084,20250416,1
235084,20250417,1
235084,20250418,1
235084,20250422,1
235084,20250423,1
235084,20250424,1
235084,20250425,1
235084,20250428,1
235084,20250429,1
235084,20250430,1
235084,20250505,1
235084,20250506,1
235084,20250507,1
235084,20250508,1
235084,20250509,1
235084,20250512,1
235084,20250513,1
235084,20250514,1
235084,20250515,1
235084,20250516,1
235084,20250519,1
235084,20250520,1
235084,20250521,1
235084,20250522,1
235084,20250523,1
235084,20250526,1
235084,20250527,1
235084,20250528,1
235084,20250529,1
235084,20250530,1
235084,20250602,1
235084,20250603,1
235084,20250604,1
235084,20250605,1
235084,20250606,1
235084,20250609,1
235084,20250610,1
235084,20250611,1
235084,20250612,1
235084,20250613,1
235085,20250321,1
235085,20250324,1
235085,20250325,1
235085,20250326,1
235085,20250327,1
235085,20250328,1
235085,20250331,1
235085,20250401,1
235085,20250402,1
235085,20250403,1
235085,20250404,1
235085,20250414,1
235085,20250415,1
235085,20250416,1
235085,20250417,1
235085,20250418,1
235085,20250422,1
235085,20250423,1
235085,20250424,1
235085,20250425,1
235085,20250428,1
235085,20250429,1
235085,20250430,1
235085,20250505,1
235085,20250506,1
235085,20250507,1
235085,20250508,1
235085,20250509,1
235085,20250512,1
235085,20250513,1
235085,20250514,1
235085,20250515,1
235085,20250516,1
235085,20250519,1
235085,20250520,1
235085,20250521,1
235085,20250522,1
235085,20250523,1
235085,20250526,1
235085,20250527,1
235085,20250528,1
235085,20250529,1
235085,20250530,1
235085,20250602,1
235085,20250603,1
235085,20250604,1
235085,20250605,1
235085,20250606,1
235085,20250609,1
235085,20250610,1
235085,20250611,1
235085,20250612,1
235085,20250613,1
235086,20250321,1
235086,20250324,1
235086,20250325,1
235086,20250326,1
235086,20250327,1
235086,20250328,1
235086,20250331,1
235086,20250401,1
235086,20250402,1
235086,20250403,1
235086,20250404,1
235086,20250414,1
235086,20250415,1
235086,20250416,1
235086,20250417,1
235086,20250418,1
235086,20250422,1
235086,20250423,1
235086,20250424,1
235086,20250425,1
235086,20250428,1
235086,20250429,1
235086,20250430,1
235086,20250505,1
235086,20250506,1
235086,20250507,1
235086,20250508,1
235086,20250509,1
235086,20250512,1
235086,20250513,1
235086,20250514,1
235086,20250515,1
235086,20250516,1
235086,20250519,1
235086,20250520,1
235086,20250521,1
235086,20250522,1
235086,20250523,1
235086,20250526,1
235086,20250527,1
235086,20250528,1
235086,20250529,1
235086,20250530,1
235086,20250602,1
235086,20250603,1
235086,20250604,1
235086,20250605,1
235086,20250606,1
235086,20250609,1
235086,20250610,1
235086,20250611,1
235086,20250612,1
235086,20250613,1
235087,20250321,1
235087,20250324,1
235087,20250325,1
235087,20250326,1
235087,20250327,1
235087,20250328,1
235087,20250331,1
235087,20250401,1
235087,20250402,1
235087,20250403,1
235087,20250404,1
235087,20250414,1
235087,20250415,1
235087,20250416,1
235087,20250417,1
235087,20250418,1
235087,20250422,1
235087,20250423,1
235087,20250424,1
235087,20250425,1
235087,20250428,1
235087,20250429,1
235087,20250430,1
235087,20250505,1
235087,20250506,1
235087,20250507,1
235087,20250508,1
235087,20250509,1
235087,20250512,1
235087,20250513,1
235087,20250514,1
235087,20250515,1
235087,20250516,1
235087,20250519,1
235087,20250520,1
235087,20250521,1
235087,20250522,1
235087,20250523,1
235087,20250526,1
235087,20250527,1
235087,20250528,1
235087,20250529,1
235087,20250530,1
235087,20250602,1
235087,20250603,1
235087,20250604,1
235087,20250605,1
235087,20250606,1
235087,20250609,1
235087,20250610,1
235087,20250611,1
235087,20250612,1
235087,20250613,1
235088,20250321,1
235088,20250324,1
235088,20250325,1
235088,20250326,1
235088,20250327,1
235088,20250328,1
235088,20250331,1
235088,20250401,1
235088,20250402,1
235088,20250403,1
235088,20250404,1
235088,20250414,1
235088,20250415,1
235088,20250416,1
235088,20250417,1
235088,20250418,1
235088,20250422,1
235088,20250423,1
235088,20250424,1
235088,20250425,1
235088,20250428,1
235088,20250429,1
235088,20250430,1
235088,20250505,1
235088,20250506,1
235088,20250507,1
235088,20250508,1
235088,20250509,1
235088,20250512,1
235088,20250513,1
235088,20250514,1
235088,20250515,1
235088,20250516,1
235088,20250519,1
235088,20250520,1
235088,20250521,1
235088,20250522,1
235088,20250523,1
235088,20250526,1
235088,20250527,1
235088,20250528,1
235088,20250529,1
235088,20250530,1
235088,20250602,1
235088,20250603,1
235088,20250604,1
235088,20250605,1
235088,20250606,1
235088,20250609,1
235088,20250610,1
235088,20250611,1
235088,20250612,1
235088,20250613,1
235089,20250321,1
235089,20250324,1
235089,20250325,1
235089,20250326,1
235089,20250327,1
235089,20250328,1
235089,20250331,1
235089,20250401,1
235089,20250402,1
235089,20250403,1
235089,20250404,1
235089,20250414,1
235089,20250415,1
235089,20250416,1
235089,20250417,1
235089,20250418,1
235089,20250422,1
235089,20250423,1
235089,20250424,1
235089,20250425,1
235089,20250428,1
235089,20250429,1
235089,20250430,1
235089,20250505,1
235089,20250506,1
235089,20250507,1
235089,20250508,1
235089,20250509,1
235089,20250512,1
235089,20250513,1
235089,20250514,1
235089,20250515,1
235089,20250516,1
235089,20250519,1
235089,20250520,1
235089,20250521,1
235089,20250522,1
235089,20250523,1
235089,20250526,1
235089,20250527,1
235089,20250528,1
235089,20250529,1
235089,20250530,1
235089,20250602,1
235089,20250603,1
235089,20250604,1
235089,20250605,1
235089,20250606,1
235089,20250609,1
235089,20250610,1
235089,20250611,1
235089,20250612,1
235089,20250613,1
235090,20250321,1
235090,20250324,1
235090,20250325,1
235090,20250326,1
235090,20250327,1
235090,20250328,1
235090,20250331,1
235090,20250401,1
235090,20250402,1
235090,20250403,1
235090,20250404,1
235090,20250414,1
235090,20250415,1
235090,20250416,1
235090,20250417,1
235090,20250418,1
235090,20250422,1
235090,20250423,1
235090,20250424,1
235090,20250425,1
235090,20250428,1
235090,20250429,1
235090,20250430,1
235090,20250505,1
235090,20250506,1
235090,20250507,1
235090,20250508,1
235090,20250509,1
235090,20250512,1
235090,20250513,1
235090,20250514,1
235090,20250515,1
235090,20250516,1
235090,20250519,1
235090,20250520,1
235090,20250521,1
235090,20250522,1
235090,20250523,1
235090,20250526,1
235090,20250527,1
235090,20250528,1
235090,20250529,1
235090,20250530,1
235090,20250602,1
235090,20250603,1
235090,20250604,1
235090,20250605,1
235090,20250606,1
235090,20250609,1
235090,20250610,1
235090,20250611,1
235090,20250612,1
235090,20250613,1
235091,20250321,1
235091,20250324,1
235091,20250325,1
235091,20250326,1
235091,20250327,1
235091,20250328,1
235091,20250331,1
235091,20250401,1
235091,20250402,1
235091,20250403,1
235091,20250404,1
235091,20250414,1
235091,20250415,1
235091,20250416,1
235091,20250422,1
235091,20250423,1
235091,20250424,1
235091,20250425,1
235091,20250428,1
235091,20250429,1
235091,20250505,1
235091,20250506,1
235091,20250507,1
235091,20250508,1
235091,20250509,1
235091,20250512,1
235091,20250513,1
235091,20250514,1
235091,20250515,1
235091,20250516,1
235091,20250519,1
235091,20250520,1
235091,20250521,1
235091,20250522,1
235091,20250523,1
235091,20250526,1
235091,20250527,1
235091,20250528,1
235091,20250529,1
235091,20250530,1
235091,20250602,1
235091,20250603,1
235091,20250604,1
235091,20250605,1
235091,20250606,1
235091,20250609,1
235091,20250610,1
235091,20250611,1
235091,20250612,1
235091,20250613,1
235092,20250321,1
235092,20250324,1
235092,20250325,1
235092,20250326,1
235092,20250327,1
235092,20250328,1
235092,20250331,1
235092,20250401,1
235092,20250402,1
235092,20250403,1
235092,20250404,1
235092,20250414,1
235092,20250415,1
235092,20250416,1
235092,20250417,1
235092,20250418,1
235092,20250422,1
235092,20250423,1
235092,20250424,1
235092,20250425,1
235092,20250428,1
235092,20250429,1
235092,20250430,1
235092,20250505,1
235092,20250506,1
235092,20250507,1
235092,20250508,1
235092,20250509,1
235092,20250512,1
235092,20250513,1
235092,20250514,1
235092,20250515,1
235092,20250516,1
235092,20250519,1
235092,20250520,1
235092,20250521,1
235092,20250522,1
235092,20250523,1
235092,20250526,1
235092,20250527,1
235092,20250528,1
235092,20250529,1
235092,20250530,1
235092,20250602,1
235092,20250603,1
235092,20250604,1
235092,20250605,1
235092,20250606,1
235092,20250609,1
235092,20250610,1
235092,20250611,1
235092,20250612,1
235092,20250613,1
235093,20250321,1
235093,20250324,1
235093,20250325,1
235093,20250326,1
235093,20250327,1
235093,20250328,1
235093,20250331,1
235093,20250401,1
235093,20250402,1
235093,20250403,1
235093,20250404,1
235093,20250414,1
235093,20250415,1
235093,20250416,1
235093,20250417,1
235093,20250418,1
235093,20250422,1
235093,20250423,1
235093,20250424,1
235093,20250425,1
235093,20250428,1
235093,20250429,1
235093,20250430,1
235093,20250505,1
235093,20250506,1
235093,20250507,1
235093,20250508,1
235093,20250509,1
235093,20250512,1
235093,20250513,1
235093,20250514,1
235093,20250515,1
235093,20250516,1
235093,20250519,1
235093,20250520,1
235093,20250521,1
235093,20250522,1
235093,20250523,1
235093,20250526,1
235093,20250527,1
235093,20250528,1
235093,20250529,1
235093,20250530,1
235093,20250602,1
235093,20250603,1
235093,20250604,1
235093,20250605,1
235093,20250606,1
235093,20250609,1
235093,20250610,1
235093,20250611,1
235093,20250612,1
235093,20250613,1
235094,20250321,1
235094,20250324,1
235094,20250325,1
235094,20250326,1
235094,20250327,1
235094,20250328,1
235094,20250331,1
235094,20250401,1
235094,20250402,1
235094,20250403,1
235094,20250404,1
235094,20250414,1
235094,20250415,1
235094,20250416,1
235094,20250417,1
235094,20250418,1
235094,20250422,1
235094,20250423,1
235094,20250424,1
235094,20250425,1
235094,20250428,1
235094,20250429,1
235094,20250430,1
235094,20250505,1
235094,20250506,1
235094,20250507,1
235094,20250508,1
235094,20250509,1
235094,20250512,1
235094,20250513,1
235094,20250514,1
235094,20250515,1
235094,20250516,1
235094,20250519,1
235094,20250520,1
235094,20250521,1
235094,20250522,1
235094,20250523,1
235094,20250526,1
235094,20250527,1
235094,20250528,1
235094,20250529,1
235094,20250530,1
235094,20250602,1
235094,20250603,1
235094,20250604,1
235094,20250605,1
235094,20250606,1
235094,20250609,1
235094,20250610,1
235094,20250611,1
235094,20250612,1
235094,20250613,1
235095,20250321,1
235095,20250324,1
235095,20250325,1
235095,20250326,1
235095,20250327,1
235095,20250328,1
235095,20250331,1
235095,20250401,1
235095,20250402,1
235095,20250403,1
235095,20250404,1
235095,20250414,1
235095,20250415,1
235095,20250416,1
235095,20250417,1
235095,20250418,1
235095,20250422,1
235095,20250423,1
235095,20250424,1
235095,20250425,1
235095,20250428,1
235095,20250429,1
235095,20250430,1
235095,20250505,1
235095,20250506,1
235095,20250507,1
235095,20250508,1
235095,20250509,1
235095,20250512,1
235095,20250513,1
235095,20250514,1
235095,20250515,1
235095,20250516,1
235095,20250519,1
235095,20250520,1
235095,20250521,1
235095,20250522,1
235095,20250523,1
235095,20250526,1
235095,20250527,1
235095,20250528,1
235095,20250529,1
235095,20250530,1
235095,20250602,1
235095,20250603,1
235095,20250604,1
235095,20250605,1
235095,20250606,1
235095,20250609,1
235095,20250610,1
235095,20250611,1
235095,20250612,1
235095,20250613,1
235096,20250321,1
235096,20250324,1
235096,20250325,1
235096,20250326,1
235096,20250327,1
235096,20250328,1
235096,20250331,1
235096,20250401,1
235096,20250402,1
235096,20250403,1
235096,20250404,1
235096,20250414,1
235096,20250415,1
235096,20250416,1
235096,20250417,1
235096,20250418,1
235096,20250422,1
235096,20250423,1
235096,20250424,1
235096,20250425,1
235096,20250428,1
235096,20250429,1
235096,20250430,1
235096,20250505,1
235096,20250506,1
235096,20250507,1
235096,20250508,1
235096,20250509,1
235096,20250512,1
235096,20250513,1
235096,20250514,1
235096,20250515,1
235096,20250516,1
235096,20250519,1
235096,20250520,1
235096,20250521,1
235096,20250522,1
235096,20250523,1
235096,20250526,1
235096,20250527,1
235096,20250528,1
235096,20250529,1
235096,20250530,1
235096,20250602,1
235096,20250603,1
235096,20250604,1
235096,20250605,1
235096,20250606,1
235096,20250609,1
235096,20250610,1
235096,20250611,1
235096,20250612,1
235096,20250613,1
235097,20250321,1
235097,20250324,1
235097,20250325,1
235097,20250326,1
235097,20250327,1
235097,20250328,1
235097,20250331,1
235097,20250401,1
235097,20250402,1
235097,20250403,1
235097,20250404,1
235097,20250414,1
235097,20250415,1
235097,20250416,1
235097,20250417,1
235097,20250418,1
235097,20250422,1
235097,20250423,1
235097,20250424,1
235097,20250425,1
235097,20250428,1
235097,20250429,1
235097,20250430,1
235097,20250505,1
235097,20250506,1
235097,20250507,1
235097,20250508,1
235097,20250509,1
235097,20250512,1
235097,20250513,1
235097,20250514,1
235097,20250515,1
235097,20250516,1
235097,20250519,1
235097,20250520,1
235097,20250521,1
235097,20250522,1
235097,20250523,1
235097,20250526,1
235097,20250527,1
235097,20250528,1
235097,20250529,1
235097,20250530,1
235097,20250602,1
235097,20250603,1
235097,20250604,1
235097,20250605,1
235097,20250606,1
235097,20250609,1
235097,20250610,1
235097,20250611,1
235097,20250612,1
235097,20250613,1
235098,20250321,1
235098,20250324,1
235098,20250325,1
235098,20250326,1
235098,20250327,1
235098,20250328,1
235098,20250331,1
235098,20250401,1
235098,20250402,1
235098,20250403,1
235098,20250404,1
235098,20250414,1
235098,20250415,1
235098,20250416,1
235098,20250417,1
235098,20250418,1
235098,20250422,1
235098,20250423,1
235098,20250424,1
235098,20250425,1
235098,20250428,1
235098,20250429,1
235098,20250430,1
235098,20250505,1
235098,20250506,1
235098,20250507,1
235098,20250508,1
235098,20250509,1
235098,20250512,1
235098,20250513,1
235098,20250514,1
235098,20250515,1
235098,20250516,1
235098,20250519,1
235098,20250520,1
235098,20250521,1
235098,20250522,1
235098,20250523,1
235098,20250526,1
235098,20250527,1
235098,20250528,1
235098,20250529,1
235098,20250530,1
235098,20250602,1
235098,20250603,1
235098,20250604,1
235098,20250605,1
235098,20250606,1
235098,20250609,1
235098,20250610,1
235098,20250611,1
235098,20250612,1
235098,20250613,1
235099,20250321,1
235099,20250324,1
235099,20250325,1
235099,20250326,1
235099,20250327,1
235099,20250328,1
235099,20250331,1
235099,20250401,1
235099,20250402,1
235099,20250403,1
235099,20250404,1
235099,20250414,1
235099,20250415,1
235099,20250416,1
235099,20250417,1
235099,20250418,1
235099,20250422,1
235099,20250423,1
235099,20250424,1
235099,20250425,1
235099,20250428,1
235099,20250429,1
235099,20250430,1
235099,20250505,1
235099,20250506,1
235099,20250507,1
235099,20250508,1
235099,20250509,1
235099,20250512,1
235099,20250513,1
235099,20250514,1
235099,20250515,1
235099,20250516,1
235099,20250519,1
235099,20250520,1
235099,20250521,1
235099,20250522,1
235099,20250523,1
235099,20250526,1
235099,20250527,1
235099,20250528,1
235099,20250529,1
235099,20250530,1
235099,20250602,1
235099,20250603,1
235099,20250604,1
235099,20250605,1
235099,20250606,1
235099,20250609,1
235099,20250610,1
235099,20250611,1
235099,20250612,1
235099,20250613,1
235100,20250602,1
235100,20250603,1
235100,20250604,1
235100,20250605,1
235100,20250606,1
235100,20250609,1
235100,20250610,1
235100,20250611,1
235100,20250612,1
235100,20250613,1
235101,20250324,1
235101,20250331,1
235102,20250324,1
235102,20250331,1
235102,20250414,1
235102,20250422,1
235102,20250428,1
235102,20250505,1
235102,20250512,1
235102,20250519,1
235102,20250526,1
235102,20250602,1
235102,20250609,1
235103,20250324,1
235103,20250331,1
235103,20250414,1
235103,20250422,1
235103,20250428,1
235103,20250505,1
235103,20250512,1
235103,20250519,1
235103,20250526,1
235103,20250602,1
235103,20250609,1
235104,20250324,1
235104,20250331,1
235104,20250414,1
235104,20250422,1
235104,20250428,1
235104,20250505,1
235104,20250512,1
235104,20250519,1
235104,20250526,1
235104,20250602,1
235104,20250609,1
235105,20250324,1
235105,20250331,1
235105,20250414,1
235105,20250422,1
235105,20250428,1
235105,20250505,1
235105,20250512,1
235105,20250519,1
235105,20250526,1
235105,20250602,1
235105,20250609,1
235106,20250324,1
235106,20250331,1
235106,20250414,1
235106,20250422,1
235106,20250428,1
235106,20250505,1
235106,20250512,1
235106,20250519,1
235106,20250526,1
235106,20250602,1
235106,20250609,1
235107,20250321,1
235107,20250328,1
235107,20250404,1
235107,20250418,1
235107,20250425,1
235107,20250430,1
235107,20250509,1
235107,20250516,1
235107,20250523,1
235107,20250530,1
235107,20250606,1
235107,20250613,1
235108,20250418,1
235108,20250425,1
235108,20250430,1
235108,20250509,1
235108,20250516,1
235108,20250523,1
235108,20250530,1
235108,20250606,1
235108,20250613,1
235109,20250321,1
235109,20250328,1
235110,20250404,1
235111,20250324,1
235111,20250331,1
235111,20250414,1
235111,20250422,1
235111,20250428,1
235111,20250505,1
235111,20250512,1
235111,20250519,1
235111,20250526,1
235111,20250602,1
235111,20250609,1
235112,20250324,1
235112,20250331,1
235112,20250414,1
235112,20250422,1
235112,20250428,1
235112,20250505,1
235112,20250512,1
235112,20250519,1
235112,20250526,1
235112,20250602,1
235112,20250609,1
235113,20250323,1
235113,20250330,1
235114,20250323,1
235114,20250330,1
235115,20250323,1
235115,20250330,1
235116,20250323,1
235116,20250330,1
235117,20250323,1
235117,20250330,1
235118,20250323,1
235118,20250330,1
235119,20250323,1
235119,20250330,1
235120,20250323,1
235120,20250330,1
235121,20250323,1
235121,20250330,1
235122,20250323,1
235122,20250330,1
235123,20250323,1
235123,20250330,1
235124,20250323,1
235124,20250330,1
235125,20250323,1
235125,20250330,1
235126,20250323,1
235126,20250330,1
235127,20250323,1
235128,20250323,1
235129,20250323,1
235130,20250323,1
235130,20250330,1
235131,20250323,1
235131,20250330,1
235132,20250323,1
235132,20250330,1
235133,20250323,1
235133,20250330,1
235134,20250322,1
235134,20250329,1
235135,20250322,1
235135,20250329,1
235136,20250322,1
235136,20250329,1
235137,20250322,1
235137,20250329,1
235138,20250322,1
235138,20250329,1
235139,20250322,1
235139,20250329,1
235140,20250322,1
235140,20250329,1
235141,20250322,1
235141,20250329,1
235142,20250322,1
235142,20250329,1
235143,20250322,1
235143,20250329,1
235144,20250321,1
235144,20250324,1
235144,20250325,1
235144,20250326,1
235144,20250327,1
235144,20250328,1
235144,20250331,1
235144,20250401,1
235144,20250402,1
235144,20250403,1
235144,20250404,1
235144,20250414,1
235144,20250415,1
235144,20250416,1
235144,20250417,1
235144,20250418,1
235144,20250422,1
235144,20250423,1
235144,20250424,1
235144,20250425,1
235144,20250428,1
235144,20250429,1
235144,20250430,1
235144,20250505,1
235144,20250506,1
235144,20250507,1
235144,20250508,1
235144,20250509,1
235144,20250512,1
235144,20250513,1
235144,20250514,1
235144,20250515,1
235144,20250516,1
235144,20250519,1
235144,20250520,1
235144,20250521,1
235144,20250522,1
235144,20250523,1
235144,20250526,1
235144,20250527,1
235144,20250528,1
235144,20250529,1
235144,20250530,1
235144,20250602,1
235144,20250603,1
235144,20250604,1
235144,20250605,1
235144,20250606,1
235144,20250609,1
235144,20250610,1
235144,20250611,1
235144,20250612,1
235144,20250613,1
235145,20250321,1
235145,20250324,1
235145,20250325,1
235145,20250326,1
235145,20250327,1
235145,20250328,1
235145,20250331,1
235145,20250401,1
235145,20250402,1
235145,20250403,1
235145,20250404,1
235145,20250414,1
235145,20250415,1
235145,20250416,1
235145,20250417,1
235145,20250418,1
235145,20250422,1
235145,20250423,1
235145,20250424,1
235145,20250425,1
235145,20250428,1
235145,20250429,1
235145,20250430,1
235145,20250505,1
235145,20250506,1
235145,20250507,1
235145,20250508,1
235145,20250509,1
235145,20250512,1
235145,20250513,1
235145,20250514,1
235145,20250515,1
235145,20250516,1
235145,20250519,1
235145,20250520,1
235145,20250521,1
235145,20250522,1
235145,20250523,1
235145,20250526,1
235145,20250527,1
235145,20250528,1
235145,20250529,1
235145,20250530,1
235145,20250602,1
235145,20250603,1
235145,20250604,1
235145,20250605,1
235145,20250606,1
235145,20250609,1
235145,20250610,1
235145,20250611,1
235145,20250612,1
235145,20250613,1
235146,20250321,1
235146,20250324,1
235146,20250325,1
235146,20250326,1
235146,20250327,1
235146,20250328,1
235146,20250331,1
235146,20250401,1
235146,20250402,1
235146,20250403,1
235146,20250404,1
235146,20250414,1
235146,20250415,1
235146,20250416,1
235146,20250417,1
235146,20250418,1
235146,20250422,1
235146,20250423,1
235146,20250424,1
235146,20250425,1
235146,20250428,1
235146,20250429,1
235146,20250430,1
235146,20250505,1
235146,20250506,1
235146,20250507,1
235146,20250508,1
235146,20250509,1
235146,20250512,1
235146,20250513,1
235146,20250514,1
235146,20250515,1
235146,20250516,1
235146,20250519,1
235146,20250520,1
235146,20250521,1
235146,20250522,1
235146,20250523,1
235146,20250526,1
235146,20250527,1
235146,20250528,1
235146,20250529,1
235146,20250530,1
235146,20250602,1
235146,20250603,1
235146,20250604,1
235146,20250605,1
235146,20250606,1
235146,20250609,1
235146,20250610,1
235146,20250611,1
235146,20250612,1
235146,20250613,1
235147,20250321,1
235147,20250324,1
235147,20250325,1
235147,20250326,1
235147,20250327,1
235147,20250328,1
235147,20250331,1
235147,20250401,1
235147,20250402,1
235147,20250403,1
235147,20250404,1
235147,20250414,1
235147,20250415,1
235147,20250416,1
235147,20250417,1
235147,20250418,1
235147,20250422,1
235147,20250423,1
235147,20250424,1
235147,20250425,1
235147,20250428,1
235147,20250429,1
235147,20250430,1
235147,20250505,1
235147,20250506,1
235147,20250507,1
235147,20250508,1
235147,20250509,1
235147,20250512,1
235147,20250513,1
235147,20250514,1
235147,20250515,1
235147,20250516,1
235147,20250519,1
235147,20250520,1
235147,20250521,1
235147,20250522,1
235147,20250523,1
235147,20250526,1
235147,20250527,1
235147,20250528,1
235147,20250529,1
235147,20250530,1
235147,20250602,1
235147,20250603,1
235147,20250604,1
235147,20250605,1
235147,20250606,1
235147,20250609,1
235147,20250610,1
235147,20250611,1
235147,20250612,1
235147,20250613,1
235148,20250321,1
235148,20250324,1
235148,20250325,1
235148,20250326,1
235148,20250327,1
235148,20250328,1
235148,20250331,1
235148,20250401,1
235148,20250402,1
235148,20250403,1
235148,20250404,1
235148,20250414,1
235148,20250415,1
235148,20250416,1
235148,20250417,1
235148,20250418,1
235148,20250422,1
235148,20250423,1
235148,20250424,1
235148,20250425,1
235148,20250428,1
235148,20250429,1
235148,20250430,1
235148,20250505,1
235148,20250506,1
235148,20250507,1
235148,20250508,1
235148,20250509,1
235148,20250512,1
235148,20250513,1
235148,20250514,1
235148,20250515,1
235148,20250516,1
235148,20250519,1
235148,20250520,1
235148,20250521,1
235148,20250522,1
235148,20250523,1
235148,20250526,1
235148,20250527,1
235148,20250528,1
235148,20250529,1
235148,20250530,1
235148,20250602,1
235148,20250603,1
235148,20250604,1
235148,20250605,1
235148,20250606,1
235148,20250609,1
235148,20250610,1
235148,20250611,1
235148,20250612,1
235148,20250613,1
235149,20250321,1
235149,20250324,1
235149,20250325,1
235149,20250326,1
235149,20250327,1
235149,20250328,1
235149,20250331,1
235149,20250401,1
235149,20250402,1
235149,20250403,1
235149,20250404,1
235149,20250414,1
235149,20250415,1
235149,20250416,1
235149,20250417,1
235149,20250418,1
235149,20250422,1
235149,20250423,1
235149,20250424,1
235149,20250425,1
235149,20250428,1
235149,20250429,1
235149,20250430,1
235149,20250505,1
235149,20250506,1
235149,20250507,1
235149,20250508,1
235149,20250509,1
235149,20250512,1
235149,20250513,1
235149,20250514,1
235149,20250515,1
235149,20250516,1
235149,20250519,1
235149,20250520,1
235149,20250521,1
235149,20250522,1
235149,20250523,1
235149,20250526,1
235149,20250527,1
235149,20250528,1
235149,20250529,1
235149,20250530,1
235149,20250602,1
235149,20250603,1
235149,20250604,1
235149,20250605,1
235149,20250606,1
235149,20250609,1
235149,20250610,1
235149,20250611,1
235149,20250612,1
235149,20250613,1
235150,20250321,1
235150,20250324,1
235150,20250325,1
235150,20250326,1
235150,20250327,1
235150,20250328,1
235150,20250331,1
235150,20250401,1
235150,20250402,1
235150,20250403,1
235150,20250404,1
235150,20250414,1
235150,20250415,1
235150,20250416,1
235150,20250417,1
235150,20250418,1
235150,20250422,1
235150,20250423,1
235150,20250424,1
235150,20250425,1
235150,20250428,1
235150,20250429,1
235150,20250430,1
235150,20250505,1
235150,20250506,1
235150,20250507,1
235150,20250508,1
235150,20250509,1
235150,20250512,1
235150,20250513,1
235150,20250514,1
235150,20250515,1
235150,20250516,1
235150,20250519,1
235150,20250520,1
235150,20250521,1
235150,20250522,1
235150,20250523,1
235150,20250526,1
235150,20250527,1
235150,20250528,1
235150,20250529,1
235150,20250530,1
235150,20250602,1
235150,20250603,1
235150,20250604,1
235150,20250605,1
235150,20250606,1
235150,20250609,1
235150,20250610,1
235150,20250611,1
235150,20250612,1
235150,20250613,1
235151,20250321,1
235151,20250324,1
235151,20250325,1
235151,20250326,1
235151,20250327,1
235151,20250328,1
235151,20250331,1
235151,20250401,1
235151,20250402,1
235151,20250403,1
235151,20250404,1
235151,20250414,1
235151,20250415,1
235151,20250416,1
235151,20250417,1
235151,20250418,1
235151,20250422,1
235151,20250423,1
235151,20250424,1
235151,20250425,1
235151,20250428,1
235151,20250429,1
235151,20250430,1
235151,20250505,1
235151,20250506,1
235151,20250507,1
235151,20250508,1
235151,20250509,1
235151,20250512,1
235151,20250513,1
235151,20250514,1
235151,20250515,1
235151,20250516,1
235151,20250519,1
235151,20250520,1
235151,20250521,1
235151,20250522,1
235151,20250523,1
235151,20250526,1
235151,20250527,1
235151,20250528,1
235151,20250529,1
235151,20250530,1
235151,20250602,1
235151,20250603,1
235151,20250604,1
235151,20250605,1
235151,20250606,1
235151,20250609,1
235151,20250610,1
235151,20250611,1
235151,20250612,1
235151,20250613,1
235152,20250321,1
235152,20250324,1
235152,20250325,1
235152,20250326,1
235152,20250327,1
235152,20250328,1
235152,20250331,1
235152,20250401,1
235152,20250402,1
235152,20250403,1
235152,20250404,1
235152,20250414,1
235152,20250415,1
235152,20250416,1
235152,20250417,1
235152,20250418,1
235152,20250422,1
235152,20250423,1
235152,20250424,1
235152,20250425,1
235152,20250428,1
235152,20250429,1
235152,20250430,1
235152,20250505,1
235152,20250506,1
235152,20250507,1
235152,20250508,1
235152,20250509,1
235152,20250512,1
235152,20250513,1
235152,20250514,1
235152,20250515,1
235152,20250516,1
235152,20250519,1
235152,20250520,1
235152,20250521,1
235152,20250522,1
235152,20250523,1
235152,20250526,1
235152,20250527,1
235152,20250528,1
235152,20250529,1
235152,20250530,1
235152,20250602,1
235152,20250603,1
235152,20250604,1
235152,20250605,1
235152,20250606,1
235152,20250609,1
235152,20250610,1
235152,20250611,1
235152,20250612,1
235152,20250613,1
235153,20250321,1
235153,20250324,1
235153,20250325,1
235153,20250326,1
235153,20250327,1
235153,20250328,1
235153,20250331,1
235153,20250401,1
235153,20250402,1
235153,20250403,1
235153,20250404,1
235153,20250414,1
235153,20250415,1
235153,20250416,1
235153,20250417,1
235153,20250418,1
235153,20250422,1
235153,20250423,1
235153,20250424,1
235153,20250425,1
235153,20250428,1
235153,20250429,1
235153,20250430,1
235153,20250505,1
235153,20250506,1
235153,20250507,1
235153,20250508,1
235153,20250509,1
235153,20250512,1
235153,20250513,1
235153,20250514,1
235153,20250515,1
235153,20250516,1
235153,20250519,1
235153,20250520,1
235153,20250521,1
235153,20250522,1
235153,20250523,1
235153,20250526,1
235153,20250527,1
235153,20250528,1
235153,20250529,1
235153,20250530,1
235153,20250602,1
235153,20250603,1
235153,20250604,1
235153,20250605,1
235153,20250606,1
235153,20250609,1
235153,20250610,1
235153,20250611,1
235153,20250612,1
235153,20250613,1
235154,20250321,1
235154,20250324,1
235154,20250325,1
235154,20250326,1
235154,20250327,1
235154,20250328,1
235154,20250331,1
235154,20250401,1
235154,20250402,1
235154,20250403,1
235154,20250404,1
235154,20250414,1
235154,20250415,1
235154,20250416,1
235154,20250417,1
235154,20250418,1
235154,20250422,1
235154,20250423,1
235154,20250424,1
235154,20250425,1
235154,20250428,1
235154,20250429,1
235154,20250430,1
235154,20250505,1
235154,20250506,1
235154,20250507,1
235154,20250508,1
235154,20250509,1
235154,20250512,1
235154,20250513,1
235154,20250514,1
235154,20250515,1
235154,20250516,1
235154,20250519,1
235154,20250520,1
235154,20250521,1
235154,20250522,1
235154,20250523,1
235154,20250526,1
235154,20250527,1
235154,20250528,1
235154,20250529,1
235154,20250530,1
235154,20250602,1
235154,20250603,1
235154,20250604,1
235154,20250605,1
235154,20250606,1
235154,20250609,1
235154,20250610,1
235154,20250611,1
235154,20250612,1
235154,20250613,1
235155,20250321,1
235155,20250324,1
235155,20250325,1
235155,20250326,1
235155,20250327,1
235155,20250328,1
235155,20250331,1
235155,20250401,1
235155,20250402,1
235155,20250403,1
235155,20250404,1
235155,20250414,1
235155,20250415,1
235155,20250416,1
235155,20250417,1
235155,20250418,1
235155,20250422,1
235155,20250423,1
235155,20250424,1
235155,20250425,1
235155,20250428,1
235155,20250429,1
235155,20250430,1
235155,20250505,1
235155,20250506,1
235155,20250507,1
235155,20250508,1
235155,20250509,1
235155,20250512,1
235155,20250513,1
235155,20250514,1
235155,20250515,1
235155,20250516,1
235155,20250519,1
235155,20250520,1
235155,20250521,1
235155,20250522,1
235155,20250523,1
235155,20250526,1
235155,20250527,1
235155,20250528,1
235155,20250529,1
235155,20250530,1
235155,20250602,1
235155,20250603,1
235155,20250604,1
235155,20250605,1
235155,20250606,1
235155,20250609,1
235155,20250610,1
235155,20250611,1
235155,20250612,1
235155,20250613,1
235156,20250321,1
235156,20250324,1
235156,20250325,1
235156,20250326,1
235156,20250327,1
235156,20250328,1
235156,20250331,1
235156,20250401,1
235156,20250402,1
235156,20250403,1
235156,20250404,1
235156,20250414,1
235156,20250415,1
235156,20250416,1
235156,20250417,1
235156,20250418,1
235156,20250422,1
235156,20250423,1
235156,20250424,1
235156,20250425,1
235156,20250428,1
235156,20250429,1
235156,20250430,1
235156,20250505,1
235156,20250506,1
235156,20250507,1
235156,20250508,1
235156,20250509,1
235156,20250512,1
235156,20250513,1
235156,20250514,1
235156,20250515,1
235156,20250516,1
235156,20250519,1
235156,20250520,1
235156,20250521,1
235156,20250522,1
235156,20250523,1
235156,20250526,1
235156,20250527,1
235156,20250528,1
235156,20250529,1
235156,20250530,1
235156,20250602,1
235156,20250603,1
235156,20250604,1
235156,20250605,1
235156,20250606,1
235156,20250609,1
235156,20250610,1
235156,20250611,1
235156,20250612,1
235156,20250613,1
235157,20250323,1
235157,20250330,1
235158,20250323,1
235158,20250330,1
235159,20250323,1
235159,20250330,1
235160,20250323,1
235160,20250330,1
235161,20250323,1
235162,20250323,1
235163,20250323,1
235163,20250330,1
235164,20250323,1
235164,20250330,1
235165,20250323,1
235165,20250330,1
235166,20250323,1
235166,20250330,1
235167,20250323,1
235167,20250330,1
235168,20250323,1
235168,20250330,1
235169,20250323,1
235169,20250330,1
235170,20250323,1
235170,20250330,1
235171,20250323,1
235171,20250330,1
235172,20250323,1
235172,20250330,1
235173,20250323,1
235173,20250330,1
235174,20250323,1
235174,20250330,1
235175,20250323,1
235175,20250330,1
235176,20250322,1
235176,20250329,1
235177,20250322,1
235177,20250329,1
235178,20250322,1
235178,20250329,1
235179,20250322,1
235179,20250329,1
235180,20250322,1
235180,20250329,1
235181,20250322,1
235181,20250329,1
235182,20250322,1
235182,20250329,1
235183,20250322,1
235183,20250329,1
235184,20250322,1
235184,20250329,1
235185,20250322,1
235185,20250329,1
235186,20250322,1
235186,20250329,1
235187,20250322,1
235187,20250329,1
235188,20250322,1
235188,20250329,1
235189,20250322,1
235189,20250329,1
235190,20250322,1
235190,20250329,1
235191,20250322,1
235191,20250329,1
235192,20250322,1
235192,20250329,1
235193,20250322,1
235193,20250329,1
235194,20250322,1
235194,20250329,1
235195,20250322,1
235195,20250329,1
235196,20250322,1
235196,20250329,1
235197,20250322,1
235197,20250329,1
235198,20250322,1
235198,20250329,1
235199,20250322,1
235199,20250329,1
235200,20250322,1
235200,20250329,1
235201,20250322,1
235201,20250329,1
235202,20250407,1
235202,20250408,1
235202,20250409,1
235202,20250410,1
235202,20250411,1
235203,20250407,1
235203,20250408,1
235203,20250409,1
235203,20250410,1
235203,20250411,1
235204,20250407,1
235204,20250408,1
235204,20250409,1
235204,20250410,1
235204,20250411,1
235205,20250407,1
235205,20250408,1
235205,20250409,1
235205,20250410,1
235205,20250411,1
235206,20250407,1
235206,20250408,1
235206,20250409,1
235206,20250410,1
235206,20250411,1
235207,20250407,1
235207,20250408,1
235207,20250409,1
235207,20250410,1
235207,20250411,1
235208,20250407,1
235208,20250408,1
235208,20250409,1
235208,20250410,1
235208,20250411,1
235209,20250407,1
235209,20250408,1
235209,20250409,1
235209,20250410,1
235209,20250411,1
235210,20250407,1
235210,20250408,1
235210,20250409,1
235210,20250410,1
235210,20250411,1
235211,20250321,1
235211,20250324,1
235211,20250325,1
235211,20250326,1
235211,20250327,1
235211,20250328,1
235211,20250331,1
235211,20250401,1
235211,20250402,1
235211,20250403,1
235211,20250404,1
235211,20250414,1
235211,20250415,1
235211,20250416,1
235211,20250417,1
235211,20250418,1
235211,20250422,1
235211,20250423,1
235211,20250424,1
235211,20250425,1
235211,20250428,1
235211,20250429,1
235211,20250430,1
235211,20250505,1
235211,20250506,1
235211,20250507,1
235211,20250508,1
235211,20250509,1
235211,20250512,1
235211,20250513,1
235211,20250514,1
235211,20250515,1
235211,20250516,1
235211,20250519,1
235211,20250520,1
235211,20250521,1
235211,20250522,1
235211,20250523,1
235211,20250526,1
235211,20250527,1
235211,20250528,1
235211,20250529,1
235211,20250530,1
235211,20250602,1
235211,20250603,1
235211,20250604,1
235211,20250605,1
235211,20250606,1
235211,20250609,1
235211,20250610,1
235211,20250611,1
235211,20250612,1
235211,20250613,1
235212,20250321,1
235212,20250324,1
235212,20250325,1
235212,20250326,1
235212,20250327,1
235212,20250328,1
235212,20250331,1
235212,20250401,1
235212,20250402,1
235212,20250403,1
235212,20250404,1
235212,20250414,1
235212,20250415,1
235212,20250416,1
235212,20250417,1
235212,20250418,1
235212,20250422,1
235212,20250423,1
235212,20250424,1
235212,20250425,1
235212,20250428,1
235212,20250429,1
235212,20250430,1
235212,20250505,1
235212,20250506,1
235212,20250507,1
235212,20250508,1
235212,20250509,1
235212,20250512,1
235212,20250513,1
235212,20250514,1
235212,20250515,1
235212,20250516,1
235212,20250519,1
235212,20250520,1
235212,20250521,1
235212,20250522,1
235212,20250523,1
235212,20250526,1
235212,20250527,1
235212,20250528,1
235212,20250529,1
235212,20250530,1
235212,20250602,1
235212,20250603,1
235212,20250604,1
235212,20250605,1
235212,20250606,1
235212,20250609,1
235212,20250610,1
235212,20250611,1
235212,20250612,1
235212,20250613,1
235213,20250321,1
235213,20250324,1
235213,20250325,1
235213,20250326,1
235213,20250327,1
235213,20250328,1
235213,20250331,1
235213,20250401,1
235213,20250402,1
235213,20250403,1
235213,20250404,1
235213,20250414,1
235213,20250415,1
235213,20250416,1
235213,20250417,1
235213,20250418,1
235213,20250422,1
235213,20250423,1
235213,20250424,1
235213,20250425,1
235213,20250428,1
235213,20250429,1
235213,20250430,1
235213,20250505,1
235213,20250506,1
235213,20250507,1
235213,20250508,1
235213,20250509,1
235213,20250512,1
235213,20250513,1
235213,20250514,1
235213,20250515,1
235213,20250516,1
235213,20250519,1
235213,20250520,1
235213,20250521,1
235213,20250522,1
235213,20250523,1
235213,20250526,1
235213,20250527,1
235213,20250528,1
235213,20250529,1
235213,20250530,1
235213,20250602,1
235213,20250603,1
235213,20250604,1
235213,20250605,1
235213,20250606,1
235213,20250609,1
235213,20250610,1
235213,20250611,1
235213,20250612,1
235213,20250613,1
235214,20250321,1
235214,20250324,1
235214,20250325,1
235214,20250326,1
235214,20250327,1
235214,20250328,1
235214,20250331,1
235214,20250401,1
235214,20250402,1
235214,20250403,1
235214,20250404,1
235214,20250414,1
235214,20250415,1
235214,20250416,1
235214,20250417,1
235214,20250418,1
235214,20250422,1
235214,20250423,1
235214,20250424,1
235214,20250425,1
235214,20250428,1
235214,20250429,1
235214,20250430,1
235214,20250505,1
235214,20250506,1
235214,20250507,1
235214,20250508,1
235214,20250509,1
235214,20250512,1
235214,20250513,1
235214,20250514,1
235214,20250515,1
235214,20250516,1
235214,20250519,1
235214,20250520,1
235214,20250521,1
235214,20250522,1
235214,20250523,1
235214,20250526,1
235214,20250527,1
235214,20250528,1
235214,20250529,1
235214,20250530,1
235214,20250602,1
235214,20250603,1
235214,20250604,1
235214,20250605,1
235214,20250606,1
235214,20250609,1
235214,20250610,1
235214,20250611,1
235214,20250612,1
235214,20250613,1
235215,20250321,1
235215,20250324,1
235215,20250325,1
235215,20250326,1
235215,20250327,1
235215,20250328,1
235215,20250331,1
235215,20250401,1
235215,20250402,1
235215,20250403,1
235215,20250404,1
235215,20250414,1
235215,20250415,1
235215,20250416,1
235215,20250422,1
235215,20250423,1
235215,20250424,1
235215,20250425,1
235215,20250428,1
235215,20250429,1
235215,20250505,1
235215,20250506,1
235215,20250507,1
235215,20250508,1
235215,20250509,1
235215,20250512,1
235215,20250513,1
235215,20250514,1
235215,20250515,1
235215,20250516,1
235215,20250519,1
235215,20250520,1
235215,20250521,1
235215,20250522,1
235215,20250523,1
235215,20250526,1
235215,20250527,1
235215,20250528,1
235215,20250529,1
235215,20250530,1
235215,20250602,1
235215,20250603,1
235215,20250604,1
235215,20250605,1
235215,20250606,1
235215,20250609,1
235215,20250610,1
235215,20250611,1
235215,20250612,1
235215,20250613,1
235216,20250321,1
235216,20250324,1
235216,20250325,1
235216,20250326,1
235216,20250327,1
235216,20250328,1
235216,20250331,1
235216,20250401,1
235216,20250402,1
235216,20250403,1
235216,20250404,1
235216,20250414,1
235216,20250415,1
235216,20250416,1
235216,20250417,1
235216,20250418,1
235216,20250422,1
235216,20250423,1
235216,20250424,1
235216,20250425,1
235216,20250428,1
235216,20250429,1
235216,20250430,1
235216,20250505,1
235216,20250506,1
235216,20250507,1
235216,20250508,1
235216,20250509,1
235216,20250512,1
235216,20250513,1
235216,20250514,1
235216,20250515,1
235216,20250516,1
235216,20250519,1
235216,20250520,1
235216,20250521,1
235216,20250522,1
235216,20250523,1
235216,20250526,1
235216,20250527,1
235216,20250528,1
235216,20250529,1
235216,20250530,1
235216,20250602,1
235216,20250603,1
235216,20250604,1
235216,20250605,1
235216,20250606,1
235216,20250609,1
235216,20250610,1
235216,20250611,1
235216,20250612,1
235216,20250613,1
235217,20250321,1
235217,20250324,1
235217,20250325,1
235217,20250326,1
235217,20250327,1
235217,20250328,1
235217,20250331,1
235217,20250401,1
235217,20250402,1
235217,20250403,1
235217,20250404,1
235217,20250414,1
235217,20250415,1
235217,20250416,1
235217,20250417,1
235217,20250418,1
235217,20250422,1
235217,20250423,1
235217,20250424,1
235217,20250425,1
235217,20250428,1
235217,20250429,1
235217,20250430,1
235217,20250505,1
235217,20250506,1
235217,20250507,1
235217,20250508,1
235217,20250509,1
235217,20250512,1
235217,20250513,1
235217,20250514,1
235217,20250515,1
235217,20250516,1
235217,20250519,1
235217,20250520,1
235217,20250521,1
235217,20250522,1
235217,20250523,1
235217,20250526,1
235217,20250527,1
235217,20250528,1
235217,20250529,1
235217,20250530,1
235217,20250602,1
235217,20250603,1
235217,20250604,1
235217,20250605,1
235217,20250606,1
235217,20250609,1
235217,20250610,1
235217,20250611,1
235217,20250612,1
235217,20250613,1
235218,20250321,1
235218,20250324,1
235218,20250325,1
235218,20250326,1
235218,20250327,1
235218,20250328,1
235218,20250331,1
235218,20250401,1
235218,20250402,1
235218,20250403,1
235218,20250404,1
235218,20250414,1
235218,20250415,1
235218,20250416,1
235218,20250417,1
235218,20250418,1
235218,20250422,1
235218,20250423,1
235218,20250424,1
235218,20250425,1
235218,20250428,1
235218,20250429,1
235218,20250430,1
235218,20250505,1
235218,20250506,1
235218,20250507,1
235218,20250508,1
235218,20250509,1
235218,20250512,1
235218,20250513,1
235218,20250514,1
235218,20250515,1
235218,20250516,1
235218,20250519,1
235218,20250520,1
235218,20250521,1
235218,20250522,1
235218,20250523,1
235218,20250526,1
235218,20250527,1
235218,20250528,1
235218,20250529,1
235218,20250530,1
235218,20250602,1
235218,20250603,1
235218,20250604,1
235218,20250605,1
235218,20250606,1
235218,20250609,1
235218,20250610,1
235218,20250611,1
235218,20250612,1
235218,20250613,1
235219,20250321,1
235219,20250324,1
235219,20250325,1
235219,20250326,1
235219,20250327,1
235219,20250328,1
235219,20250331,1
235219,20250401,1
235219,20250402,1
235219,20250403,1
235219,20250404,1
235219,20250414,1
235219,20250415,1
235219,20250416,1
235219,20250417,1
235219,20250418,1
235219,20250422,1
235219,20250423,1
235219,20250424,1
235219,20250425,1
235219,20250428,1
235219,20250429,1
235219,20250430,1
235219,20250505,1
235219,20250506,1
235219,20250507,1
235219,20250508,1
235219,20250509,1
235219,20250512,1
235219,20250513,1
235219,20250514,1
235219,20250515,1
235219,20250516,1
235219,20250519,1
235219,20250520,1
235219,20250521,1
235219,20250522,1
235219,20250523,1
235219,20250526,1
235219,20250527,1
235219,20250528,1
235219,20250529,1
235219,20250530,1
235219,20250602,1
235219,20250603,1
235219,20250604,1
235219,20250605,1
235219,20250606,1
235219,20250609,1
235219,20250610,1
235219,20250611,1
235219,20250612,1
235219,20250613,1
235220,20250321,1
235220,20250324,1
235220,20250325,1
235220,20250326,1
235220,20250327,1
235220,20250328,1
235220,20250331,1
235220,20250401,1
235220,20250402,1
235220,20250403,1
235220,20250404,1
235220,20250414,1
235220,20250415,1
235220,20250416,1
235220,20250417,1
235220,20250418,1
235220,20250422,1
235220,20250423,1
235220,20250424,1
235220,20250425,1
235220,20250428,1
235220,20250429,1
235220,20250430,1
235220,20250505,1
235220,20250506,1
235220,20250507,1
235220,20250508,1
235220,20250509,1
235220,20250512,1
235220,20250513,1
235220,20250514,1
235220,20250515,1
235220,20250516,1
235220,20250519,1
235220,20250520,1
235220,20250521,1
235220,20250522,1
235220,20250523,1
235220,20250526,1
235220,20250527,1
235220,20250528,1
235220,20250529,1
235220,20250530,1
235220,20250602,1
235220,20250603,1
235220,20250604,1
235220,20250605,1
235220,20250606,1
235220,20250609,1
235220,20250610,1
235220,20250611,1
235220,20250612,1
235220,20250613,1
235221,20250405,1
235222,20250426,1
235223,20250426,1
235224,20250321,1
235224,20250324,1
235224,20250325,1
235224,20250326,1
235224,20250327,1
235224,20250328,1
235224,20250331,1
235224,20250401,1
235224,20250402,1
235224,20250403,1
235224,20250404,1
235224,20250414,1
235224,20250415,1
235224,20250416,1
235224,20250417,1
235224,20250418,1
235224,20250422,1
235224,20250423,1
235224,20250424,1
235224,20250425,1
235224,20250428,1
235224,20250429,1
235224,20250430,1
235224,20250505,1
235224,20250506,1
235224,20250507,1
235224,20250508,1
235224,20250509,1
235224,20250512,1
235224,20250513,1
235224,20250514,1
235224,20250515,1
235224,20250516,1
235224,20250519,1
235224,20250520,1
235224,20250521,1
235224,20250522,1
235224,20250523,1
235224,20250526,1
235224,20250527,1
235224,20250528,1
235224,20250529,1
235224,20250530,1
235224,20250602,1
235224,20250603,1
235224,20250604,1
235224,20250605,1
235224,20250606,1
235224,20250609,1
235224,20250610,1
235224,20250611,1
235224,20250612,1
235224,20250613,1
235225,20250321,1
235225,20250324,1
235225,20250325,1
235225,20250326,1
235225,20250327,1
235225,20250328,1
235225,20250331,1
235225,20250401,1
235225,20250402,1
235225,20250403,1
235225,20250404,1
235225,20250414,1
235225,20250415,1
235225,20250416,1
235225,20250417,1
235225,20250418,1
235225,20250422,1
235225,20250423,1
235225,20250424,1
235225,20250425,1
235225,20250428,1
235225,20250429,1
235225,20250430,1
235225,20250505,1
235225,20250506,1
235225,20250507,1
235225,20250508,1
235225,20250509,1
235225,20250512,1
235225,20250513,1
235225,20250514,1
235225,20250515,1
235225,20250516,1
235225,20250519,1
235225,20250520,1
235225,20250521,1
235225,20250522,1
235225,20250523,1
235225,20250526,1
235225,20250527,1
235225,20250528,1
235225,20250529,1
235225,20250530,1
235225,20250602,1
235225,20250603,1
235225,20250604,1
235225,20250605,1
235225,20250606,1
235225,20250609,1
235225,20250610,1
235225,20250611,1
235225,20250612,1
235225,20250613,1
235226,20250321,1
235226,20250324,1
235226,20250325,1
235226,20250326,1
235226,20250327,1
235226,20250328,1
235226,20250331,1
235226,20250401,1
235226,20250402,1
235226,20250403,1
235226,20250404,1
235226,20250414,1
235226,20250415,1
235226,20250416,1
235226,20250417,1
235226,20250418,1
235226,20250422,1
235226,20250423,1
235226,20250424,1
235226,20250425,1
235226,20250428,1
235226,20250429,1
235226,20250430,1
235226,20250505,1
235226,20250506,1
235226,20250507,1
235226,20250508,1
235226,20250509,1
235226,20250512,1
235226,20250513,1
235226,20250514,1
235226,20250515,1
235226,20250516,1
235226,20250519,1
235226,20250520,1
235226,20250521,1
235226,20250522,1
235226,20250523,1
235226,20250526,1
235226,20250527,1
235226,20250528,1
235226,20250529,1
235226,20250530,1
235226,20250602,1
235226,20250603,1
235226,20250604,1
235226,20250605,1
235226,20250606,1
235226,20250609,1
235226,20250610,1
235226,20250611,1
235226,20250612,1
235226,20250613,1
235227,20250321,1
235227,20250324,1
235227,20250325,1
235227,20250326,1
235227,20250327,1
235227,20250328,1
235227,20250331,1
235227,20250401,1
235227,20250402,1
235227,20250403,1
235227,20250404,1
235227,20250414,1
235227,20250415,1
235227,20250416,1
235227,20250422,1
235227,20250423,1
235227,20250424,1
235227,20250425,1
235227,20250428,1
235227,20250429,1
235227,20250505,1
235227,20250506,1
235227,20250507,1
235227,20250508,1
235227,20250509,1
235227,20250512,1
235227,20250513,1
235227,20250514,1
235227,20250515,1
235227,20250516,1
235227,20250519,1
235227,20250520,1
235227,20250521,1
235227,20250522,1
235227,20250523,1
235227,20250526,1
235227,20250527,1
235227,20250528,1
235227,20250529,1
235227,20250530,1
235227,20250602,1
235227,20250603,1
235227,20250604,1
235227,20250605,1
235227,20250606,1
235227,20250609,1
235227,20250610,1
235227,20250611,1
235227,20250612,1
235227,20250613,1
235228,20250323,1
235228,20250330,1
235229,20250323,1
235229,20250330,1
235230,20250323,1
235230,20250330,1
235231,20250323,1
235231,20250330,1
235232,20250323,1
235232,20250330,1
235233,20250323,1
235233,20250330,1
235234,20250322,1
235234,20250329,1
235235,20250417,1
235235,20250418,1
235235,20250430,1
235236,20250417,1
235236,20250418,1
235236,20250430,1
235237,20250417,1
235237,20250418,1
235237,20250430,1
235238,20250417,1
235238,20250418,1
235238,20250430,1
235239,20250417,1
235239,20250418,1
235239,20250430,1
235240,20250407,1
235240,20250408,1
235240,20250409,1
235240,20250410,1
235240,20250411,1
235241,20250323,1
235241,20250330,1
235242,20250323,1
235242,20250330,1
235243,20250323,1
235243,20250330,1
235244,20250323,1
235244,20250330,1
235245,20250322,1
235245,20250329,1
235246,20250322,1
235246,20250329,1
235247,20250407,1
235247,20250408,1
235247,20250409,1
235247,20250410,1
235247,20250411,1
235248,20250407,1
235248,20250408,1
235248,20250409,1
235248,20250410,1
235248,20250411,1
235249,20250407,1
235249,20250408,1
235249,20250409,1
235249,20250410,1
235249,20250411,1
235250,20250407,1
235250,20250408,1
235250,20250409,1
235250,20250410,1
235250,20250411,1
235251,20250407,1
235251,20250408,1
235251,20250409,1
235251,20250410,1
235251,20250411,1
235252,20250407,1
235252,20250408,1
235252,20250409,1
235252,20250410,1
235252,20250411,1
235253,20250407,1
235253,20250408,1
235253,20250409,1
235253,20250410,1
235253,20250411,1
235254,20250407,1
235254,20250408,1
235254,20250409,1
235254,20250410,1
235254,20250411,1
235255,20250322,1
235255,20250329,1
235256,20250322,1
235256,20250329,1
235257,20250322,1
235257,20250329,1
235258,20250322,1
235258,20250329,1
235259,20250322,1
235259,20250329,1
235260,20250322,1
235260,20250329,1
235261,20250322,1
235261,20250329,1
235262,20250323,1
235262,20250330,1
235263,20250323,1
235263,20250330,1
235264,20250323,1
235264,20250330,1
235265,20250323,1
235265,20250330,1
235266,20250407,1
235266,20250408,1
235266,20250409,1
235266,20250410,1
235266,20250411,1
235267,20250407,1
235267,20250408,1
235267,20250409,1
235267,20250410,1
235267,20250411,1
235268,20250407,1
235268,20250408,1
235268,20250409,1
235268,20250410,1
235268,20250411,1
235269,20250407,1
235269,20250408,1
235269,20250409,1
235269,20250410,1
235269,20250411,1
235270,20250407,1
235270,20250408,1
235270,20250409,1
235270,20250410,1
235271,20250407,1
235271,20250408,1
235271,20250409,1
235271,20250410,1
235271,20250411,1
235272,20250407,1
235272,20250408,1
235272,20250409,1
235272,20250410,1
235272,20250411,1
235273,20250407,1
235273,20250408,1
235273,20250409,1
235273,20250410,1
235273,20250411,1
235274,20250407,1
235274,20250408,1
235274,20250409,1
235274,20250410,1
235274,20250411,1
235275,20250407,1
235275,20250408,1
235275,20250409,1
235275,20250410,1
235275,20250411,1
235276,20250407,1
235276,20250408,1
235276,20250409,1
235276,20250410,1
235276,20250411,1
235277,20250407,1
235277,20250408,1
235277,20250409,1
235277,20250410,1
235277,20250411,1
235278,20250407,1
235278,20250408,1
235278,20250409,1
235278,20250410,1
235278,20250411,1
235279,20250407,1
235279,20250408,1
235279,20250409,1
235279,20250410,1
235279,20250411,1
235280,20250407,1
235280,20250408,1
235280,20250409,1
235280,20250410,1
235280,20250411,1
235281,20250407,1
235281,20250408,1
235281,20250409,1
235281,20250410,1
235281,20250411,1
235282,20250407,1
235282,20250408,1
235282,20250409,1
235282,20250410,1
235282,20250411,1
235283,20250407,1
235283,20250408,1
235283,20250409,1
235283,20250410,1
235283,20250411,1
235284,20250407,1
235284,20250408,1
235284,20250409,1
235284,20250410,1
235284,20250411,1
235285,20250407,1
235285,20250408,1
235285,20250409,1
235285,20250410,1
235285,20250411,1
235286,20250407,1
235286,20250408,1
235286,20250409,1
235286,20250410,1
235286,20250411,1
235287,20250407,1
235287,20250408,1
235287,20250409,1
235287,20250410,1
235287,20250411,1
235288,20250407,1
235288,20250408,1
235288,20250409,1
235288,20250410,1
235288,20250411,1
235289,20250407,1
235289,20250408,1
235289,20250409,1
235289,20250410,1
235289,20250411,1
235290,20250407,1
235290,20250408,1
235290,20250409,1
235290,20250410,1
235290,20250411,1
235291,20250407,1
235291,20250408,1
235291,20250409,1
235291,20250410,1
235291,20250411,1
235292,20250407,1
235292,20250408,1
235292,20250409,1
235292,20250410,1
235292,20250411,1
235293,20250407,1
235293,20250408,1
235293,20250409,1
235293,20250410,1
235293,20250411,1
235294,20250407,1
235294,20250408,1
235294,20250409,1
235294,20250410,1
235294,20250411,1
235295,20250407,1
235295,20250408,1
235295,20250409,1
235295,20250410,1
235295,20250411,1
235296,20250407,1
235296,20250408,1
235296,20250409,1
235296,20250410,1
235296,20250411,1
235297,20250407,1
235297,20250408,1
235297,20250409,1
235297,20250410,1
235297,20250411,1
235298,20250407,1
235298,20250408,1
235298,20250409,1
235298,20250410,1
235298,20250411,1
235299,20250407,1
235299,20250408,1
235299,20250409,1
235299,20250410,1
235299,20250411,1
235300,20250407,1
235300,20250408,1
235300,20250409,1
235300,20250410,1
235300,20250411,1
235301,20250407,1
235301,20250408,1
235301,20250409,1
235301,20250410,1
235301,20250411,1
235302,20250407,1
235302,20250408,1
235302,20250409,1
235302,20250410,1
235302,20250411,1
235303,20250405,1
235303,20250412,1
235304,20250405,1
235304,20250412,1
235305,20250405,1
235305,20250412,1
235306,20250405,1
235306,20250412,1
235307,20250322,1
235307,20250329,1
235308,20250407,1
235308,20250408,1
235308,20250409,1
235308,20250410,1
235308,20250411,1
235309,20250407,1
235309,20250408,1
235309,20250409,1
235309,20250410,1
235309,20250411,1
235310,20250407,1
235310,20250408,1
235310,20250409,1
235310,20250410,1
235310,20250411,1
235311,20250407,1
235311,20250408,1
235311,20250409,1
235311,20250410,1
235311,20250411,1
235312,20250407,1
235312,20250408,1
235312,20250409,1
235312,20250410,1
235313,20250411,1
235314,20250407,1
235314,20250408,1
235314,20250409,1
235314,20250410,1
235314,20250411,1
235315,20250407,1
235315,20250408,1
235315,20250409,1
235315,20250410,1
235315,20250411,1
235316,20250407,1
235316,20250408,1
235316,20250409,1
235316,20250410,1
235316,20250411,1
235317,20250407,1
235317,20250408,1
235317,20250409,1
235317,20250410,1
235317,20250411,1
235318,20250407,1
235318,20250408,1
235318,20250409,1
235318,20250410,1
235318,20250411,1
235319,20250407,1
235319,20250408,1
235319,20250409,1
235319,20250410,1
235319,20250411,1
235320,20250407,1
235320,20250408,1
235320,20250409,1
235320,20250410,1
235320,20250411,1
235321,20250407,1
235321,20250408,1
235321,20250409,1
235321,20250410,1
235321,20250411,1
235322,20250407,1
235322,20250408,1
235322,20250409,1
235322,20250410,1
235322,20250411,1
235323,20250407,1
235323,20250408,1
235323,20250409,1
235323,20250410,1
235323,20250411,1
235324,20250407,1
235324,20250408,1
235324,20250409,1
235324,20250410,1
235324,20250411,1
235325,20250407,1
235325,20250408,1
235325,20250409,1
235325,20250410,1
235325,20250411,1
235326,20250411,1
235327,20250407,1
235327,20250408,1
235327,20250409,1
235327,20250410,1
235327,20250411,1
235328,20250407,1
235328,20250408,1
235328,20250409,1
235328,20250410,1
235328,20250411,1
235329,20250407,1
235329,20250408,1
235329,20250409,1
235329,20250410,1
235329,20250411,1
235330,20250407,1
235330,20250408,1
235330,20250409,1
235330,20250410,1
235330,20250411,1
235331,20250407,1
235331,20250408,1
235331,20250409,1
235331,20250410,1
235331,20250411,1
235332,20250407,1
235332,20250408,1
235332,20250409,1
235332,20250410,1
235332,20250411,1
235333,20250407,1
235333,20250408,1
235333,20250409,1
235333,20250410,1
235333,20250411,1
235334,20250407,1
235334,20250408,1
235334,20250409,1
235334,20250410,1
235334,20250411,1
235335,20250407,1
235335,20250408,1
235335,20250409,1
235335,20250410,1
235335,20250411,1
235336,20250407,1
235336,20250408,1
235336,20250409,1
235336,20250410,1
235336,20250411,1
235337,20250407,1
235337,20250408,1
235337,20250409,1
235337,20250410,1
235337,20250411,1
235338,20250407,1
235338,20250408,1
235338,20250409,1
235338,20250410,1
235338,20250411,1
235339,20250407,1
235339,20250408,1
235339,20250409,1
235339,20250410,1
235339,20250411,1
235340,20250407,1
235340,20250408,1
235340,20250409,1
235340,20250410,1
235341,20250405,1
235341,20250412,1
235342,20250405,1
235342,20250412,1
235343,20250405,1
235343,20250412,1
235344,20250405,1
235344,20250412,1
235345,20250405,1
235345,20250412,1
235346,20250405,1
235346,20250412,1
235347,20250405,1
235347,20250412,1
235348,20250405,1
235348,20250412,1
235349,20250405,1
235349,20250412,1
235350,20250405,1
235350,20250412,1
235351,20250405,1
235351,20250412,1
235352,20250407,1
235352,20250408,1
235352,20250409,1
235352,20250410,1
235352,20250411,1
235353,20250407,1
235353,20250408,1
235353,20250409,1
235353,20250410,1
235353,20250411,1
235354,20250407,1
235354,20250408,1
235354,20250409,1
235354,20250410,1
235354,20250411,1
235355,20250407,1
235355,20250408,1
235355,20250409,1
235355,20250410,1
235355,20250411,1
235356,20250407,1
235356,20250408,1
235356,20250409,1
235356,20250410,1
235356,20250411,1
235357,20250407,1
235357,20250408,1
235357,20250409,1
235357,20250410,1
235357,20250411,1
235358,20250407,1
235358,20250408,1
235358,20250409,1
235358,20250410,1
235358,20250411,1
235359,20250407,1
235359,20250408,1
235359,20250409,1
235359,20250410,1
235359,20250411,1
235360,20250407,1
235360,20250408,1
235360,20250409,1
235360,20250410,1
235360,20250411,1
235361,20250407,1
235361,20250408,1
235361,20250409,1
235361,20250410,1
235361,20250411,1
235362,20250407,1
235362,20250408,1
235362,20250409,1
235362,20250410,1
235362,20250411,1
235363,20250407,1
235363,20250408,1
235363,20250409,1
235363,20250410,1
235363,20250411,1
235364,20250407,1
235364,20250408,1
235364,20250409,1
235364,20250410,1
235364,20250411,1
235365,20250407,1
235365,20250408,1
235365,20250409,1
235365,20250410,1
235365,20250411,1
235366,20250407,1
235366,20250408,1
235366,20250409,1
235366,20250410,1
235366,20250411,1
235367,20250407,1
235367,20250408,1
235367,20250409,1
235367,20250410,1
235367,20250411,1
235368,20250407,1
235368,20250408,1
235368,20250409,1
235368,20250410,1
235368,20250411,1
235369,20250407,1
235369,20250408,1
235369,20250409,1
235369,20250410,1
235369,20250411,1
235370,20250407,1
235370,20250408,1
235370,20250409,1
235370,20250410,1
235370,20250411,1
235371,20250407,1
235371,20250408,1
235371,20250409,1
235371,20250410,1
235371,20250411,1
235372,20250407,1
235372,20250408,1
235372,20250409,1
235372,20250410,1
235372,20250411,1
235373,20250407,1
235373,20250408,1
235373,20250409,1
235373,20250410,1
235373,20250411,1
235374,20250407,1
235374,20250408,1
235374,20250409,1
235374,20250410,1
235374,20250411,1
235375,20250407,1
235375,20250408,1
235375,20250409,1
235375,20250410,1
235375,20250411,1
235376,20250407,1
235376,20250408,1
235376,20250409,1
235376,20250410,1
235376,20250411,1
235377,20250407,1
235377,20250408,1
235377,20250409,1
235377,20250410,1
235377,20250411,1
235378,20250407,1
235378,20250408,1
235378,20250409,1
235378,20250410,1
235378,20250411,1
235379,20250407,1
235379,20250408,1
235379,20250409,1
235379,20250410,1
235379,20250411,1
235380,20250407,1
235380,20250408,1
235380,20250409,1
235380,20250410,1
235380,20250411,1
235381,20250407,1
235381,20250408,1
235381,20250409,1
235381,20250410,1
235381,20250411,1
235382,20250407,1
235382,20250408,1
235382,20250409,1
235382,20250410,1
235382,20250411,1
235383,20250407,1
235383,20250408,1
235383,20250409,1
235383,20250410,1
235383,20250411,1
235384,20250407,1
235384,20250408,1
235384,20250409,1
235384,20250410,1
235384,20250411,1
235385,20250407,1
235385,20250408,1
235385,20250409,1
235385,20250410,1
235385,20250411,1
235386,20250407,1
235386,20250408,1
235386,20250409,1
235386,20250410,1
235386,20250411,1
235387,20250406,1
235387,20250413,1
235388,20250407,1
235388,20250408,1
235388,20250409,1
235388,20250410,1
235388,20250411,1
235389,20250407,1
235389,20250408,1
235389,20250409,1
235389,20250410,1
235389,20250411,1
235390,20250407,1
235390,20250408,1
235390,20250409,1
235390,20250410,1
235390,20250411,1
235391,20250405,1
235391,20250406,1
235391,20250412,1
235391,20250413,1
235392,20250405,1
235392,20250412,1
235393,20250405,1
235393,20250412,1
235394,20250405,1
235394,20250412,1
235395,20250405,1
235395,20250412,1
235396,20250405,1
235396,20250412,1
235397,20250405,1
235397,20250412,1
235398,20250405,1
235398,20250412,1
235399,20250405,1
235399,20250412,1
235400,20250405,1
235400,20250412,1
235401,20250405,1
235401,20250412,1
235402,20250405,1
235402,20250412,1
235403,20250405,1
235403,20250412,1
235404,20250405,1
235405,20250405,1
235406,20250321,1
235406,20250324,1
235406,20250325,1
235406,20250326,1
235406,20250327,1
235406,20250328,1
235406,20250331,1
235406,20250401,1
235406,20250402,1
235406,20250403,1
235406,20250404,1
235406,20250414,1
235406,20250415,1
235406,20250416,1
235406,20250417,1
235406,20250418,1
235406,20250422,1
235406,20250423,1
235406,20250424,1
235406,20250425,1
235406,20250428,1
235406,20250429,1
235406,20250430,1
235406,20250505,1
235406,20250506,1
235406,20250507,1
235406,20250508,1
235406,20250509,1
235406,20250512,1
235406,20250513,1
235406,20250514,1
235406,20250515,1
235406,20250516,1
235406,20250519,1
235406,20250520,1
235406,20250521,1
235406,20250522,1
235406,20250523,1
235406,20250526,1
235406,20250527,1
235406,20250528,1
235406,20250529,1
235406,20250530,1
235406,20250602,1
235406,20250603,1
235406,20250604,1
235406,20250605,1
235406,20250606,1
235406,20250609,1
235406,20250610,1
235406,20250611,1
235406,20250612,1
235406,20250613,1
235407,20250406,1
235407,20250413,1
235408,20250406,1
235408,20250413,1
235409,20250406,1
235409,20250413,1
235410,20250406,1
235410,20250413,1
235411,20250406,1
235411,20250413,1
235412,20250406,1
235412,20250413,1
235413,20250406,1
235413,20250413,1
235414,20250406,1
235415,20250406,1
235415,20250413,1
235416,20250406,1
235416,20250413,1
235417,20250406,1
235417,20250413,1
235418,20250406,1
235418,20250413,1
235419,20250406,1
235420,20250406,1
235420,20250413,1
235421,20250406,1
235421,20250413,1
235422,20250406,1
235422,20250413,1
235423,20250406,1
235423,20250413,1
235424,20250406,1
235424,20250413,1
235425,20250406,1
235425,20250413,1
235426,20250406,1
235426,20250413,1
235427,20250406,1
235427,20250413,1
235428,20250406,1
235428,20250413,1
235429,20250406,1
235430,20250406,1
235430,20250413,1
235431,20250406,1
235432,20250406,1
235432,20250413,1
235433,20250406,1
235433,20250413,1
235434,20250406,1
235434,20250413,1
235435,20250406,1
235435,20250413,1
235436,20250407,1
235436,20250408,1
235436,20250409,1
235436,20250410,1
235436,20250411,1
235437,20250407,1
235437,20250408,1
235437,20250409,1
235437,20250410,1
235437,20250411,1
235438,20250407,1
235438,20250408,1
235438,20250409,1
235438,20250410,1
235438,20250411,1
235439,20250407,1
235439,20250408,1
235439,20250409,1
235439,20250410,1
235439,20250411,1
235440,20250407,1
235440,20250408,1
235440,20250409,1
235440,20250410,1
235440,20250411,1
235441,20250407,1
235441,20250408,1
235441,20250409,1
235441,20250410,1
235441,20250411,1
235442,20250407,1
235442,20250408,1
235442,20250409,1
235442,20250410,1
235442,20250411,1
235443,20250405,1
235443,20250412,1
235444,20250405,1
235444,20250412,1
235445,20250405,1
235445,20250412,1
235446,20250405,1
235446,20250412,1
235447,20250405,1
235447,20250412,1
235448,20250405,1
235448,20250412,1
235449,20250405,1
235449,20250412,1
235450,20250405,1
235450,20250412,1
235451,20250405,1
235451,20250412,1
235452,20250405,1
235452,20250412,1
235453,20250405,1
235453,20250412,1
235454,20250405,1
235454,20250412,1
235455,20250406,1
235455,20250413,1
235456,20250406,1
235456,20250413,1
235457,20250406,1
235457,20250413,1
235458,20250406,1
235458,20250413,1
235459,20250406,1
235459,20250413,1
235460,20250406,1
235460,20250413,1
235461,20250406,1
235461,20250413,1
235462,20250406,1
235462,20250413,1
235463,20250406,1
235463,20250413,1
235464,20250406,1
235464,20250413,1
235465,20250406,1
235465,20250413,1
235466,20250406,1
235466,20250413,1
235467,20250406,1
235467,20250413,1
235468,20250406,1
235468,20250413,1
235469,20250406,1
235469,20250413,1
235470,20250406,1
235470,20250413,1
235471,20250406,1
235471,20250413,1
235472,20250406,1
235472,20250413,1
235473,20250406,1
235473,20250413,1
235474,20250406,1
235474,20250413,1
235475,20250406,1
235476,20250411,1
235477,20250412,1
235478,20250412,1
235479,20250321,1
235479,20250324,1
235479,20250325,1
235479,20250326,1
235479,20250327,1
235479,20250328,1
235479,20250331,1
235479,20250401,1
235479,20250402,1
235479,20250403,1
235479,20250404,1
235479,20250414,1
235479,20250415,1
235479,20250416,1
235479,20250417,1
235479,20250418,1
235479,20250422,1
235479,20250423,1
235479,20250424,1
235479,20250425,1
235479,20250428,1
235479,20250429,1
235479,20250430,1
235479,20250505,1
235479,20250506,1
235479,20250507,1
235479,20250508,1
235479,20250509,1
235479,20250512,1
235479,20250513,1
235479,20250514,1
235479,20250515,1
235479,20250516,1
235479,20250519,1
235479,20250520,1
235479,20250521,1
235479,20250522,1
235479,20250523,1
235479,20250526,1
235479,20250527,1
235479,20250528,1
235479,20250529,1
235479,20250530,1
235479,20250602,1
235479,20250603,1
235479,20250604,1
235479,20250605,1
235479,20250606,1
235479,20250609,1
235479,20250610,1
235479,20250611,1
235479,20250612,1
235479,20250613,1
235480,20250321,1
235480,20250324,1
235480,20250325,1
235480,20250326,1
235480,20250327,1
235480,20250328,1
235480,20250331,1
235480,20250401,1
235480,20250402,1
235480,20250403,1
235480,20250404,1
235480,20250414,1
235480,20250415,1
235480,20250416,1
235480,20250417,1
235480,20250418,1
235480,20250422,1
235480,20250423,1
235480,20250424,1
235480,20250425,1
235480,20250428,1
235480,20250429,1
235480,20250430,1
235480,20250505,1
235480,20250506,1
235480,20250507,1
235480,20250508,1
235480,20250509,1
235480,20250512,1
235480,20250513,1
235480,20250514,1
235480,20250515,1
235480,20250516,1
235480,20250519,1
235480,20250520,1
235480,20250521,1
235480,20250522,1
235480,20250523,1
235480,20250526,1
235480,20250527,1
235480,20250528,1
235480,20250529,1
235480,20250530,1
235480,20250602,1
235480,20250603,1
235480,20250604,1
235480,20250605,1
235480,20250606,1
235480,20250609,1
235480,20250610,1
235480,20250611,1
235480,20250612,1
235480,20250613,1
235481,20250324,1
235481,20250325,1
235481,20250326,1
235481,20250327,1
235481,20250331,1
235481,20250401,1
235481,20250402,1
235481,20250403,1
235481,20250414,1
235481,20250415,1
235481,20250416,1
235481,20250417,1
235481,20250422,1
235481,20250423,1
235481,20250424,1
235481,20250428,1
235481,20250429,1
235481,20250505,1
235481,20250506,1
235481,20250507,1
235481,20250508,1
235481,20250512,1
235481,20250513,1
235481,20250514,1
235481,20250515,1
235481,20250519,1
235481,20250520,1
235481,20250521,1
235481,20250522,1
235481,20250526,1
235481,20250527,1
235481,20250528,1
235481,20250529,1
235481,20250602,1
235481,20250603,1
235481,20250604,1
235481,20250605,1
235481,20250609,1
235481,20250610,1
235481,20250611,1
235481,20250612,1
235482,20250407,1
235482,20250408,1
235482,20250409,1
235482,20250410,1
235482,20250411,1
235483,20250405,1
235483,20250412,1
235484,20250406,1
235485,20250406,1
235485,20250413,1
235495,20250412,1
235496,20250412,1
235497,20250407,1
235497,20250408,1
235497,20250409,1
235497,20250410,1
235497,20250411,1
235498,20250413,1
235499,20250413,1
235500,20250413,1
235501,20250413,1
235502,20250413,1
235503,20250413,1
235504,20250413,1
235505,20250406,1
235505,20250413,1
235506,20250321,1
235506,20250324,1
235506,20250325,1
235506,20250326,1
235506,20250327,1
235506,20250328,1
235506,20250331,1
235506,20250401,1
235506,20250402,1
235506,20250403,1
235506,20250404,1
235506,20250414,1
235506,20250415,1
235506,20250416,1
235506,20250417,1
235506,20250418,1
235506,20250422,1
235506,20250423,1
235506,20250424,1
235506,20250425,1
235506,20250428,1
235506,20250429,1
235506,20250430,1
235506,20250505,1
235506,20250506,1
235506,20250507,1
235506,20250508,1
235506,20250509,1
235506,20250512,1
235506,20250513,1
235506,20250514,1
235506,20250515,1
235506,20250516,1
235506,20250519,1
235506,20250520,1
235506,20250521,1
235506,20250522,1
235506,20250523,1
235506,20250526,1
235506,20250527,1
235506,20250528,1
235506,20250529,1
235506,20250530,1
235506,20250602,1
235506,20250603,1
235506,20250604,1
235506,20250605,1
235506,20250606,1
235506,20250609,1
235506,20250610,1
235506,20250611,1
235506,20250612,1
235506,20250613,1
235507,20250407,1
235507,20250408,1
235507,20250409,1
235507,20250410,1
235508,20250407,1
235509,20250407,1
235535,20250407,1
235535,20250408,1
235535,20250409,1
235535,20250410,1
235535,20250411,1
235536,20250407,1
235536,20250408,1
235536,20250409,1
235536,20250410,1
235536,20250411,1
235537,20250405,1
235537,20250412,1
235538,20250405,1
235538,20250412,1
235539,20250405,1
235539,20250412,1
235540,20250405,1
235540,20250412,1
235541,20250406,1
235541,20250413,1
235542,20250406,1
235542,20250413,1
235543,20250407,1
235544,20250321,1
235544,20250324,1
235544,20250325,1
235544,20250326,1
235544,20250327,1
235544,20250328,1
235544,20250331,1
235544,20250401,1
235544,20250402,1
235544,20250403,1
235544,20250404,1
235544,20250414,1
235544,20250415,1
235544,20250416,1
235544,20250417,1
235544,20250418,1
235544,20250422,1
235544,20250423,1
235544,20250424,1
235544,20250425,1
235544,20250428,1
235544,20250429,1
235544,20250430,1
235544,20250505,1
235544,20250506,1
235544,20250507,1
235544,20250508,1
235544,20250509,1
235544,20250512,1
235544,20250513,1
235544,20250514,1
235544,20250515,1
235544,20250516,1
235544,20250519,1
235544,20250520,1
235544,20250521,1
235544,20250522,1
235544,20250523,1
235544,20250526,1
235544,20250527,1
235544,20250528,1
235544,20250529,1
235544,20250530,1
235544,20250602,1
235544,20250603,1
235544,20250604,1
235544,20250605,1
235544,20250606,1
235544,20250609,1
235544,20250610,1
235544,20250611,1
235544,20250612,1
235544,20250613,1
235545,20250323,1
235545,20250330,1
235583,20250419,1
235584,20250419,1
235585,20250419,1
235586,20250419,1
235587,20250419,1
235588,20250419,1
235589,20250419,1
235589,20250502,1
235590,20250419,1
235590,20250502,1
235591,20250419,1
235591,20250502,1
235592,20250419,1
235593,20250419,1
235593,20250502,1
235594,20250419,1
235594,20250502,1
235595,20250419,1
235595,20250502,1
235596,20250419,1
235596,20250502,1
235597,20250419,1
235597,20250502,1
235598,20250419,1
235598,20250502,1
235599,20250419,1
235599,20250502,1
235619,20250419,1
235619,20250502,1
235620,20250417,1
235620,20250418,1
235620,20250430,1
235621,20250419,1
235621,20250502,1
235622,20250419,1
235623,20250419,1
235624,20250419,1
235625,20250419,1
235626,20250419,1
235627,20250419,1
235628,20250419,1
235629,20250419,1
235630,20250419,1
235631,20250419,1
235632,20250419,1
235633,20250419,1
235634,20250419,1
235635,20250419,1
235647,20250321,1
235647,20250324,1
235647,20250325,1
235647,20250326,1
235647,20250327,1
235647,20250328,1
235647,20250331,1
235647,20250401,1
235647,20250402,1
235647,20250403,1
235647,20250404,1
235647,20250414,1
235647,20250415,1
235647,20250416,1
235647,20250417,1
235647,20250418,1
235647,20250422,1
235647,20250423,1
235647,20250424,1
235647,20250425,1
235647,20250428,1
235647,20250429,1
235647,20250430,1
235647,20250505,1
235647,20250506,1
235647,20250507,1
235647,20250508,1
235647,20250509,1
235647,20250512,1
235647,20250513,1
235647,20250514,1
235647,20250515,1
235647,20250516,1
235647,20250519,1
235647,20250520,1
235647,20250521,1
235647,20250522,1
235647,20250523,1
235647,20250526,1
235647,20250527,1
235647,20250528,1
235647,20250529,1
235647,20250530,1
235647,20250602,1
235647,20250603,1
235647,20250604,1
235647,20250605,1
235647,20250606,1
235647,20250609,1
235647,20250610,1
235647,20250611,1
235647,20250612,1
235647,20250613,1
235648,20250321,1
235648,20250324,1
235648,20250325,1
235648,20250326,1
235648,20250327,1
235648,20250328,1
235648,20250331,1
235648,20250401,1
235648,20250402,1
235648,20250403,1
235648,20250404,1
235648,20250414,1
235648,20250415,1
235648,20250416,1
235648,20250417,1
235648,20250418,1
235648,20250422,1
235648,20250423,1
235648,20250424,1
235648,20250425,1
235648,20250428,1
235648,20250429,1
235648,20250430,1
235648,20250505,1
235648,20250506,1
235648,20250507,1
235648,20250508,1
235648,20250509,1
235648,20250512,1
235648,20250513,1
235648,20250514,1
235648,20250515,1
235648,20250516,1
235648,20250519,1
235648,20250520,1
235648,20250521,1
235648,20250522,1
235648,20250523,1
235648,20250526,1
235648,20250527,1
235648,20250528,1
235648,20250529,1
235648,20250530,1
235648,20250602,1
235648,20250603,1
235648,20250604,1
235648,20250605,1
235648,20250606,1
235648,20250609,1
235648,20250610,1
235648,20250611,1
235648,20250612,1
235648,20250613,1
235649,20250321,1
235649,20250324,1
235649,20250325,1
235649,20250326,1
235649,20250327,1
235649,20250328,1
235649,20250331,1
235649,20250401,1
235649,20250402,1
235649,20250403,1
235649,20250404,1
235649,20250414,1
235649,20250415,1
235649,20250416,1
235649,20250422,1
235649,20250423,1
235649,20250424,1
235649,20250425,1
235649,20250428,1
235649,20250429,1
235649,20250505,1
235649,20250506,1
235649,20250507,1
235649,20250508,1
235649,20250509,1
235649,20250512,1
235649,20250513,1
235649,20250514,1
235649,20250515,1
235649,20250516,1
235649,20250519,1
235649,20250520,1
235649,20250521,1
235649,20250522,1
235649,20250523,1
235649,20250526,1
235649,20250527,1
235649,20250528,1
235649,20250529,1
235649,20250530,1
235649,20250602,1
235649,20250603,1
235649,20250604,1
235649,20250605,1
235649,20250606,1
235649,20250609,1
235649,20250610,1
235649,20250611,1
235649,20250612,1
235649,20250613,1
235650,20250511,1
235650,20250518,1
235650,20250525,1
235650,20250601,1
235650,20250608,1
235651,20250602,1
235651,20250609,1
235652,20250510,1
235652,20250517,1
235652,20250524,1
235652,20250531,1
235652,20250607,1
235652,20250614,1
235653,20250419,1
235654,20250419,1
235655,20250419,1
235656,20250419,1
235656,20250502,1
235657,20250419,1
235657,20250502,1
235658,20250419,1
235658,20250502,1
235659,20250419,1
235660,20250419,1
235660,20250502,1
235661,20250419,1
235661,20250502,1
235662,20250419,1
235662,20250502,1
235663,20250419,1
235663,20250502,1
235664,20250419,1
235665,20250419,1
235666,20250419,1
235667,20250419,1
235668,20250419,1
235669,20250420,1
235670,20250419,1
235670,20250502,1
235671,20250419,1
235671,20250502,1
235672,20250419,1
235672,20250502,1
235673,20250419,1
235673,20250502,1
235674,20250419,1
235674,20250502,1
235675,20250419,1
235675,20250502,1
235676,20250419,1
235676,20250502,1
235677,20250421,1
235678,20250421,1
235679,20250421,1
235680,20250421,1
235681,20250421,1
235682,20250421,1
235683,20250421,1
235684,20250421,1
235685,20250421,1
235686,20250421,1
235687,20250421,1
235688,20250421,1
235689,20250426,1
235690,20250426,1
235691,20250426,1
235692,20250426,1
235693,20250426,1
235694,20250426,1
235695,20250426,1
235696,20250426,1
235697,20250426,1
235698,20250426,1
235699,20250426,1
235700,20250426,1
235701,20250426,1
235702,20250426,1
235703,20250426,1
235704,20250427,1
235705,20250427,1
235706,20250426,1
235707,20250426,1
235708,20250427,1
235709,20250419,1
235709,20250502,1
235710,20250419,1
235710,20250502,1
235711,20250419,1
235711,20250502,1
235712,20250420,1
235712,20250501,1
235712,20250503,1
235713,20250420,1
235714,20250420,1
235715,20250420,1
235716,20250420,1
235717,20250420,1
235718,20250420,1
235719,20250420,1
235720,20250420,1
235721,20250426,1
235722,20250426,1
235723,20250426,1
235724,20250426,1
235725,20250426,1
235726,20250426,1
235727,20250426,1
235728,20250426,1
235729,20250426,1
235730,20250426,1
235731,20250426,1
235732,20250426,1
235733,20250426,1
235734,20250426,1
235735,20250426,1
235736,20250426,1
235737,20250426,1
235738,20250426,1
235739,20250426,1
235740,20250426,1
235741,20250426,1
235742,20250426,1
235743,20250426,1
235744,20250426,1
235745,20250420,1
235745,20250421,1
235746,20250420,1
235746,20250421,1
235747,20250420,1
235748,20250420,1
235749,20250420,1
235750,20250420,1
235750,20250421,1
235751,20250420,1
235751,20250421,1
235752,20250420,1
235752,20250421,1
235753,20250420,1
235753,20250421,1
235754,20250420,1
235754,20250421,1
235755,20250420,1
235755,20250421,1
235756,20250420,1
235756,20250421,1
235757,20250420,1
235757,20250421,1
235758,20250420,1
235758,20250421,1
235759,20250420,1
235760,20250420,1
235761,20250426,1
235762,20250426,1
235763,20250426,1
235764,20250426,1
235765,20250426,1
235766,20250426,1
235767,20250426,1
235767,20250427,1
235767,20250501,1
235767,20250503,1
235767,20250504,1
235768,20250426,1
235769,20250426,1
235770,20250426,1
235771,20250426,1
235772,20250426,1
235773,20250426,1
235774,20250426,1
235775,20250426,1
235776,20250426,1
235777,20250427,1
235778,20250427,1
235779,20250427,1
235780,20250427,1
235781,20250427,1
235782,20250427,1
235783,20250427,1
235784,20250427,1
235785,20250427,1
235786,20250427,1
235787,20250427,1
235788,20250427,1
235789,20250427,1
235790,20250427,1
235791,20250427,1
235792,20250510,1
235792,20250517,1
235792,20250524,1
235792,20250531,1
235792,20250607,1
235792,20250614,1
235793,20250510,1
235793,20250517,1
235793,20250524,1
235793,20250531,1
235793,20250607,1
235793,20250614,1
235794,20250510,1
235795,20250510,1
235795,20250511,1
235795,20250517,1
235795,20250518,1
235795,20250524,1
235795,20250525,1
235795,20250531,1
235795,20250601,1
235795,20250607,1
235795,20250608,1
235795,20250614,1
235796,20250510,1
235796,20250517,1
235796,20250524,1
235796,20250531,1
235796,20250607,1
235796,20250614,1
235797,20250510,1
235797,20250517,1
235797,20250524,1
235797,20250531,1
235797,20250607,1
235797,20250614,1
235798,20250510,1
235798,20250517,1
235798,20250524,1
235798,20250531,1
235798,20250607,1
235798,20250614,1
235799,20250510,1
235799,20250517,1
235799,20250524,1
235799,20250531,1
235799,20250607,1
235799,20250614,1
235800,20250510,1
235800,20250517,1
235800,20250524,1
235800,20250531,1
235800,20250607,1
235800,20250614,1
235801,20250510,1
235801,20250517,1
235801,20250524,1
235801,20250531,1
235801,20250607,1
235801,20250614,1
235802,20250510,1
235802,20250517,1
235802,20250524,1
235802,20250531,1
235802,20250607,1
235802,20250614,1
235803,20250510,1
235803,20250517,1
235803,20250524,1
235803,20250531,1
235803,20250607,1
235803,20250614,1
235804,20250510,1
235804,20250517,1
235804,20250524,1
235804,20250531,1
235804,20250607,1
235804,20250614,1
235805,20250510,1
235805,20250517,1
235805,20250524,1
235805,20250531,1
235805,20250607,1
235805,20250614,1
235806,20250510,1
235806,20250517,1
235806,20250524,1
235806,20250531,1
235806,20250607,1
235806,20250614,1
235807,20250426,1
235808,20250426,1
235809,20250427,1
235810,20250427,1
235811,20250427,1
235812,20250427,1
235813,20250427,1
235814,20250427,1
235815,20250427,1
235816,20250427,1
235817,20250427,1
235818,20250427,1
235819,20250427,1
235820,20250427,1
235821,20250427,1
235822,20250427,1
235823,20250427,1
235824,20250510,1
235824,20250517,1
235824,20250524,1
235824,20250531,1
235824,20250607,1
235824,20250614,1
235825,20250510,1
235825,20250517,1
235825,20250524,1
235825,20250531,1
235825,20250607,1
235825,20250614,1
235826,20250510,1
235826,20250517,1
235826,20250524,1
235826,20250531,1
235826,20250607,1
235826,20250614,1
235827,20250510,1
235827,20250517,1
235827,20250524,1
235827,20250531,1
235827,20250607,1
235827,20250614,1
235828,20250510,1
235828,20250517,1
235828,20250524,1
235828,20250531,1
235828,20250607,1
235828,20250614,1
235829,20250510,1
235829,20250517,1
235829,20250524,1
235829,20250531,1
235829,20250607,1
235829,20250614,1
235830,20250510,1
235830,20250517,1
235830,20250524,1
235830,20250531,1
235830,20250607,1
235830,20250614,1
235831,20250510,1
235831,20250517,1
235831,20250524,1
235831,20250531,1
235831,20250607,1
235831,20250614,1
235832,20250510,1
235832,20250517,1
235832,20250524,1
235832,20250531,1
235832,20250607,1
235832,20250614,1
235833,20250510,1
235833,20250517,1
235833,20250524,1
235833,20250531,1
235833,20250607,1
235833,20250614,1
235834,20250510,1
235834,20250517,1
235834,20250524,1
235834,20250531,1
235834,20250607,1
235834,20250614,1
235835,20250510,1
235835,20250517,1
235835,20250524,1
235835,20250531,1
235835,20250607,1
235835,20250614,1
235836,20250510,1
235836,20250517,1
235836,20250524,1
235836,20250531,1
235836,20250607,1
235836,20250614,1
235837,20250510,1
235837,20250517,1
235837,20250524,1
235837,20250531,1
235837,20250607,1
235837,20250614,1
235838,20250510,1
235838,20250517,1
235838,20250524,1
235838,20250531,1
235838,20250607,1
235838,20250614,1
235839,20250517,1
235839,20250524,1
235839,20250531,1
235839,20250607,1
235839,20250614,1
235840,20250511,1
235840,20250518,1
235840,20250525,1
235840,20250601,1
235840,20250608,1
235841,20250511,1
235841,20250518,1
235841,20250525,1
235841,20250601,1
235841,20250608,1
235842,20250511,1
235842,20250518,1
235842,20250525,1
235842,20250601,1
235842,20250608,1
235843,20250427,1
235844,20250427,1
235845,20250427,1
235846,20250427,1
235847,20250427,1
235848,20250427,1
235849,20250427,1
235850,20250427,1
235851,20250427,1
235852,20250427,1
235853,20250427,1
235854,20250427,1
235855,20250427,1
235856,20250510,1
235856,20250517,1
235856,20250524,1
235856,20250531,1
235856,20250607,1
235856,20250614,1
235857,20250510,1
235857,20250517,1
235857,20250524,1
235857,20250531,1
235857,20250607,1
235857,20250614,1
235858,20250510,1
235858,20250517,1
235858,20250524,1
235858,20250531,1
235858,20250607,1
235858,20250614,1
235859,20250510,1
235859,20250517,1
235859,20250524,1
235859,20250531,1
235859,20250607,1
235859,20250614,1
235860,20250510,1
235860,20250517,1
235860,20250524,1
235860,20250531,1
235860,20250607,1
235860,20250614,1
235861,20250427,1
235862,20250427,1
235863,20250427,1
235864,20250427,1
235865,20250427,1
235866,20250427,1
235867,20250510,1
235867,20250517,1
235867,20250524,1
235867,20250531,1
235867,20250607,1
235867,20250614,1
235868,20250511,1
235868,20250518,1
235868,20250525,1
235868,20250601,1
235868,20250608,1
235869,20250511,1
235869,20250518,1
235869,20250525,1
235869,20250601,1
235869,20250608,1
235870,20250510,1
235870,20250517,1
235870,20250524,1
235870,20250531,1
235870,20250607,1
235870,20250614,1
235871,20250510,1
235871,20250517,1
235871,20250524,1
235871,20250531,1
235871,20250607,1
235871,20250614,1
235872,20250510,1
235872,20250517,1
235872,20250524,1
235872,20250531,1
235872,20250607,1
235872,20250614,1
235873,20250511,1
235873,20250518,1
235873,20250525,1
235873,20250601,1
235873,20250608,1
235874,20250511,1
235874,20250518,1
235874,20250525,1
235874,20250601,1
235874,20250608,1
235875,20250511,1
235875,20250518,1
235875,20250525,1
235875,20250601,1
235875,20250608,1
235876,20250511,1
235876,20250518,1
235876,20250525,1
235876,20250601,1
235876,20250608,1
235877,20250511,1
235877,20250518,1
235877,20250525,1
235877,20250601,1
235877,20250608,1
235878,20250511,1
235878,20250518,1
235878,20250525,1
235878,20250601,1
235878,20250608,1
235879,20250510,1
235879,20250517,1
235879,20250524,1
235879,20250531,1
235879,20250607,1
235879,20250614,1
235880,20250501,1
235881,20250501,1
235882,20250501,1
235883,20250501,1
235884,20250501,1
235885,20250501,1
235886,20250501,1
235887,20250503,1
235887,20250504,1
235888,20250511,1
235888,20250518,1
235888,20250525,1
235888,20250601,1
235888,20250608,1
235889,20250511,1
235889,20250518,1
235889,20250525,1
235889,20250601,1
235889,20250608,1
235890,20250511,1
235890,20250518,1
235890,20250525,1
235890,20250601,1
235890,20250608,1
235891,20250511,1
235891,20250518,1
235891,20250525,1
235891,20250601,1
235891,20250608,1
235892,20250511,1
235892,20250518,1
235892,20250525,1
235892,20250601,1
235892,20250608,1
235893,20250511,1
235893,20250518,1
235893,20250525,1
235893,20250601,1
235893,20250608,1
235894,20250511,1
235894,20250518,1
235894,20250525,1
235894,20250601,1
235894,20250608,1
235895,20250511,1
235895,20250518,1
235895,20250525,1
235895,20250601,1
235895,20250608,1
235896,20250511,1
235896,20250518,1
235896,20250525,1
235896,20250601,1
235896,20250608,1
235897,20250511,1
235897,20250518,1
235897,20250525,1
235897,20250601,1
235897,20250608,1
235898,20250430,1
235899,20250511,1
235899,20250518,1
235899,20250525,1
235899,20250601,1
235899,20250608,1
235900,20250430,1
235901,20250511,1
235901,20250518,1
235901,20250525,1
235901,20250601,1
235901,20250608,1
235902,20250502,1
235903,20250502,1
235904,20250501,1
235905,20250501,1
235906,20250501,1
235907,20250501,1
235908,20250502,1
235909,20250502,1
235910,20250502,1
235911,20250502,1
235912,20250502,1
235913,20250502,1
235914,20250502,1
235915,20250502,1
235916,20250502,1
235917,20250502,1
235918,20250501,1
235918,20250503,1
235918,20250504,1
235919,20250501,1
235919,20250503,1
235919,20250504,1
235920,20250501,1
235920,20250503,1
235920,20250504,1
235921,20250501,1
235921,20250503,1
235921,20250504,1
235922,20250501,1
235922,20250503,1
235922,20250504,1
235923,20250501,1
235923,20250504,1
235924,20250503,1
235924,20250504,1
235925,20250511,1
235925,20250518,1
235925,20250525,1
235925,20250601,1
235925,20250608,1
235926,20250511,1
235926,20250518,1
235926,20250525,1
235926,20250601,1
235926,20250608,1
235927,20250511,1
235927,20250518,1
235927,20250525,1
235927,20250601,1
235927,20250608,1
235928,20250511,1
235928,20250518,1
235928,20250525,1
235928,20250601,1
235928,20250608,1
235929,20250511,1
235929,20250518,1
235929,20250525,1
235929,20250601,1
235929,20250608,1
235930,20250511,1
235930,20250518,1
235930,20250525,1
235930,20250601,1
235930,20250608,1
235931,20250511,1
235931,20250518,1
235931,20250525,1
235931,20250601,1
235931,20250608,1
235932,20250511,1
235932,20250518,1
235932,20250525,1
235932,20250601,1
235932,20250608,1
235933,20250511,1
235933,20250518,1
235933,20250525,1
235933,20250601,1
235933,20250608,1
235934,20250511,1
235934,20250518,1
235934,20250525,1
235934,20250601,1
235934,20250608,1
235935,20250511,1
235935,20250518,1
235935,20250525,1
235935,20250601,1
235935,20250608,1
235936,20250511,1
235936,20250518,1
235936,20250525,1
235936,20250601,1
235936,20250608,1
235937,20250511,1
235937,20250518,1
235937,20250525,1
235937,20250601,1
235937,20250608,1
235938,20250511,1
235938,20250518,1
235938,20250525,1
235938,20250601,1
235938,20250608,1
235939,20250511,1
235939,20250518,1
235939,20250525,1
235939,20250601,1
235939,20250608,1
235940,20250511,1
235940,20250518,1
235940,20250525,1
235940,20250601,1
235940,20250608,1
235941,20250511,1
235941,20250518,1
235941,20250525,1
235941,20250601,1
235941,20250608,1
235942,20250511,1
235942,20250518,1
235942,20250525,1
235942,20250601,1
235942,20250608,1
235943,20250511,1
235943,20250518,1
235943,20250525,1
235943,20250601,1
235943,20250608,1
235944,20250511,1
235944,20250518,1
235944,20250525,1
235944,20250601,1
235944,20250608,1
235945,20250511,1
235945,20250518,1
235945,20250525,1
235945,20250601,1
235945,20250608,1
235946,20250502,1
235947,20250502,1
235948,20250502,1
235949,20250502,1
235950,20250502,1
235951,20250502,1
235952,20250502,1
235953,20250502,1
235954,20250502,1
235955,20250502,1
235956,20250502,1
235957,20250502,1
235958,20250502,1
235959,20250502,1
235960,20250502,1
235961,20250502,1
235962,20250502,1
235963,20250502,1
235964,20250503,1
235965,20250503,1
235966,20250503,1
235967,20250503,1
235967,20250504,1
235968,20250503,1
235968,20250504,1
235969,20250503,1
235969,20250504,1
235970,20250503,1
235970,20250504,1
235971,20250503,1
235971,20250504,1
235972,20250503,1
235972,20250504,1
235973,20250503,1
235973,20250504,1
235974,20250503,1
235975,20250602,1
235975,20250609,1
235982,20250503,1
235983,20250511,1
235983,20250518,1
235983,20250525,1
235983,20250601,1
235983,20250608,1
235984,20250511,1
235984,20250518,1
235984,20250525,1
235984,20250601,1
235984,20250608,1
235985,20250511,1
235985,20250518,1
235985,20250525,1
235985,20250601,1
235985,20250608,1
235986,20250501,1
235987,20250502,1
235988,20250501,1
235989,20250502,1
235990,20250503,1
235993,20250426,1
235994,20250501,1
235995,20250504,1
235996,20250503,1
235997,20250503,1
235998,20250503,1
235999,20250504,1
236000,20250504,1
236001,20250504,1
236002,20250504,1
236003,20250504,1
236004,20250504,1
236005,20250504,1
236006,20250504,1
236007,20250504,1
236008,20250504,1
236009,20250504,1
236010,20250504,1
236011,20250427,1
236012,20250427,1
236013,20250510,1
236013,20250517,1
236013,20250524,1
236013,20250531,1
236013,20250607,1
236013,20250614,1
236014,20250510,1
236014,20250517,1
236014,20250524,1
236014,20250531,1
236014,20250607,1
236014,20250614,1
236015,20250421,1
236016,20250421,1
236017,20250421,1
236018,20250426,1
236019,20250426,1
236020,20250426,1
236021,20250426,1
236022,20250427,1
236023,20250430,1
236024,20250407,1
236024,20250408,1
236024,20250409,1
236024,20250410,1
236024,20250411,1
236025,20250510,1
236025,20250517,1
236025,20250524,1
236025,20250531,1
236025,20250607,1
236025,20250614,1
236026,20250426,1
236027,20250323,1
236027,20250330,1
236028,20250511,1
236028,20250518,1
236028,20250525,1
236028,20250601,1
236028,20250608,1
236029,20250511,1
236029,20250518,1
236029,20250525,1
236029,20250601,1
236029,20250608,1
236030,20250510,1
236030,20250517,1
236030,20250524,1
236030,20250531,1
236030,20250607,1
236030,20250614,1
236031,20250510,1
236031,20250517,1
236031,20250524,1
236031,20250531,1
236031,20250607,1
236031,20250614,1
236034,20250407,1
236034,20250408,1
236034,20250409,1
236034,20250410,1
236034,20250411,1
236035,20250405,1
236035,20250412,1
236036,20250330,1
236037,20250330,1
236038,20250404,1
236038,20250414,1
236038,20250415,1
236038,20250416,1
236038,20250417,1
236038,20250418,1
236038,20250422,1
236038,20250423,1
236038,20250424,1
236038,20250425,1
236038,20250428,1
236038,20250429,1
236038,20250430,1
236038,20250505,1
236038,20250506,1
236038,20250507,1
236038,20250508,1
236038,20250509,1
236038,20250512,1
236038,20250513,1
236038,20250514,1
236038,20250515,1
236038,20250516,1
236038,20250519,1
236038,20250520,1
236038,20250521,1
236038,20250522,1
236038,20250523,1
236038,20250526,1
236038,20250527,1
236038,20250528,1
236038,20250529,1
236038,20250530,1
236038,20250602,1
236038,20250603,1
236038,20250604,1
236038,20250605,1
236038,20250606,1
236038,20250609,1
236038,20250610,1
236038,20250611,1
236038,20250612,1
236038,20250613,1
236039,20250404,1
236039,20250415,1
236039,20250416,1
236039,20250417,1
236039,20250418,1
236039,20250423,1
236039,20250424,1
236039,20250425,1
236039,20250429,1
236039,20250430,1
236039,20250506,1
236039,20250507,1
236039,20250508,1
236039,20250509,1
236039,20250513,1
236039,20250514,1
236039,20250515,1
236039,20250516,1
236039,20250520,1
236039,20250521,1
236039,20250522,1
236039,20250523,1
236039,20250527,1
236039,20250528,1
236039,20250529,1
236039,20250530,1
236039,20250603,1
236039,20250604,1
236039,20250605,1
236039,20250606,1
236039,20250610,1
236039,20250611,1
236039,20250612,1
236039,20250613,1
236040,20250414,1
236040,20250422,1
236040,20250428,1
236040,20250505,1
236040,20250512,1
236040,20250519,1
236040,20250526,1
236040,20250602,1
236040,20250609,1
236041,20250321,1
236041,20250324,1
236041,20250325,1
236041,20250326,1
236041,20250327,1
236041,20250328,1
236041,20250331,1
236041,20250401,1
236041,20250402,1
236041,20250403,1
236041,20250404,1
236041,20250414,1
236041,20250415,1
236041,20250416,1
236041,20250417,1
236041,20250418,1
236041,20250422,1
236041,20250423,1
236041,20250424,1
236041,20250425,1
236041,20250428,1
236041,20250429,1
236041,20250430,1
236041,20250505,1
236041,20250506,1
236041,20250507,1
236041,20250508,1
236041,20250509,1
236041,20250512,1
236041,20250513,1
236041,20250514,1
236041,20250515,1
236041,20250516,1
236041,20250519,1
236041,20250520,1
236041,20250521,1
236041,20250522,1
236041,20250523,1
236041,20250526,1
236041,20250527,1
236041,20250528,1
236041,20250529,1
236041,20250530,1
236041,20250602,1
236041,20250603,1
236041,20250604,1
236041,20250605,1
236041,20250606,1
236041,20250609,1
236041,20250610,1
236041,20250611,1
236041,20250612,1
236041,20250613,1
236042,20250411,1
236043,20250420,1
236044,20250427,1
236045,20250502,1
236046,20250511,1
236046,20250518,1
236046,20250525,1
236046,20250601,1
236046,20250608,1
236047,20250511,1
236047,20250518,1
236047,20250525,1
236047,20250601,1
236047,20250608,1
236048,20250511,1
236048,20250518,1
236048,20250525,1
236048,20250601,1
236048,20250608,1
236049,20250407,1
236049,20250408,1
236049,20250409,1
236049,20250410,1
236049,20250411,1
236050,20250323,1
236050,20250330,1
236051,20250427,1
236052,20250407,1
236052,20250408,1
236052,20250409,1
236052,20250410,1
236052,20250411,1
236054,20250330,1
236055,20250330,1
236056,20250330,1
236057,20250330,1
236058,20250426,1
236059,20250426,1
236060,20250426,1
236061,20250502,1
236062,20250502,1
236063,20250503,1
236064,20250503,1
236065,20250503,1
236066,20250503,1
236067,20250503,1
236068,20250323,1
236068,20250330,1
236075,20250419,1
236075,20250502,1
236076,20250420,1
236077,20250420,1
236077,20250421,1
236078,20250419,1
236079,20250419,1
236080,20250419,1
236080,20250502,1
236081,20250407,1
236081,20250408,1
236081,20250409,1
236081,20250410,1
236081,20250411,1
236082,20250407,1
236082,20250408,1
236082,20250409,1
236082,20250410,1
236082,20250411,1
236083,20250419,1
236083,20250502,1
236085,20250407,1
236085,20250408,1
236085,20250409,1
236085,20250410,1
236086,20250322,1
236086,20250329,1
236087,20250419,1
236088,20250407,1
236088,20250408,1
236088,20250409,1
236088,20250410,1
236088,20250411,1
