route_id,trip_id,service_id,trip_headsign,trip_short_name
4,91757696,91757696,Warszawa Wschodnia,10130
4,91757697,91757697,Warszawa Wschodnia,10130
4,91757698,91757698,Warszawa Wschodnia,10132 Mały Powstaniec
4,91757699,91757699,Warszawa Wschodnia,10132 Mały Powstaniec
4,91757700,91757700,Warszawa Wschodnia,10134
4,91757701,91757701,Warszawa Wschodnia,10134
4,91757702,91757702,Warszawa Centralna,10136
4,91757703,91757703,Warszawa Centralna,10136
4,91757704,91757704,Warszawa Główna,10138
4,91757705,91757705,Warszawa Główna,10138
4,91757706,91757706,Warszawa Wschodnia,10140 Pietryna
4,91757707,91757707,Warszawa Wschodnia,10140 Pietryna
4,91757708,91757708,Warszawa Wschodnia,10142
4,91757709,91757709,Warszawa Wschodnia,10142
4,91757710,91757710,Warszawa Wschodnia,10144
4,91757711,91757711,Warszawa Wschodnia,10144
4,91757712,91757712,Warszawa Wschodnia,10144
4,91757863,91757863,Łódź Fabryczna,11050
4,91757864,91757864,Łódź Fabryczna,11050
4,91757865,91757865,Łódź Fabryczna,11124 Mały Powstaniec
4,91757866,91757866,Łódź Fabryczna,11124 Mały Powstaniec
4,91757867,91757867,Łódź Fabryczna,11126
4,91757868,91757868,Łódź Fabryczna,11126
4,91757869,91757869,Łódź Fabryczna,11128
4,91757870,91757870,Łódź Fabryczna,11128
4,91757871,91757871,Łódź Kaliska,11130
4,91757872,91757872,Łódź Kaliska,11130
4,91757873,91757873,Łódź Kaliska,11132 Pietryna
4,91757874,91757874,Łódź Kaliska,11132 Pietryna
4,91757875,91757875,Łódź Kaliska,11134
4,91757876,91757876,Łódź Kaliska,11134
4,91757977,91757977,Poznań Główny,17502 Prosna
4,91757978,91757978,Poznań Główny,17502 Prosna
4,91501818,91501818,Poznań Główny,17502 Prosna
4,91757985,91757985,Poznań Główny,17510 Lutynia
4,91757986,91757986,Poznań Główny,17510 Lutynia
4,91757987,91757987,Poznań Główny,17510 Lutynia
4,91501822,91501822,Poznań Główny,17510 Lutynia
4,91757988,91757988,Ostrów Wielkopolski,17512
4,91757989,91757989,Ostrów Wielkopolski,17512
4,91760597,91760597,Warszawa Wschodnia,71200
4,91760598,91760598,Warszawa Wschodnia,71200
4,91760599,91760599,Warszawa Wschodnia,71502 Lutynia
4,91760600,91760600,Warszawa Wschodnia,71502 Lutynia
4,91760601,91760601,Warszawa Wschodnia,71502 Lutynia
4,91502500,91502500,Warszawa Wschodnia,71502 Lutynia
4,91760602,91760602,Warszawa Wschodnia,71504 Prosna
4,91760603,91760603,Warszawa Wschodnia,71504 Prosna
4,91502501,91502501,Warszawa Wschodnia,71504 Prosna
4,91761533,91761533,Łódź Kaliska,99110
4,91761534,91761534,Łódź Kaliska,99110
4,91502730,91502730,Łódź Kaliska,99110
48,91758749,91758749,Kraków Główny,33050 Energylandia
48,91758753,91758753,Zator Park Rozrywki,33107 Energylandia
3,91757635,91757635,Berlin Ostkreuz,5150
3,91501687,91501687,Berlin Lichtenberg,5150
3,91757636,91757636,Kostrzyn,5151
3,91501688,91501688,Kostrzyn,5151
3,91757637,91757637,Berlin Ostkreuz,5152
3,91501689,91501689,Berlin Lichtenberg,5152
3,91757638,91757638,Kostrzyn,5153
3,91501690,91501690,Kostrzyn,5153
3,91757639,91757639,Berlin Ostkreuz,5154
3,91501691,91501691,Berlin Lichtenberg,5154
3,91757640,91757640,Kostrzyn,5155
3,91501692,91501692,Kostrzyn,5155
3,91757641,91757641,Berlin Ostkreuz,5156
3,91501693,91501693,Berlin Lichtenberg,5156
3,91757642,91757642,Kostrzyn,5157
3,91757643,91757643,Kostrzyn,5157
3,91501694,91501694,Kostrzyn,5157
3,91757644,91757644,Berlin Ostkreuz,5158
3,91501695,91501695,Berlin Lichtenberg,5158
3,91757645,91757645,Kostrzyn,5159
3,91501696,91501696,Kostrzyn,5159
3,91757646,91757646,Berlin Ostkreuz,5160
3,91757647,91757647,Berlin Ostkreuz,5160
3,91501697,91501697,Berlin Lichtenberg,5160
3,91757648,91757648,Kostrzyn,5161
3,91757649,91757649,Kostrzyn,5161
3,91501698,91501698,Kostrzyn,5161
3,91757650,91757650,Berlin Ostkreuz,5162
3,91501699,91501699,Berlin Lichtenberg,5162
3,91757651,91757651,Kostrzyn,5163
3,91501700,91501700,Kostrzyn,5163
3,91757652,91757652,Berlin Ostkreuz,5164
3,91757653,91757653,Berlin Ostkreuz,5164
3,91501701,91501701,Berlin Lichtenberg,5164
3,91757654,91757654,Kostrzyn,5165
3,91757655,91757655,Kostrzyn,5165
3,91501702,91501702,Kostrzyn,5165
3,91757656,91757656,Berlin Ostkreuz,5166
3,91501703,91501703,Berlin Lichtenberg,5166
3,91757657,91757657,Kostrzyn,5167
3,91501704,91501704,Kostrzyn,5167
3,91757658,91757658,Küstrien-Kietz,5168
3,91757659,91757659,Küstrien-Kietz,5168
3,91501705,91501705,Berlin Lichtenberg,5168
3,91757660,91757660,Kostrzyn,5169
3,91757661,91757661,Kostrzyn,5169
3,91501706,91501706,Kostrzyn,5169
3,91757662,91757662,Küstrien-Kietz,5170
3,91501707,91501707,Berlin Lichtenberg,5170
3,91757663,91757663,Kostrzyn,5171
3,91501708,91501708,Kostrzyn,5171
3,91757664,91757664,Küstrien-Kietz,5172
3,91757665,91757665,Küstrien-Kietz,5172
3,91501709,91501709,Berlin Lichtenberg,5172
3,91757666,91757666,Kostrzyn,5173
3,91757667,91757667,Kostrzyn,5173
3,91501710,91501710,Kostrzyn,5173
3,91757668,91757668,Küstrien-Kietz,5174
3,91501711,91501711,Berlin Lichtenberg,5174
3,91757669,91757669,Kostrzyn,5175
3,91501712,91501712,Kostrzyn,5175
3,91757671,91757671,Küstrien-Kietz,5176
3,91757670,91757670,Küstrien-Kietz,5176
3,91501713,91501713,Berlin Lichtenberg,5176
3,91757672,91757672,Kostrzyn,5177
3,91757673,91757673,Kostrzyn,5177
3,91501714,91501714,Kostrzyn,5177
3,91757674,91757674,Küstrien-Kietz,5178
3,91501715,91501715,Berlin Lichtenberg,5178
3,91757675,91757675,Kostrzyn,5179
3,91501716,91501716,Kostrzyn,5179
3,91757676,91757676,Küstrien-Kietz,5180
3,91757677,91757677,Küstrien-Kietz,5180
3,91501717,91501717,Berlin Lichtenberg,5180
3,91757678,91757678,Kostrzyn,5181
3,91757679,91757679,Kostrzyn,5181
3,91501718,91501718,Kostrzyn,5181
3,91757680,91757680,Küstrien-Kietz,5182
3,91501719,91501719,Berlin Ostkreuz,5182
3,91757681,91757681,Kostrzyn,5183
3,91501720,91501720,Kostrzyn,5183
3,91757682,91757682,Küstrien-Kietz,5184
3,91757683,91757683,Küstrien-Kietz,5184
3,91501721,91501721,Berlin Lichtenberg,5184
3,91757684,91757684,Kostrzyn,5185
3,91501722,91501722,Kostrzyn,5185
3,91757685,91757685,Küstrien-Kietz,5186
3,91501723,91501723,Berlin Lichtenberg,5186
3,91757686,91757686,Kostrzyn,5187
3,91757687,91757687,Kostrzyn,5187
3,91501724,91501724,Kostrzyn,5187
3,91501725,91501725,Berlin Lichtenberg,5188
3,91757688,91757688,Kostrzyn,5189
3,91501726,91501726,Kostrzyn,5189
3,91757689,91757689,Zgorzelec,5317 F7/D18
3,91757690,91757690,Zgorzelec,5317 F7/D18
3,91501727,91501727,Zgorzelec,5317
3,91501728,91501728,Frankfurt (Oder),5384 Rb91
3,91501729,91501729,Rzepin,5385 Rb91
3,91757691,91757691,Rzepin,5387 Rb91
3,91757692,91757692,Frankfurt (Oder),5388 Rb91
3,91501730,91501730,Frankfurt (Oder),5388 Rb91
3,91757693,91757693,Rzepin,5389 Rb91
3,91501731,91501731,Rzepin,5389 Rb91
3,91757694,91757694,Frankfurt (Oder),5390 Rb91
3,91757695,91757695,Frankfurt (Oder),5390 Rb91
3,91501732,91501732,Frankfurt (Oder),5392 Rb91
3,91501733,91501733,Rzepin,5393 Rb91
3,91757713,91757713,Kuźnica Białostocka,10205
3,91757714,91757714,Kuźnica Białostocka,10205
3,91501734,91501734,Kuźnica Białostocka,10205
3,91757715,91757715,Kuźnica Białostocka,10207
3,91757716,91757716,Kuźnica Białostocka,10209
3,91757717,91757717,Kuźnica Białostocka,10209
3,91501735,91501735,Kuźnica Białostocka,10209
3,91757718,91757718,Białystok,10210
3,91757719,91757719,Białystok,10210
3,91757720,91757720,Białystok,10212
3,91757721,91757721,Białystok,10212
3,91501736,91501736,Białystok,10212
3,91757722,91757722,Białystok,10214
3,91757723,91757723,Białystok,10214
3,91501737,91501737,Białystok,10214
3,91757724,91757724,Białystok,10216
3,91757725,91757725,Białystok,10216
3,91757726,91757726,Białystok,10218
3,91757727,91757727,Białystok,10218
3,91501738,91501738,Białystok,10218
3,91757728,91757728,Kuźnica Białostocka,10223
3,91757729,91757729,Kuźnica Białostocka,10223
3,91757730,91757730,Białystok,10230
3,91757731,91757731,Białystok,10230
3,91501739,91501739,Białystok,10230
3,91757732,91757732,Białystok,10232
3,91757733,91757733,Białystok,10232
3,91501740,91501740,Białystok,10232
3,91757734,91757734,Białystok,10234
3,91757735,91757735,Białystok,10234
3,91501741,91501741,Białystok,10234
3,91501742,91501742,Białystok,10236
3,91757736,91757736,Białystok,10236
3,91757737,91757737,Białystok,10236
3,91757738,91757738,Suwałki,10241
3,91757739,91757739,Suwałki,10241
3,91501743,91501743,Suwałki,10241
3,91757740,91757740,Suwałki,10243
3,91757741,91757741,Suwałki,10243
3,91501744,91501744,Suwałki,10243
3,91757742,91757742,Suwałki,10245
3,91757743,91757743,Suwałki,10245
3,91501745,91501745,Suwałki,10245
3,91757744,91757744,Suwałki,10247
3,91757745,91757745,Suwałki,10247
3,91501746,91501746,Suwałki,10249
3,91757746,91757746,Sokółka,10251
3,91757747,91757747,Sokółka,10253
3,91757748,91757748,Sokółka,10253
3,91757749,91757749,Kuźnica Białostocka,10255
3,91757750,91757750,Kuźnica Białostocka,10255
3,91757751,91757751,Sokółka,10256
3,91757752,91757752,Sokółka,10256
3,91757753,91757753,Białystok,10258
3,91757754,91757754,Białystok,10258
3,91757755,91757755,Białystok,10260
3,91757756,91757756,Białystok,10260
3,91757757,91757757,Waliły,10271 Poleski
3,91757758,91757758,Waliły,10273 Radunin
3,91501747,91501747,Czyżew,10280
3,91757759,91757759,Białystok,10280 Poleski
3,91757760,91757760,Białystok,10282 Radunin
3,91757761,91757761,Ostrołęka,10300
3,91757762,91757762,Ostrołęka,10300
3,91501748,91501748,Ostrołęka,10300
3,91757763,91757763,Ostrołęka,10302
3,91757764,91757764,Ostrołęka,10302
3,91501749,91501749,Ostrołęka,10302
3,91757765,91757765,Białystok,10311
3,91757766,91757766,Białystok,10311
3,91501750,91501750,Białystok,10311
3,91757767,91757767,Białystok,10313
3,91757768,91757768,Białystok,10313
3,91501751,91501751,Białystok,10313
3,91757769,91757769,Szepietowo,10320
3,91757770,91757770,Szepietowo,10320
3,91501752,91501752,Szepietowo,10320
3,91757771,91757771,Białystok,10323
3,91757772,91757772,Czyżew,10330
3,91757773,91757773,Czyżew,10330
3,91757774,91757774,Czyżew,10330
3,91501753,91501753,Białystok,10331
3,91757775,91757775,Czyżew,10332
3,91757776,91757776,Czyżew,10334
3,91757777,91757777,Czyżew,10334
3,91757778,91757778,Czyżew,10336
3,91757779,91757779,Czyżew,10338
3,91757780,91757780,Czyżew,10338
3,91757781,91757781,Czyżew,10340
3,91757782,91757782,Czyżew,10340
3,91757783,91757783,Czyżew,10342
3,91757784,91757784,Czyżew,10342
3,91757785,91757785,Czyżew,10344
3,91757786,91757786,Czyżew,10344
3,91757787,91757787,Czyżew,10344
3,91501754,91501754,Czyżew,10350
3,91757788,91757788,Białystok,10353
3,91501755,91501755,Czyżew,10354
3,91757789,91757789,Białystok,10355
3,91757790,91757790,Białystok,10355
3,91757791,91757791,Białystok,10355
3,91757792,91757792,Białystok,10357
3,91501756,91501756,Czyżew,10358
3,91757793,91757793,Białystok,10359
3,91757794,91757794,Białystok,10361
3,91501757,91501757,Białystok,10361
3,91757795,91757795,Białystok,10363
3,91757796,91757796,Białystok,10363
3,91501758,91501758,Białystok,10363
3,91757797,91757797,Białystok,10365
3,91501759,91501759,Białystok,10365
3,91501760,91501760,Białystok,10369
3,91757798,91757798,Małkinia,10370
3,91501761,91501761,Czyżew,10370
3,91757799,91757799,Małkinia,10372
3,91501762,91501762,Czyżew,10372
3,91501763,91501763,Kuźnica Białostocka,10375
3,91757800,91757800,Białystok,10381
3,91501764,91501764,Kuźnica Białostocka,10381
3,91757801,91757801,Białystok,10383
3,91501765,91501765,Kuźnica Białostocka,10383
3,91757802,91757802,Łapy,10390
3,91757803,91757803,Białystok,10393
3,91757804,91757804,Czeremcha,10400
3,91501766,91501766,Czeremcha,10400
3,91757805,91757805,Czeremcha,10402
3,91757806,91757806,Czeremcha,10402
3,91757807,91757807,Czeremcha,10402
3,91757808,91757808,Czeremcha,10404
3,91757809,91757809,Czeremcha,10404
3,91501767,91501767,Czeremcha,10404
3,91757810,91757810,Czeremcha,10406
3,91757811,91757811,Czeremcha,10406
3,91501768,91501768,Czeremcha,10406
3,91757812,91757812,Białystok,10411
3,91757813,91757813,Białystok,10411
3,91501769,91501769,Białystok,10411
3,91501770,91501770,Białystok,10413
3,91757814,91757814,Białystok,10413
3,91757815,91757815,Białystok,10415
3,91757816,91757816,Białystok,10415
3,91757817,91757817,Białystok,10415
3,91757818,91757818,Białystok,10417
3,91757819,91757819,Białystok,10417
3,91501771,91501771,Białystok,10417
3,91757820,91757820,Białystok,10419
3,91757821,91757821,Białystok,10419
3,91501772,91501772,Białystok,10419
3,91501773,91501773,Czeremcha,10424
3,91757822,91757822,Bielsk Podlaski,10427
3,91757823,91757823,Czeremcha,10430
3,91757824,91757824,Czeremcha,10430
3,91501774,91501774,Czeremcha,10430
3,91757825,91757825,Czeremcha,10432
3,91757826,91757826,Czeremcha,10432
3,91757827,91757827,Czeremcha,10434
3,91757828,91757828,Czeremcha,10434
3,91501775,91501775,Czeremcha,10434
3,91501776,91501776,Hajnówka,10441
3,91757829,91757829,Hajnówka,10445
3,91757830,91757830,Hajnówka,10445
3,91501777,91501777,Hajnówka,10445
3,91757831,91757831,Hajnówka,10447
3,91757832,91757832,Hajnówka,10447
3,91757833,91757833,Siemiatycze,10450
3,91757834,91757834,Siemiatycze,10450
3,91757835,91757835,Białystok,10452
3,91757836,91757836,Białystok,10452
3,91757837,91757837,Białystok,10452
3,91757838,91757838,Hajnówka,10460
3,91757839,91757839,Hajnówka,10460
3,91757840,91757840,Hajnówka,10462
3,91757841,91757841,Hajnówka,10462
3,91501778,91501778,Hajnówka,10462
3,91757842,91757842,Hajnówka,10464
3,91757843,91757843,Hajnówka,10464
3,91501779,91501779,Hajnówka,10464
3,91757844,91757844,Hajnówka,10466
3,91757845,91757845,Hajnówka,10466
3,91501780,91501780,Hajnówka,10466
3,91757846,91757846,Białystok,10470
3,91501781,91501781,Białystok,10470
3,91757848,91757848,Białystok,10474
3,91757847,91757847,Białystok,10474
3,91501782,91501782,Białystok,10474
3,91757849,91757849,Czeremcha,10478
3,91757850,91757850,Siedlce,10480 Leśna
3,91501783,91501783,Siedlce,10480 Leśna
3,91757851,91757851,Siedlce,10482 Orlanka
3,91757852,91757852,Siedlce,10482 Orlanka
3,91501784,91501784,Siedlce,10482 Orlanka
3,91757853,91757853,Białystok,10484 Nurzec
3,91501785,91501785,Białystok,10484 Nurzec
3,91501786,91501786,Białystok,10486 Orlanka
3,91757854,91757854,Białystok,10488 Orlanka
3,91757855,91757855,Białystok,10488 Orlanka
3,91757856,91757856,Siedlce,10490 Nurzec
3,91757857,91757857,Siedlce,10490 Nurzec
3,91501787,91501787,Siedlce,10490 Nurzec
3,91757858,91757858,Hajnówka,10493 Leśna
3,91757859,91757859,Hajnówka,10493 Leśna
3,91501788,91501788,Hajnówka,10493 Leśna
3,91757860,91757860,Bielsk Podlaski,10496
3,91757861,91757861,Bielsk Podlaski,10496
3,91501789,91501789,Bielsk Podlaski,10496
3,91757862,91757862,Hajnówka,10498
3,91757877,91757877,Kuźnica Białostocka,11201
3,91761535,91761535,Łuków,11290
3,91761536,91761536,Łuków,11290
3,91757878,91757878,Łódź Fabryczna,11296
3,91757879,91757879,Łódź Fabryczna,11296
3,91757880,91757880,Łódź Fabryczna,11296
3,91757881,91757881,Białystok,11420 Necko
3,91757882,91757882,Suwałki,11425 Necko
3,91761537,91761537,Terespol,11801
3,91502731,91502731,Terespol,11801
3,91761538,91761538,Terespol,11805
3,91502732,91502732,Terespol,11805
3,91761539,91761539,Terespol,11807
3,91761540,91761540,Terespol,11807
3,91761541,91761541,Łuków,11809
3,91761542,91761542,Łuków,11809
3,91502733,91502733,Łuków,11809
3,91761543,91761543,Terespol,11811
3,91761544,91761544,Terespol,11811
3,91502734,91502734,Terespol,11811
3,91761545,91761545,Łuków,11813
3,91761546,91761546,Terespol,11815
3,91761547,91761547,Terespol,11817
3,91761548,91761548,Terespol,11819
3,91502735,91502735,Terespol,11819
3,91761549,91761549,Terespol,11821
3,91502736,91502736,Terespol,11821
3,91761550,91761550,Łuków,11823
3,91502737,91502737,Siedlce,11826
3,91502738,91502738,Siedlce,11830
3,91761551,91761551,Siedlce,11832
3,91761552,91761552,Łuków,11834
3,91502739,91502739,Łuków,11834
3,91761553,91761553,Siedlce,11836
3,91761554,91761554,Łuków,11838
3,91502740,91502740,Siedlce,11838
3,91761555,91761555,Siedlce,11840
3,91502741,91502741,Łuków,11840
3,91761556,91761556,Łuków,11842
3,91761557,91761557,Łuków,11842
3,91502742,91502742,Łuków,11842
3,91761558,91761558,Siedlce,11844
3,91761559,91761559,Siedlce,11844
3,91761560,91761560,Siedlce,11846
3,91761561,91761561,Siedlce,11846
3,91761562,91761562,Łuków,11848
3,91761563,91761563,Łuków,11848
3,91761564,91761564,Chełm,12200
3,91761565,91761565,Chełm,12200
3,91757883,91757883,Skarżysko-Kamienna,12201
3,91757884,91757884,Skarżysko-Kamienna,12201
3,91501790,91501790,Skarżysko-Kamienna,12201
3,91761566,91761566,Chełm,12203
3,91761567,91761567,Chełm,12204
3,91761568,91761568,Chełm,12204
3,91761570,91761570,Chełm,12214
3,91761569,91761569,Chełm,12214
3,91761571,91761571,Lublin Główny,12216
3,91761572,91761572,Lublin Główny,12216
3,91761573,91761573,Chełm,12219
3,91761574,91761574,Lublin Główny,12222
3,91761575,91761575,Lublin Główny,12222
3,91502743,91502743,Lublin Główny,12224
3,91502744,91502744,Chełm,12226
3,91761577,91761577,Lublin Główny,12228
3,91761576,91761576,Lublin Główny,12228
3,91757885,91757885,Kielce Główne,12232
3,91757886,91757886,Kielce Główne,12232
3,91501791,91501791,Kielce Główne,12232
3,91761578,91761578,Chełm,12238
3,91761579,91761579,Chełm,12238
3,91757887,91757887,Skarżysko-Kamienna,12241
3,91757888,91757888,Skarżysko-Kamienna,12241
3,91757889,91757889,Częstochowa,14200
3,91757890,91757890,Częstochowa,14200
3,91501792,91501792,Częstochowa,14205
3,91757891,91757891,Częstochowa,14206
3,91757892,91757892,Częstochowa,14206
3,91757893,91757893,Częstochowa,14206
3,91757894,91757894,Częstochowa,14206
3,91757895,91757895,Częstochowa,14206
3,91501793,91501793,Częstochowa,14206
3,91501794,91501794,Częstochowa,14208
3,91757896,91757896,Częstochowa,14209
3,91757897,91757897,Częstochowa,14209
3,91757898,91757898,Częstochowa,14209
3,91757899,91757899,Częstochowa,14209
3,91757900,91757900,Częstochowa,14209
3,91501795,91501795,Częstochowa,14211
3,91501796,91501796,Częstochowa,14213
3,91757901,91757901,Częstochowa,14214
3,91757902,91757902,Częstochowa,14214
3,91757903,91757903,Częstochowa,14214
3,91757904,91757904,Częstochowa,14214
3,91757905,91757905,Częstochowa,14214
3,91501797,91501797,Częstochowa,14215
3,91757906,91757906,Częstochowa,14217
3,91757907,91757907,Częstochowa,14217
3,91757908,91757908,Częstochowa,14217
3,91757909,91757909,Częstochowa,14217
3,91757910,91757910,Częstochowa,14217
3,91501798,91501798,Częstochowa,14217
3,91501799,91501799,Częstochowa,14219
3,91501800,91501800,Częstochowa,14221
3,91757911,91757911,Częstochowa,14222
3,91757912,91757912,Częstochowa,14222
3,91757913,91757913,Częstochowa,14222
3,91757914,91757914,Częstochowa,14222
3,91757915,91757915,Częstochowa,14222
3,91757916,91757916,Częstochowa,14222
3,91501801,91501801,Częstochowa,14223
3,91757917,91757917,Częstochowa,14225
3,91757918,91757918,Częstochowa,14225
3,91757919,91757919,Częstochowa,14225
3,91757920,91757920,Częstochowa,14225
3,91757921,91757921,Częstochowa,14225
3,91501802,91501802,Częstochowa,14225
3,91501803,91501803,Częstochowa,14227
3,91757922,91757922,Częstochowa,14229
3,91757923,91757923,Częstochowa,14229
3,91757924,91757924,Częstochowa,14229
3,91757925,91757925,Częstochowa,14229
3,91501804,91501804,Częstochowa,14229
3,91757926,91757926,Częstochowa,14231
3,91757927,91757927,Częstochowa,14231
3,91757928,91757928,Częstochowa,14231
3,91757929,91757929,Częstochowa,14231
3,91757930,91757930,Częstochowa,14231
3,91757931,91757931,Częstochowa,14231
3,91757932,91757932,Częstochowa,14231
3,91501805,91501805,Częstochowa,14231
3,91757933,91757933,Częstochowa,14233
3,91757934,91757934,Częstochowa,14233
3,91757935,91757935,Częstochowa,14233
3,91501806,91501806,Częstochowa,14233
3,91757936,91757936,Częstochowa,14234
3,91757937,91757937,Częstochowa,14234
3,91757938,91757938,Częstochowa,14234
3,91757939,91757939,Częstochowa,14234
3,91501807,91501807,Częstochowa,14234
3,91757940,91757940,Bydgoszcz Główna,15201
3,91757941,91757941,Bydgoszcz Główna,15201
3,91757942,91757942,Bydgoszcz Główna,15201
3,91501808,91501808,Bydgoszcz Główna,15201
3,91757943,91757943,Bydgoszcz Główna,15202
3,91757944,91757944,Bydgoszcz Główna,15202
3,91501809,91501809,Toruń Główny,15202
3,91757945,91757945,Bydgoszcz Główna,15204
3,91757946,91757946,Toruń Wschodni,15204
3,91757947,91757947,Bydgoszcz Główna,15204
3,91757948,91757948,Bydgoszcz Główna,15204
3,91757949,91757949,Toruń Wschodni,15204
3,91757950,91757950,Bydgoszcz Główna,15207
3,91757951,91757951,Bydgoszcz Główna,15207
3,91757952,91757952,Bydgoszcz Główna,15207
3,91757953,91757953,Toruń Główny,15209
3,91501810,91501810,Bydgoszcz Główna,15209
3,91757954,91757954,Bydgoszcz Główna,15211
3,91757955,91757955,Bydgoszcz Główna,15211
3,91757956,91757956,Bydgoszcz Główna,15211
3,91501811,91501811,Bydgoszcz Główna,15211
3,91757957,91757957,Toruń Główny,15212
3,91757958,91757958,Toruń Główny,15212
3,91501812,91501812,Toruń Wschodni,15212
3,91757959,91757959,Bydgoszcz Główna,15215
3,91757960,91757960,Bydgoszcz Główna,15215
3,91501813,91501813,Toruń Główny,15215
3,91757961,91757961,Toruń Główny,15217
3,91757962,91757962,Toruń Główny,15217
3,91757963,91757963,Toruń Główny,15217
3,91757964,91757964,Olsztyn Główny,15220
3,91757965,91757965,Olsztyn Główny,15220
3,91501814,91501814,Olsztyn Główny,15220
3,91501815,91501815,Ełk,15224
3,91757966,91757966,Ełk,15801
3,91757967,91757967,Ełk,15801
3,91757968,91757968,Ełk,15803
3,91757969,91757969,Ełk,15803
3,91757970,91757970,Ełk,15803
3,91501816,91501816,Ełk,15803
3,91757971,91757971,Ełk,15805
3,91757972,91757972,Ełk,15805
3,91757973,91757973,Ełk,15807
3,91757974,91757974,Ełk,15807
3,91757975,91757975,Ostrów Wielkopolski,17501
3,91757976,91757976,Ostrów Wielkopolski,17501
3,91501817,91501817,Ostrów Wielkopolski,17501
3,91757979,91757979,Poznań Główny,17505
3,91757980,91757980,Poznań Główny,17505
3,91501819,91501819,Poznań Główny,17505
3,91757981,91757981,Poznań Główny,17507
3,91757982,91757982,Poznań Główny,17507
3,91501820,91501820,Poznań Główny,17507
3,91501821,91501821,Ostrów Wielkopolski,17509
3,91757983,91757983,Ostrów Wielkopolski,17509
3,91757984,91757984,Ostrów Wielkopolski,17509
3,91757990,91757990,Ostrów Wielkopolski,17513
3,91757991,91757991,Ostrów Wielkopolski,17513
3,91501823,91501823,Ostrów Wielkopolski,17513
3,91757992,91757992,Szepietowo,19202
3,91757993,91757993,Białystok,19209
3,91501824,91501824,Radomsko,19241
3,91757994,91757994,Kuźnica Białostocka,19243
3,91501825,91501825,Piotrków Trybunalski,19256
3,91757995,91757995,Radomsko,19257
3,91757996,91757996,Radomsko,19257
3,91757997,91757997,Radomsko,19257
3,91757998,91757998,Radomsko,19257
3,91757999,91757999,Radomsko,19257
3,91758000,91758000,Radomsko,19257
3,91758001,91758001,Łódź Kaliska,19260
3,91758002,91758002,Łódź Kaliska,19260
3,91501826,91501826,Łódź Kaliska,19260
3,91758003,91758003,Czyżew,19352
3,91758004,91758004,Czyżew,19354
3,91758005,91758005,Czyżew,19354
3,91758007,91758007,Białystok,19369
3,91758006,91758006,Białystok,19369
3,91758008,91758008,Białystok,19375
3,91758009,91758009,Opoczno,20200
3,91758010,91758010,Opoczno,20200
3,91501827,91501827,Opoczno,20200
3,91758011,91758011,Końskie,20202
3,91758012,91758012,Końskie,20202
3,91501828,91501828,Końskie,20202
3,91758013,91758013,Końskie,20204
3,91758014,91758014,Końskie,20204
3,91501829,91501829,Końskie,20204
3,91758015,91758015,Skarżysko-Kamienna,20211
3,91758016,91758016,Skarżysko-Kamienna,20211
3,91501830,91501830,Skarżysko-Kamienna,20211
3,91758017,91758017,Skarżysko-Kamienna,20213
3,91758018,91758018,Skarżysko-Kamienna,20213
3,91501831,91501831,Skarżysko-Kamienna,20213
3,91758020,91758020,Skarżysko-Kamienna,20215
3,91758019,91758019,Skarżysko-Kamienna,20215
3,91501832,91501832,Skarżysko-Kamienna,20215
3,91758021,91758021,Skarżysko-Kamienna,20300
3,91758022,91758022,Skarżysko-Kamienna,20300
3,91501833,91501833,Skarżysko-Kamienna,20300
3,91758023,91758023,Skarżysko-Kamienna,20302
3,91758024,91758024,Skarżysko-Kamienna,20302
3,91501834,91501834,Skarżysko-Kamienna,20302
3,91758025,91758025,Skarżysko-Kamienna,20304
3_BUS,91758026,91758026,Skarżysko-Kamienna,20304
3,91758027,91758027,Skarżysko-Kamienna,20306
3,91758028,91758028,Skarżysko-Kamienna,20306
3,91758029,91758029,Skarżysko-Kamienna,20306
3,91501835,91501835,Skarżysko-Kamienna,20306
3,91758030,91758030,Skarżysko-Kamienna,20308
3,91758031,91758031,Skarżysko-Kamienna,20308
3,91501836,91501836,Skarżysko-Kamienna,20308
3,91758032,91758032,Skarżysko-Kamienna,20310
3,91758033,91758033,Skarżysko-Kamienna,20310
3,91501837,91501837,Skarżysko-Kamienna,20310
3,91758034,91758034,Skarżysko-Kamienna,20312
3_BUS,91758035,91758035,Skarżysko-Kamienna,20312
3,91501838,91501838,Skarżysko-Kamienna,20312
3,91758037,91758037,Skarżysko-Kamienna,20314
3,91758036,91758036,Skarżysko-Kamienna,20314
3,91758038,91758038,Skarżysko-Kamienna,20316
3,91758039,91758039,Skarżysko-Kamienna,20316
3,91758040,91758040,Skarżysko-Kamienna,20318
3,91758041,91758041,Skarżysko-Kamienna,20318
3,91501839,91501839,Skarżysko-Kamienna,20318
3,91758043,91758043,Skarżysko-Kamienna,20320
3,91758042,91758042,Skarżysko-Kamienna,20320
3,91501840,91501840,Skarżysko-Kamienna,20320
3,91758044,91758044,Kielce Główne,20331
3,91758045,91758045,Kielce Główne,20331
3,91501841,91501841,Kielce Główne,20331
3,91501842,91501842,Kielce Główne,20333
3_BUS,91758046,91758046,Kielce Główne,20335
3,91758047,91758047,Kielce Główne,20335
3,91758048,91758048,Kielce Główne,20337
3,91758049,91758049,Kielce Główne,20337
3,91758050,91758050,Kielce Główne,20337
3,91758051,91758051,Kielce Główne,20337
3,91501843,91501843,Kielce Główne,20337
3_BUS,91758052,91758052,Kielce Główne,20339
3,91758053,91758053,Kielce Główne,20339
3,91758054,91758054,Kielce Główne,20339
3,91501844,91501844,Kielce Główne,20339
3,91758055,91758055,Kielce Główne,20341
3,91758056,91758056,Kielce Główne,20341
3,91501845,91501845,Kielce Główne,20341
3,91758057,91758057,Kielce Główne,20400
3,91758058,91758058,Kielce Główne,20400
3,91501846,91501846,Kielce Główne,20400
3,91758059,91758059,Kielce Główne,20402
3,91758060,91758060,Kielce Główne,20402
3,91501847,91501847,Kielce Główne,20402
3,91758061,91758061,Kielce Główne,20404
3,91758062,91758062,Kielce Główne,20404
3,91501848,91501848,Kielce Główne,20404
3,91758063,91758063,Kielce Główne,20406
3,91758064,91758064,Kielce Główne,20406
3,91501849,91501849,Kielce Główne,20406
3,91758065,91758065,Kielce Główne,20408
3,91758066,91758066,Kielce Główne,20408
3,91501850,91501850,Kielce Główne,20408
3,91758067,91758067,Kielce Główne,20410
3,91758068,91758068,Kielce Główne,20410
3,91758069,91758069,Kielce Główne,20410
3,91758070,91758070,Kielce Główne,20412
3,91758071,91758071,Kielce Główne,20412
3,91758073,91758073,Sędziszów,20421
3,91758072,91758072,Sędziszów,20421
3,91758074,91758074,Sędziszów,20423
3,91758075,91758075,Sędziszów,20423
3,91501851,91501851,Sędziszów,20423
3,91758076,91758076,Sędziszów,20425
3,91758077,91758077,Sędziszów,20425
3,91758078,91758078,Sędziszów,20425
3,91501852,91501852,Sędziszów,20425
3,91758080,91758080,Sędziszów,20427
3,91758079,91758079,Sędziszów,20427
3,91758081,91758081,Sędziszów,20429
3,91758082,91758082,Sędziszów,20429
3,91758083,91758083,Sędziszów,20429
3,91501853,91501853,Sędziszów,20429
3,91758084,91758084,Sędziszów,20431
3,91758085,91758085,Sędziszów,20431
3,91501854,91501854,Sędziszów,20431
3,91758086,91758086,Sędziszów,20433
3,91758087,91758087,Sędziszów,20433
3,91758088,91758088,Włoszczowa Północ,20501
3,91758089,91758089,Włoszczowa Północ,20501
3,91501855,91501855,Włoszczowa Północ,20501
3,91758091,91758091,Włoszczowa Północ,20503
3,91758090,91758090,Włoszczowa Północ,20503
3,91501856,91501856,Włoszczowa Północ,20503
3,91758092,91758092,Włoszczowa Północ,20505
3,91758093,91758093,Włoszczowa Północ,20505
3,91501857,91501857,Włoszczowa Północ,20505
3,91758094,91758094,Włoszczowa Północ,20507
3,91758095,91758095,Włoszczowa Północ,20507
3,91501858,91501858,Włoszczowa Północ,20507
3,91758096,91758096,Włoszczowa Północ,20509
3,91758097,91758097,Włoszczowa Północ,20509
3,91758098,91758098,Włoszczowa Północ,20509
3,91501859,91501859,Włoszczowa Północ,20509
3,91758099,91758099,Włoszczowa Północ,20511
3,91758100,91758100,Włoszczowa Północ,20511
3,91758101,91758101,Włoszczowa Północ,20513
3,91758102,91758102,Włoszczowa Północ,20513
3,91501860,91501860,Włoszczowa Północ,20513
3,91758103,91758103,Kielce Główne,20520
3,91758105,91758105,Kielce Główne,20520
3,91758104,91758104,Kielce Główne,20520
3,91501861,91501861,Kielce Główne,20520
3,91758106,91758106,Kielce Główne,20522
3,91758107,91758107,Kielce Główne,20522
3,91501862,91501862,Kielce Główne,20522
3,91758108,91758108,Kielce Główne,20524
3,91758109,91758109,Kielce Główne,20524
3,91501863,91501863,Kielce Główne,20524
3,91758111,91758111,Kielce Główne,20526
3,91758110,91758110,Kielce Główne,20526
3,91501864,91501864,Kielce Główne,20526
3,91758112,91758112,Kielce Główne,20528
3,91758113,91758113,Kielce Główne,20528
3,91501865,91501865,Kielce Główne,20528
3,91758114,91758114,Kielce Główne,20530
3,91758115,91758115,Kielce Główne,20530
3,91501866,91501866,Kielce Główne,20530
3,91758116,91758116,Busko-Zdrój,20601
3,91758117,91758117,Busko-Zdrój,20601
3,91758118,91758118,Busko-Zdrój,20603
3,91758119,91758119,Busko-Zdrój,20603
3,91501867,91501867,Busko-Zdrój,20603
3,91758120,91758120,Busko-Zdrój,20605
3,91758121,91758121,Busko-Zdrój,20605
3,91501868,91501868,Busko-Zdrój,20605
3,91758122,91758122,Busko-Zdrój,20607
3,91758123,91758123,Busko-Zdrój,20607
3,91501869,91501869,Busko-Zdrój,20607
3,91758124,91758124,Kielce Główne,20610
3,91758125,91758125,Kielce Główne,20610
3,91758126,91758126,Kielce Główne,20612
3,91758127,91758127,Kielce Główne,20612
3,91501870,91501870,Kielce Główne,20612
3,91758128,91758128,Kielce Główne,20614
3,91758129,91758129,Kielce Główne,20614
3,91501871,91501871,Kielce Główne,20614
3,91758130,91758130,Kielce Główne,20616
3,91758131,91758131,Kielce Główne,20616
3,91501872,91501872,Kielce Główne,20616
3,91758132,91758132,Sandomierz,20701
3,91758133,91758133,Sandomierz,20701
3,91758134,91758134,Ostrowiec Świętokrzyski,20703
3,91758135,91758135,Ostrowiec Świętokrzyski,20703
3,91758136,91758136,Ostrowiec Świętokrzyski,20705
3,91758137,91758137,Ostrowiec Świętokrzyski,20705
3,91501873,91501873,Ostrowiec Świętokrzyski,20705
3,91758138,91758138,Ostrowiec Świętokrzyski,20707
3,91758139,91758139,Ostrowiec Świętokrzyski,20707
3,91501874,91501874,Ostrowiec Świętokrzyski,20707
3,91758140,91758140,Sandomierz,20708
3,91758141,91758141,Sandomierz,20708
3,91501875,91501875,Sandomierz,20708
3,91758142,91758142,Ostrowiec Świętokrzyski,20711
3,91758143,91758143,Ostrowiec Świętokrzyski,20711
3,91501876,91501876,Ostrowiec Świętokrzyski,20711
3,91758144,91758144,Sandomierz,20713
3,91758145,91758145,Sandomierz,20713
3,91758146,91758146,Ostrowiec Świętokrzyski,20715
3,91758147,91758147,Ostrowiec Świętokrzyski,20715
3,91758148,91758148,Sandomierz,20717
3,91758149,91758149,Sandomierz,20717
3,91501877,91501877,Ostrowiec Świętokrzyski,20717
3,91501878,91501878,Sandomierz,20718
3,91758150,91758150,Ostrowiec Świętokrzyski,20719
3,91758151,91758151,Ostrowiec Świętokrzyski,20719
3,91758152,91758152,Sandomierz,20720
3,91758153,91758153,Sandomierz,20720
3,91501879,91501879,Ostrowiec Świętokrzyski,20720
3,91758154,91758154,Ostrowiec Świętokrzyski,20722
3,91758155,91758155,Ostrowiec Świętokrzyski,20722
3,91501880,91501880,Ostrowiec Świętokrzyski,20722
3,91758157,91758157,Ostrowiec Świętokrzyski,20724
3,91758156,91758156,Ostrowiec Świętokrzyski,20724
3,91758158,91758158,Ostrowiec Świętokrzyski,20724
3,91758159,91758159,Ostrowiec Świętokrzyski,20725
3,91758160,91758160,Ostrowiec Świętokrzyski,20725
3,91758161,91758161,Kielce Główne,20730
3,91758162,91758162,Kielce Główne,20730
3,91758163,91758163,Kielce Główne,20732
3,91758164,91758164,Kielce Główne,20732
3,91758165,91758165,Kielce Główne,20733
3,91758166,91758166,Kielce Główne,20733
3,91501881,91501881,Kielce Główne,20733
3,91758167,91758167,Kielce Główne,20734
3,91501882,91501882,Skarżysko-Kamienna,20734
3,91758169,91758169,Skarżysko-Kamienna,20736
3,91758170,91758170,Skarżysko-Kamienna,20736
3,91501883,91501883,Kielce Główne,20736
3,91758171,91758171,Skarżysko-Kamienna,20738
3,91758172,91758172,Skarżysko-Kamienna,20738
3,91501884,91501884,Skarżysko-Kamienna,20738
3,91758173,91758173,Kielce Główne,20740
3,91758174,91758174,Kielce Główne,20740
3,91501885,91501885,Kielce Główne,20740
3,91758175,91758175,Kielce Główne,20741
3,91758176,91758176,Kielce Główne,20741
3,91758177,91758177,Kielce Główne,20742
3,91758178,91758178,Kielce Główne,20742
3,91758179,91758179,Skarżysko-Kamienna,20744
3,91501886,91501886,Kielce Główne,20745
3,91758180,91758180,Kielce Główne,20746
3,91758181,91758181,Kielce Główne,20746
3,91501887,91501887,Kielce Główne,20746
3,91758182,91758182,Skarżysko-Kamienna,20748
3,91501888,91501888,Skarżysko-Kamienna,20748
3,91758183,91758183,Kielce Główne,20750
3,91758184,91758184,Kielce Główne,20750
3,91501889,91501889,Kielce Główne,20750
3,91758185,91758185,Skarżysko-Kamienna,20752
3,91501890,91501890,Skarżysko-Kamienna,20752
3,91758186,91758186,Radom Główny,20800
3,91758187,91758187,Radom Główny,20800
3,91758188,91758188,Radom Główny,20802
3,91758189,91758189,Radom Główny,20802
3,91758190,91758190,Kielce Główne,20805
3,91758191,91758191,Skarżysko-Kamienna,20805
3,91758192,91758192,Kielce Główne,20807
3,91758193,91758193,Kielce Główne,20807
3,91761580,91761580,Terespol,21200
3,91761581,91761581,Terespol,21200
3,91501891,91501891,Łódź Fabryczna,21200
3,91761582,91761582,Terespol,21202
3,91502745,91502745,Terespol,21202
3,91761583,91761583,Terespol,21206
3,91761584,91761584,Terespol,21206
3,91761585,91761585,Terespol,21208
3,91761586,91761586,Terespol,21208
3,91758195,91758195,Łódź Fabryczna,21222
3,91758194,91758194,Łódź Fabryczna,21222
3,91761587,91761587,Terespol,21224
3,91761588,91761588,Terespol,21224
3,91502746,91502746,Terespol,21228
3,91761589,91761589,Terespol,21236
3,91761590,91761590,Terespol,21236
3,91758196,91758196,Łódź Kaliska,21366
3,91758197,91758197,Łódź Kaliska,21366
3,91501892,91501892,Koluszki,21366
3,91758198,91758198,Koluszki,21388
3,91758199,91758199,Koluszki,21388
3,91761591,91761591,Warszawa Zachodnia,21810
3,91761592,91761592,Warszawa Gdańska,21812
3,91761593,91761593,Warszawa Gdańska,21812
3,91761594,91761594,Warszawa Zachodnia,21814
3,91761596,91761596,Warszawa Gdańska,21816
3,91761595,91761595,Warszawa Gdańska,21816
3,91501893,91501893,Sandomierz,22103
3,91501894,91501894,Ostrowiec Świętokrzyski,22104
3,91758200,91758200,Ostrowiec Świętokrzyski,22200
3,91758201,91758201,Kielce Główne,22203
3_BUS,91758202,91758202,Kielce Główne,22205
3_BUS,91758203,91758203,Skarżysko-Kamienna,22206
3_BUS,91758204,91758204,Kielce Główne,22209
3,91758205,91758205,Ostrowiec Świętokrzyski,22210
3,91502747,91502747,Łuków,22264
3,91502748,91502748,Rejowiec,22266
3,91502749,91502749,Rejowiec,22268
3,91502750,91502750,Rejowiec,22276
3,91761597,91761597,Chełm,22301
3,91761598,91761598,Chełm,22301
3,91502751,91502751,Chełm,22301
3,91761599,91761599,Chełm,22303
3,91761600,91761600,Chełm,22303
3,91761601,91761601,Chełm,22303
3,91761602,91761602,Chełm,22303
3,91502752,91502752,Chełm,22303
3,91761603,91761603,Chełm,22305
3,91761604,91761604,Chełm,22305
3,91502753,91502753,Chełm,22305
3,91761605,91761605,Chełm,22307
3,91761606,91761606,Chełm,22307
3,91502754,91502754,Chełm,22307
3,91761607,91761607,Chełm,22309
3,91761608,91761608,Chełm,22309
3,91761609,91761609,Chełm,22311
3,91761610,91761610,Chełm,22311
3,91761611,91761611,Chełm,22311
3,91761612,91761612,Chełm,22311
3,91761613,91761613,Chełm,22313
3,91761614,91761614,Chełm,22313
3,91502755,91502755,Chełm,22313
3,91761615,91761615,Chełm,22315
3,91761616,91761616,Chełm,22315
3,91761617,91761617,Chełm,22317
3,91761618,91761618,Chełm,22317
3,91761619,91761619,Chełm,22319
3,91761620,91761620,Chełm,22319
3,91502756,91502756,Chełm,22319
3,91761621,91761621,Chełm,22321
3,91761622,91761622,Chełm,22321
3,91502757,91502757,Chełm,22321
3,91761623,91761623,Chełm,22323
3,91761624,91761624,Chełm,22323
3,91502758,91502758,Chełm,22323
3,91761625,91761625,Chełm,22325
3,91761626,91761626,Chełm,22325
3,91502759,91502759,Chełm,22325
3,91761627,91761627,Chełm,22327
3,91761628,91761628,Chełm,22327
3,91502760,91502760,Chełm,22327
3,91761629,91761629,Chełm,22329
3,91761630,91761630,Chełm,22329
3,91761631,91761631,Chełm,22329
3,91761632,91761632,Chełm,22329
3,91502761,91502761,Lublin Główny,22330
3,91761633,91761633,Chełm,22331
3,91761634,91761634,Chełm,22331
3,91761635,91761635,Chełm,22333
3,91502762,91502762,Lublin Główny,22334
3,91502763,91502763,Lublin Główny,22336
3,91502764,91502764,Lublin Główny,22338
3,91761637,91761637,Lublin Główny,22340
3,91761636,91761636,Lublin Główny,22340
3,91761638,91761638,Lublin Główny,22340
3,91761639,91761639,Lublin Główny,22340
3,91502765,91502765,Lublin Główny,22340
3,91761640,91761640,Lublin Główny,22342
3,91761641,91761641,Lublin Główny,22342
3,91761642,91761642,Lublin Główny,22344
3,91761643,91761643,Lublin Główny,22344
3,91502766,91502766,Dęblin,22344
3,91761644,91761644,Lublin Główny,22346
3,91761645,91761645,Lublin Główny,22346
3,91761646,91761646,Lublin Główny,22348
3,91761647,91761647,Lublin Główny,22348
3,91761648,91761648,Lublin Główny,22348
3,91761649,91761649,Lublin Główny,22348
3,91761650,91761650,Lublin Główny,22350
3,91761651,91761651,Lublin Główny,22350
3,91761652,91761652,Lublin Główny,22350
3,91761653,91761653,Lublin Główny,22350
3,91761654,91761654,Lublin Główny,22350
3,91502767,91502767,Lublin Główny,22350
3,91761655,91761655,Dęblin,22352
3,91761656,91761656,Dęblin,22352
3,91761657,91761657,Dęblin,22352
3,91502768,91502768,Lublin Główny,22352
3,91761658,91761658,Lublin Główny,22354
3,91761659,91761659,Lublin Główny,22354
3,91761660,91761660,Lublin Główny,22356
3,91761661,91761661,Lublin Główny,22356
3,91502769,91502769,Dęblin,22356
3,91761662,91761662,Łuków,22358
3,91761663,91761663,Łuków,22358
3,91502770,91502770,Lublin Główny,22358
3,91761664,91761664,Dęblin,22360
3,91761665,91761665,Dęblin,22360
3,91761666,91761666,Dęblin,22362
3,91761667,91761667,Dęblin,22362
3,91761668,91761668,Lublin Główny,22364
3,91761669,91761669,Lublin Główny,22364
3,91761670,91761670,Łuków,22366
3,91761671,91761671,Łuków,22366
3,91761672,91761672,Lublin Główny,22368
3,91761673,91761673,Lublin Główny,22368
3,91761674,91761674,Lublin Główny,22370
3,91761675,91761675,Lublin Główny,22370
3,91761676,91761676,Dęblin,22372
3,91761677,91761677,Dęblin,22372
3,91761678,91761678,Lublin Główny,22378
3,91761679,91761679,Lublin Główny,22378
3,91761680,91761680,Dęblin,22380
3,91761681,91761681,Dęblin,22380
3,91761682,91761682,Lublin Główny,22382
3,91761683,91761683,Lublin Główny,22382
3,91761684,91761684,Lublin Główny,22386
3,91761685,91761685,Dęblin,22388
3,91761686,91761686,Dęblin,22388
3,91761687,91761687,Lublin Główny,22390
3,91502771,91502771,Lublin Główny,22404
3,91761688,91761688,Bełżec,22411
3,91761689,91761689,Bełżec,22411
3,91761690,91761690,Bełżec,22411
3,91761691,91761691,Bełżec,22411
3,91502772,91502772,Bełżec,22411
3,91761692,91761692,Bełżec,22413
3,91761693,91761693,Bełżec,22413
3,91761694,91761694,Zamość Wschód,22415
3,91761695,91761695,Zamość Wschód,22415
3,91761699,91761699,Zamość Wschód,22417
3,91761696,91761696,Zamość Wschód,22417
3,91761697,91761697,Zamość Wschód,22417
3,91761698,91761698,Zamość Wschód,22417
3,91761700,91761700,Zamość Wschód,22417
3,91761701,91761701,Zamość Wschód,22417
3,91502773,91502773,Bełżec,22417
3,91761702,91761702,Hrebenne,22419
3,91761703,91761703,Hrebenne,22419
3,91761704,91761704,Hrebenne,22419
3,91761705,91761705,Zamość Wschód,22421
3,91761706,91761706,Zamość Wschód,22421
3,91502774,91502774,Zamość Wschód,22421
3,91761707,91761707,Hrubieszów Miasto,22423
3,91761708,91761708,Hrubieszów Miasto,22423
3,91502775,91502775,Zamość Wschód,22423
3,91761709,91761709,Zamość Wschód,22425
3,91761710,91761710,Zamość Wschód,22425
3,91761711,91761711,Zamość Wschód,22425
3,91761712,91761712,Zamość Wschód,22425
3,91761713,91761713,Zamość Wschód,22425
3,91761714,91761714,Hrebenne,22442
3,91761715,91761715,Hrebenne,22442
3,91761716,91761716,Hrebenne,22442
3,91761717,91761717,Bełżec,22444
3,91502776,91502776,Bełżec,22444
3,91761718,91761718,Bełżec,22446
3,91761719,91761719,Bełżec,22446
3,91761720,91761720,Bełżec,22446
3,91761721,91761721,Zamość Wschód,22461
3,91502777,91502777,Zamość Wschód,22461
3,91761722,91761722,Zamość Wschód,22463
3,91761723,91761723,Zamość Wschód,22465
3,91502778,91502778,Zamość Wschód,22465
3,91761724,91761724,Zamość Wschód,22467
3,91502779,91502779,Zamość Wschód,22467
3,91502780,91502780,Chełm,22473
3,91502781,91502781,Chełm,22475
3,91502782,91502782,Chełm,22477
3,91502783,91502783,Zamość Wschód,22479
3,91761725,91761725,Zamość Wschód,22480
3,91502784,91502784,Zamość Wschód,22480
3,91761728,91761728,Zamość Wschód,22482
3,91761726,91761726,Zamość Wschód,22482
3,91761727,91761727,Zamość Wschód,22482
3,91502785,91502785,Zamość Wschód,22482
3,91761729,91761729,Hrubieszów Miasto,22484
3,91761730,91761730,Zamość,22484
3,91761731,91761731,Zamość,22484
3,91761732,91761732,Zawada,22490
3,91502786,91502786,Zawada,22490
3,91761733,91761733,Zawada,22492
3,91761734,91761734,Zawada,22494
3,91502787,91502787,Zawada,22494
3,91761735,91761735,Zawada,22496
3,91761736,91761736,Zawada,22496
3,91761737,91761737,Zawada,22498
3,91502788,91502788,Zawada,22498
3,91502789,91502789,Zawada,22522
3,91761738,91761738,Lublin Główny,22532
3,91761739,91761739,Lublin Główny,22532
3,91502790,91502790,Lublin Główny,22532
3,91761740,91761740,Lublin Główny,22534
3,91761741,91761741,Lublin Główny,22534
3,91761742,91761742,Lublin Główny,22534
3,91502791,91502791,Lublin Główny,22534
3,91761743,91761743,Lublin Główny,22536
3,91761744,91761744,Lublin Główny,22536
3,91761745,91761745,Lublin Główny,22536
3,91761746,91761746,Lublin Główny,22536
3,91761747,91761747,Lublin Główny,22536
3,91761748,91761748,Lublin Główny,22536
3,91761749,91761749,Lublin Główny,22538
3,91761750,91761750,Lublin Główny,22538
3,91502792,91502792,Lublin Główny,22538
3,91761751,91761751,Lublin Główny,22540
3,91761752,91761752,Lublin Główny,22540
3,91761753,91761753,Lublin Główny,22540
3,91502793,91502793,Lublin Główny,22540
3,91761754,91761754,Lublin Główny,22542
3,91761755,91761755,Lublin Główny,22542
3,91761756,91761756,Lublin Główny,22544
3,91761757,91761757,Lublin Główny,22544
3,91761758,91761758,Lublin Główny,22544
3,91761759,91761759,Lublin Główny,22544
3,91761760,91761760,Lublin Główny,22546
3,91761761,91761761,Lublin Główny,22546
3,91761762,91761762,Lublin Główny,22548
3,91761763,91761763,Lublin Główny,22548
3,91761764,91761764,Lublin Główny,22548
3,91761765,91761765,Hrubieszów Miasto,22551
3,91761766,91761766,Hrubieszów Miasto,22551
3,91761767,91761767,Kraśnik,22601
3,91761768,91761768,Kraśnik,22601
3,91761769,91761769,Szastarka,22603
3,91761770,91761770,Szastarka,22603
3,91761771,91761771,Szastarka,22605
3,91502794,91502794,Szastarka,22605
3,91761772,91761772,Stalowa Wola Rozwadów,22607
3,91761773,91761773,Stalowa Wola Rozwadów,22607
3,91502795,91502795,Stalowa Wola Rozwadów,22607
3,91761774,91761774,Szastarka,22609
3,91761775,91761775,Stalowa Wola Rozwadów,22611
3,91761776,91761776,Stalowa Wola Rozwadów,22611
3,91761777,91761777,Szastarka,22613
3,91502796,91502796,Stalowa Wola Rozwadów,22613
3,91761778,91761778,Stalowa Wola Południe,22615
3,91761779,91761779,Stalowa Wola Południe,22615
3,91502797,91502797,Stalowa Wola Południe,22615
3,91761780,91761780,Lublin Główny,22620
3,91758206,91758206,Lublin Główny,22622
3,91758207,91758207,Lublin Główny,22622
3,91501895,91501895,Lublin Główny,22622
3,91761781,91761781,Lublin Główny,22624
3,91761782,91761782,Lublin Główny,22624
3,91761783,91761783,Lublin Główny,22626
3,91761784,91761784,Lublin Główny,22628
3,91502798,91502798,Lublin Główny,22628
3,91758208,91758208,Lublin Główny,22630
3,91758209,91758209,Lublin Główny,22630
3,91761785,91761785,Lublin Główny,22632
3,91501896,91501896,Lublin Główny,22632
3,91758210,91758210,Lublin Główny,22634
3,91758211,91758211,Lublin Główny,22634
3,91501897,91501897,Lublin Główny,22634
3,91761786,91761786,Lublin Główny,22636
3,91761787,91761787,Lublin Główny,22636
3,91761791,91761791,Dęblin,22800
3,91761788,91761788,Dęblin,22800
3,91761789,91761789,Dęblin,22800
3,91761790,91761790,Dęblin,22800
3,91502799,91502799,Dęblin,22800
3,91761792,91761792,Dęblin,22802
3,91761793,91761793,Dęblin,22802
3,91502800,91502800,Dęblin,22804
3,91761794,91761794,Dęblin,22806
3,91761795,91761795,Dęblin,22808
3,91761796,91761796,Dęblin,22808
3,91502801,91502801,Łuków,22808
3,91502802,91502802,Dęblin,22810
3,91761797,91761797,Chełm,22811
3,91761798,91761798,Chełm,22811
3,91761799,91761799,Chełm,22813
3,91761800,91761800,Chełm,22813
3,91761801,91761801,Chełm,22813
3,91761802,91761802,Chełm,22813
3,91761803,91761803,Chełm,22813
3,91761804,91761804,Lublin Główny,22815
3,91761805,91761805,Lublin Główny,22815
3,91761806,91761806,Chełm,22817
3,91761807,91761807,Chełm,22817
3,91761808,91761808,Chełm,22819
3,91761809,91761809,Chełm,22819
3,91761810,91761810,Chełm,22819
3,91761811,91761811,Lublin Główny,22821
3,91761812,91761812,Lublin Główny,22821
3,91761813,91761813,Chełm,22823
3,91761814,91761814,Chełm,22823
3,91761815,91761815,Lublin Główny,22825
3,91761816,91761816,Lublin Główny,22825
3,91502803,91502803,Lublin Główny,22835
3,91502804,91502804,Lublin Główny,22837
3,91502805,91502805,Lublin Główny,22843
3,91502806,91502806,Lublin Główny,22847
3,91761817,91761817,Łuków,22862
3,91761818,91761818,Łuków,22862
3,91502807,91502807,Łuków,22862
3,91761819,91761819,Chełm,22871
3,91761820,91761820,Chełm,22871
3,91502808,91502808,Lublin Główny,22871
3,91761821,91761821,Lublin Główny,22873
3,91761822,91761822,Lublin Główny,22873
3,91761823,91761823,Dęblin,22875
3,91761824,91761824,Dęblin,22875
3,91502809,91502809,Lublin Główny,22875
3,91761825,91761825,Lublin Główny,22877
3,91761826,91761826,Lublin Główny,22877
3,91761827,91761827,Lublin Główny,22877
3,91761828,91761828,Chełm,22879
3,91761829,91761829,Chełm,22879
3,91761830,91761830,Łuków Łapiguz,22900
3,91761831,91761831,Łuków Łapiguz,22900
3,91761832,91761832,Łuków,22902
3,91761833,91761833,Łuków,22904
3,91761834,91761834,Łuków,22904
3,91761835,91761835,Lubartów Słowackiego,22906
3,91761836,91761836,Lubartów Słowackiego,22906
3,91761837,91761837,Łuków Łapiguz,22908
3,91761838,91761838,Łuków Łapiguz,22908
3,91761839,91761839,Łuków,22910
3,91761840,91761840,Łuków,22910
3,91761841,91761841,Łuków,22910
3,91761842,91761842,Łuków,22910
3,91502810,91502810,Łuków,22910
3,91761844,91761844,Lubartów Słowackiego,22912
3,91761843,91761843,Lubartów Słowackiego,22912
3,91761845,91761845,Lubartów Słowackiego,22912
3,91502811,91502811,Łuków,22912
3,91761846,91761846,Łuków,22914
3,91761847,91761847,Łuków,22914
3,91761848,91761848,Łuków,22916
3,91761849,91761849,Łuków,22916
3,91502812,91502812,Parczew Kolejowa,22916
3,91761850,91761850,Parczew Kolejowa,22918
3,91761851,91761851,Parczew Kolejowa,22918
3,91761852,91761852,Parczew Kolejowa,22918
3,91761853,91761853,Parczew Kolejowa,22918
3,91502813,91502813,Parczew Kolejowa,22918
3,91761854,91761854,Parczew Kolejowa,22920
3,91761855,91761855,Parczew Kolejowa,22920
3,91761856,91761856,Parczew Kolejowa,22920
3,91761857,91761857,Parczew Kolejowa,22920
3,91502814,91502814,Lublin Główny,22922
3,91761858,91761858,Lublin Główny,22930
3,91761859,91761859,Lublin Główny,22930
3,91761860,91761860,Lublin Główny,22932
3,91761861,91761861,Lublin Główny,22932
3,91502815,91502815,Lublin Główny,22932
3,91761862,91761862,Lublin Główny,22934
3,91761863,91761863,Lublin Główny,22934
3,91761864,91761864,Lublin Główny,22936
3,91761865,91761865,Lublin Główny,22936
3,91502816,91502816,Lublin Główny,22936
3,91761866,91761866,Lublin Główny,22938
3,91761867,91761867,Lublin Główny,22938
3,91502817,91502817,Lublin Główny,22938
3,91761868,91761868,Lublin Główny,22940
3,91502818,91502818,Lublin Główny,22940
3,91761869,91761869,Lublin Główny,22942
3,91761870,91761870,Lublin Główny,22942
3,91761871,91761871,Lublin Główny,22944
3,91761872,91761872,Lublin Główny,22944
3,91761875,91761875,Lublin Główny,22946
3,91761873,91761873,Lublin Główny,22946
3,91761874,91761874,Lublin Główny,22946
3,91761876,91761876,Lublin Główny,22946
3,91761878,91761878,Lublin Główny,22948
3,91761877,91761877,Lublin Główny,22948
3,91761879,91761879,Lublin Główny,22948
3,91502819,91502819,Lublin Airport,22949
3,91761880,91761880,Lublin Główny,22950
3,91761881,91761881,Lublin Główny,22950
3,91502820,91502820,Lublin Airport,22951
3,91761882,91761882,Lublin Główny,22952
3,91761883,91761883,Lublin Główny,22952
3,91761884,91761884,Lublin Główny,22952
3,91761885,91761885,Lublin Główny,22952
3,91761886,91761886,Lublin Airport,22955
3,91502821,91502821,Lublin Airport,22955
3,91761887,91761887,Lublin Airport,22957
3,91761888,91761888,Lublin Airport,22959
3,91761889,91761889,Lublin Airport,22961
3,91761890,91761890,Lublin Airport,22963
3,91761891,91761891,Lublin Airport,22965
3,91761892,91761892,Lublin Główny,22966
3,91761893,91761893,Lublin Airport,22967
3,91761894,91761894,Lublin Airport,22969
3,91761895,91761895,Lublin Airport,22971
3,91502822,91502822,Lublin Główny,22972
3,91761896,91761896,Lublin Główny,22974
3,91502823,91502823,Lublin Główny,22974
3,91761897,91761897,Lublin Główny,22976
3,91761898,91761898,Lublin Główny,22978
3,91761899,91761899,Lublin Główny,22980
3,91761900,91761900,Lublin Główny,22982
3,91502824,91502824,Lublin Główny,22982
3,91761901,91761901,Lublin Główny,22984
3,91761902,91761902,Lublin Główny,22986
3,91761903,91761903,Lublin Główny,22988
3,91761904,91761904,Lublin Główny,22990
3,91761905,91761905,Lublin Główny,22992
3,91761906,91761906,Lublin Główny,22994
3,91758212,91758212,Kraków Główny,23201 SKA2
3,91758213,91758213,Kraków Główny,23201 SKA2
3,91758214,91758214,Kraków Główny,23201 SKA2
3,91501898,91501898,Kraków Główny,23201 SKA2
3,91501899,91501899,Kraków Główny,23203
3,91758215,91758215,Kraków Główny,23203
3,91758216,91758216,Kraków Główny,23203
3,91758217,91758217,Kraków Główny,23203
3,91758218,91758218,Kraków Główny,23312
3,91758219,91758219,Kraków Główny,23312
3,91758220,91758220,Kraków Główny,23312
3,91501900,91501900,Kraków Główny,23312
3,91758222,91758222,Kraków Główny,23314
3,91501901,91501901,Kraków Główny,23314
3,91758221,91758221,Kraków Główny,23314
3,91758223,91758223,Kraków Główny,23314
3,91758224,91758224,Kraków Główny,23316
3,91758225,91758225,Kraków Główny,23316
3,91758226,91758226,Kraków Główny,23316
3,91501902,91501902,Kraków Główny,23316
3,91758227,91758227,Kraków Główny,23319
3,91758228,91758228,Kraków Główny,23319
3,91758229,91758229,Kraków Główny,23319
3,91501903,91501903,Kraków Główny,23319
3,91758230,91758230,Kraków Główny,23321
3,91758231,91758231,Kraków Główny,23321
3,91758232,91758232,Kraków Główny,23321
3,91501904,91501904,Kraków Główny,23321
3,91758236,91758236,Rzeszów Główny,23430
3,91758240,91758240,Rzeszów Główny,23430
3,91758243,91758243,Rzeszów Główny,23432
3,91758247,91758247,Rzeszów Główny,23434
3,91758250,91758250,Rzeszów Główny,23434
3,91758251,91758251,Rzeszów Główny,23437
3,91758253,91758253,Rzeszów Główny,23438
3,91761907,91761907,Rzeszów Główny,23440
3,91761908,91761908,Jarosław,23442
3,91758255,91758255,Przeworsk,23501
3,91501908,91501908,Przeworsk,23501
3,91758256,91758256,Przeworsk,23503
3,91501909,91501909,Przeworsk,23503
3,91758257,91758257,Przeworsk,23505
3,91501910,91501910,Przeworsk,23505
3,91758258,91758258,Przeworsk,23507
3,91501911,91501911,Przeworsk,23507
3,91758259,91758259,Przeworsk,23509
3,91758260,91758260,Przeworsk,23509
3,91758261,91758261,Przeworsk,23511
3,91758262,91758262,Rudnik nad Sanem,23513
3,91501912,91501912,Przeworsk,23513
3,91758263,91758263,Rudnik nad Sanem,23515
3,91761909,91761909,Rzeszów Główny,23600
3,91761912,91761912,Rzeszów Główny,23602
3,91761913,91761913,Rzeszów Główny,23602
3,91761916,91761916,Rzeszów Główny,23604
3,91758266,91758266,Kraków Główny,23845 SKA2
3,91758264,91758264,Kraków Główny,23845 SKA2
3,91758265,91758265,Kraków Główny,23845 SKA2
3,91501913,91501913,Kraków Główny,23845 SKA2
3,91758267,91758267,Kraków Główny,23851 SKA2
3,91758268,91758268,Kraków Główny,23851 SKA2
3,91758269,91758269,Kraków Główny,23851 SKA2
3,91501914,91501914,Kraków Główny,23851 SKA2
3,91758270,91758270,Częstochowa,24300
3,91758271,91758271,Częstochowa,24300
3,91758272,91758272,Częstochowa,24300
3,91501915,91501915,Częstochowa,24300
3,91758273,91758273,Częstochowa,24302
3,91758274,91758274,Częstochowa,24302
3,91501916,91501916,Częstochowa,24302
3,91758275,91758275,Częstochowa,24303
3,91758276,91758276,Częstochowa,24304
3,91758277,91758277,Częstochowa,24304
3,91501917,91501917,Częstochowa,24304
3,91758278,91758278,Częstochowa,24305
3,91758279,91758279,Częstochowa,24306
3,91758280,91758280,Częstochowa,24306
3,91501918,91501918,Częstochowa,24306
3,91758281,91758281,Częstochowa,24307
3,91758283,91758283,Częstochowa,24308
3,91758282,91758282,Częstochowa,24308
3,91758284,91758284,Częstochowa,24308
3,91501919,91501919,Częstochowa,24308
3,91758285,91758285,Częstochowa,24310
3,91758286,91758286,Częstochowa,24310
3,91501920,91501920,Częstochowa,24310
3,91758287,91758287,Częstochowa,24311
3,91758288,91758288,Częstochowa,24312
3,91758289,91758289,Częstochowa,24312
3,91501921,91501921,Częstochowa,24312
3,91758290,91758290,Częstochowa,24313
3,91758292,91758292,Katowice,24903
3,91758294,91758294,Katowice,24905
3,91758297,91758297,Katowice,24907
3,91758298,91758298,Katowice,24909
3,91758301,91758301,Medyka,30401
3,91501926,91501926,Medyka,30401
3,91758302,91758302,Przemyśl Główny,30403
3,91758303,91758303,Medyka,30403
3,91501927,91501927,Przemyśl Główny,30403
3,91758304,91758304,Przemyśl Główny,30405
3,91758305,91758305,Przemyśl Główny,30405
3,91758306,91758306,Medyka,30405
3,91758307,91758307,Medyka,30405
3,91501928,91501928,Przemyśl Główny,30405
3,91758309,91758309,Przemyśl Główny,30407
3,91758308,91758308,Przemyśl Główny,30407
3,91758310,91758310,Przemyśl Główny,30409
3,91758311,91758311,Medyka,30409
3,91758312,91758312,Medyka,30409
3,91501929,91501929,Przemyśl Główny,30409
3,91758313,91758313,Przemyśl Główny,30411
3,91758314,91758314,Przemyśl Główny,30411
3,91501930,91501930,Przemyśl Główny,30411
3,91758315,91758315,Przemyśl Główny,30413
3,91758316,91758316,Medyka,30413
3,91758317,91758317,Przemyśl Główny,30413
3,91758318,91758318,Medyka,30413
3,91501931,91501931,Przemyśl Główny,30413
3,91758319,91758319,Przemyśl Główny,30415 Niedźwiadek
3,91501932,91501932,Przemyśl Główny,30417
3,91758320,91758320,Przemyśl Główny,30417
3,91758321,91758321,Przemyśl Główny,30417
3,91758322,91758322,Przemyśl Główny,30419 Rzeszowianin
3,91758323,91758323,Przemyśl Główny,30419 Rzeszowianin
3,91758324,91758324,Medyka,30421
3,91758325,91758325,Medyka,30421
3,91501933,91501933,Medyka,30421
3,91758326,91758326,Przemyśl Główny,30423
3,91758327,91758327,Przemyśl Główny,30423
3,91501934,91501934,Przemyśl Główny,30423
3,91758328,91758328,Przemyśl Główny,30425
3,91758329,91758329,Przemyśl Główny,30425
3,91501935,91501935,Przemyśl Główny,30425
3,91758330,91758330,Przemyśl Główny,30427
3,91758331,91758331,Przemyśl Główny,30427
3,91758332,91758332,Przemyśl Główny,30429
3,91758333,91758333,Przemyśl Główny,30429
3,91758334,91758334,Przemyśl Główny,30429
3,91501936,91501936,Przemyśl Główny,30429
3,91758335,91758335,Rzeszów Główny,30440
3,91758336,91758336,Rzeszów Główny,30440
3,91501937,91501937,Rzeszów Główny,30440
3,91758337,91758337,Rzeszów Główny,30442 Niedźwiadek
3,91758338,91758338,Rzeszów Główny,30444
3,91758339,91758339,Rzeszów Główny,30444
3,91501938,91501938,Rzeszów Główny,30444
3,91758340,91758340,Rzeszów Główny,30446 Rzeszowianin
3,91758341,91758341,Rzeszów Główny,30448
3,91758342,91758342,Rzeszów Główny,30448
3,91501939,91501939,Rzeszów Główny,30448
3,91758343,91758343,Rzeszów Główny,30450
3,91758344,91758344,Rzeszów Główny,30450
3,91501940,91501940,Rzeszów Główny,30450
3,91758345,91758345,Rzeszów Główny,30452
3,91758346,91758346,Rzeszów Główny,30452
3,91501941,91501941,Rzeszów Główny,30452
3,91758347,91758347,Rzeszów Główny,30454
3,91758348,91758348,Rzeszów Główny,30454
3,91501942,91501942,Rzeszów Główny,30454
3,91501943,91501943,Rzeszów Główny,30456
3,91758349,91758349,Rzeszów Główny,30456
3,91758350,91758350,Rzeszów Główny,30456
3,91758351,91758351,Rzeszów Główny,30458
3,91758352,91758352,Rzeszów Główny,30458
3,91758353,91758353,Rzeszów Główny,30460
3,91758354,91758354,Rzeszów Główny,30460
3,91501944,91501944,Rzeszów Główny,30460
3,91758356,91758356,Rzeszów Główny,30462
3,91758355,91758355,Rzeszów Główny,30462
3,91758357,91758357,Rzeszów Główny,30462
3,91758358,91758358,Rzeszów Główny,30462
3,91501945,91501945,Rzeszów Główny,30462
3,91758359,91758359,Rzeszów Główny,30464
3,91758360,91758360,Rzeszów Główny,30464
3,91758361,91758361,Rzeszów Główny,30464
3,91758362,91758362,Rzeszów Główny,30464
3,91501946,91501946,Rzeszów Główny,30464
3,91758363,91758363,Rzeszów Główny,30466
3,91758364,91758364,Rzeszów Główny,30466
3,91758365,91758365,Rzeszów Główny,30468
3,91758366,91758366,Rzeszów Główny,30468
3,91501947,91501947,Rzeszów Główny,30468
3,91501948,91501948,Rzeszów Główny,30480
3,91758367,91758367,Rzeszów Główny,30480
3,91758368,91758368,Przeworsk,30482
3,91758369,91758369,Przeworsk,30482
3,91501949,91501949,Przeworsk,30482
3,91758370,91758370,Przemyśl Główny,30491
3,91501950,91501950,Przemyśl Główny,30491
3,91758371,91758371,Przeworsk,30493
3,91501951,91501951,Przeworsk,30493
3,91758372,91758372,Rabka-Zdrój,30501
3,91758373,91758373,Rabka Zaryte,30501
3,91501952,91501952,Zakopane,30501 K5
3,91758374,91758374,Zakopane,30503 Pięć Stawów
3,91758375,91758375,Zakopane,30503 Pięć Stawów
3,91501953,91501953,Zakopane,30505 K5 Kasprowy
3,91758376,91758376,Zakopane,30505 Kasprowy
3,91758377,91758377,Zakopane,30505 Kasprowy
3,91758378,91758378,Zakopane,30507 Janosik
3,91758379,91758379,Zakopane,30507 Janosik
3,91501954,91501954,Zakopane,30507 K5 Janosik
3,91501955,91501955,Zakopane,30509 K5 Rysy
3,91758381,91758381,Zakopane,30509 Rysy
3,91758380,91758380,Sucha Beskidzka,30509 Rysy
3,91501956,91501956,Chabówka,30510 K5
3,91758384,91758384,Rabka-Zdrój,30511
3,91758382,91758382,Rabka Zaryte,30511
3,91758383,91758383,Rabka-Zdrój,30511
3,91758385,91758385,Zakopane,30513 Gubałówka
3,91758386,91758386,Zakopane,30513 Gubałówka
3,91501957,91501957,Zakopane,30513 K5 Gubałówka
3,91758387,91758387,Zakopane,30515 Podhale
3,91758388,91758388,Zakopane,30515 Podhale
3,91501958,91501958,Zakopane,30515 K5 Podhale
3,91501959,91501959,Sucha Beskidzka,30517 K5
3,91758389,91758389,Sucha Beskidzka,30517
3,91758390,91758390,Sucha Beskidzka,30517
3,91501960,91501960,Kraków Główny,30530 K5
3,91758391,91758391,Kraków Główny,30530
3,91758392,91758392,Kraków Główny,30530
3,91501961,91501961,Kraków Główny,30532 K5
3,91758393,91758393,Kraków Główny,30532
3,91758394,91758394,Kraków Główny,30532
3,91758395,91758395,Kraków Główny,30532
3,91501962,91501962,Kraków Główny,30534 K5 Podhale
3,91758396,91758396,Kraków Główny,30534 Podhale
3,91758397,91758397,Kraków Główny,30534 Podhale
3,91758398,91758398,Kraków Główny,30536 Janosik
3,91758399,91758399,Kraków Główny,30536 Janosik
3,91501963,91501963,Kraków Główny,30536 K5 Janosik
3,91501964,91501964,Kraków Główny,30538 K5 Gubałówka
3,91758400,91758400,Kraków Główny,30538 Gubałówka
3,91758401,91758401,Kraków Główny,30538 Gubałówka
3,91758402,91758402,Kraków Główny,30540 Pięć Stawów
3,91758403,91758403,Kraków Główny,30540 Pięć Stawów
3,91758404,91758404,Kraków Główny,30542 Kasprowy
3,91758405,91758405,Kraków Główny,30542 Kasprowy
3,91501965,91501965,Kraków Główny,30542 K5 Kasprowy
3,91758406,91758406,Kraków Główny,30544 Rysy
3,91758407,91758407,Kraków Główny,30544 Rysy
3,91501966,91501966,Kraków Główny,30544 K5 Rysy
3,91501967,91501967,Kraków Główny,30546 K5
3,91758408,91758408,Kraków Główny,30546
3,91758409,91758409,Kraków Główny,30546
3,91758410,91758410,Kraków Główny,30546
3,91758411,91758411,Zakopane,30549 Podhalańska Kolej Regionalna
3,91501968,91501968,Zakopane,30549 Podhalańska Kolej Regionalna
3,91758412,91758412,Zakopane,30550 Podhalańska Kolej Regionalna
3,91758413,91758413,Zakopane,30550 Podhalańska Kolej Regionalna
3,91501969,91501969,Zakopane,30550 Podhalańska Kolej Regionalna
3,91758414,91758414,Zakopane,30552 Podhalańska Kolej Regionalna
3,91758415,91758415,Zakopane,30552 Podhalańska Kolej Regionalna
3,91501970,91501970,Zakopane,30552 Podhalańska Kolej Regionalna
3,91758416,91758416,Zakopane,30554 Podhalańska Kolej Regionalna
3,91758417,91758417,Zakopane,30554 Podhalańska Kolej Regionalna
3,91501971,91501971,Zakopane,30554 Podhalańska Kolej Regionalna
3,91758418,91758418,Zakopane,30556 Podhalańska Kolej Regionalna
3,91758419,91758419,Zakopane,30556 Podhalańska Kolej Regionalna
3,91501972,91501972,Zakopane,30556 Podhalańska Kolej Regionalna
3,91758420,91758420,Zakopane,30558 Podhalańska Kolej Regionalna
3,91758421,91758421,Zakopane,30558 Podhalańska Kolej Regionalna
3,91501973,91501973,Zakopane,30558 Podhalańska Kolej Regionalna
3,91758422,91758422,Zakopane,30560 Podhalańska Kolej Regionalna
3,91758423,91758423,Zakopane,30560 Podhalańska Kolej Regionalna
3,91501974,91501974,Zakopane,30560 Podhalańska Kolej Regionalna
3,91758424,91758424,Zakopane,30563 Podhalańska Kolej Regionalna
3,91758425,91758425,Zakopane,30563 Podhalańska Kolej Regionalna
3,91758426,91758426,Zakopane,30564 Podhalańska Kolej Regionalna
3,91758427,91758427,Zakopane,30564 Podhalańska Kolej Regionalna
3,91501975,91501975,Zakopane,30564 Podhalańska Kolej Regionalna
3,91758428,91758428,Zakopane,30567 Podhalańska Kolej Regionalna
3,91758429,91758429,Zakopane,30567 Podhalańska Kolej Regionalna
3,91501976,91501976,Zakopane,30567 Podhalańska Kolej Regionalna
3,91758430,91758430,Zakopane,30568 Podhalańska Kolej Regionalna
3,91758431,91758431,Zakopane,30568 Podhalańska Kolej Regionalna
3,91758432,91758432,Rabka-Zdrój,30574 Podhalańska Kolej Regionalna
3,91758433,91758433,Rabka Zaryte,30574 Podhalańska Kolej Regionalna
3,91501977,91501977,Chabówka,30574 Podhalańska Kolej Regionalna
3,91758434,91758434,Rabka Zaryte,30576 Podhalańska Kolej Regionalna
3,91758435,91758435,Rabka-Zdrój,30576 Podhalańska Kolej Regionalna
3,91501978,91501978,Chabówka,30576 Podhalańska Kolej Regionalna
3,91758436,91758436,Rabka Zaryte,30578 Podhalańska Kolej Regionalna
3,91758437,91758437,Rabka-Zdrój,30578 Podhalańska Kolej Regionalna
3,91501979,91501979,Chabówka,30578 Podhalańska Kolej Regionalna
3,91758438,91758438,Rabka Zaryte,30580 Podhalańska Kolej Regionalna
3,91758439,91758439,Rabka-Zdrój,30580 Podhalańska Kolej Regionalna
3,91501980,91501980,Chabówka,30580 Podhalańska Kolej Regionalna
3,91758440,91758440,Rabka Zaryte,30582 Podhalańska Kolej Regionalna
3,91758441,91758441,Rabka-Zdrój,30582 Podhalańska Kolej Regionalna
3,91758442,91758442,Rabka Zaryte,30582 Podhalańska Kolej Regionalna
3,91501981,91501981,Chabówka,30582 Podhalańska Kolej Regionalna
3,91758443,91758443,Nowy Targ,30584 Podhalańska Kolej Regionalna
3,91758444,91758444,Nowy Targ,30584 Podhalańska Kolej Regionalna
3,91758445,91758445,Nowy Targ,30586 Podhalańska Kolej Regionalna
3,91758446,91758446,Nowy Targ,30586 Podhalańska Kolej Regionalna
3,91501982,91501982,Nowy Targ,30586 Podhalańska Kolej Regionalna
3,91758447,91758447,Rabka-Zdrój,30588 Podhalańska Kolej Regionalna
3,91758448,91758448,Rabka Zaryte,30588 Podhalańska Kolej Regionalna
3,91501983,91501983,Chabówka,30588 Podhalańska Kolej Regionalna
3,91758450,91758450,Rabka-Zdrój,30590 Podhalańska Kolej Regionalna
3,91758449,91758449,Rabka Zaryte,30590 Podhalańska Kolej Regionalna
3,91501984,91501984,Chabówka,30590 Podhalańska Kolej Regionalna
3,91758451,91758451,Rabka Zaryte,30592 Podhalańska Kolej Regionalna
3,91758452,91758452,Rabka-Zdrój,30592 Podhalańska Kolej Regionalna
3,91501985,91501985,Chabówka,30592 Podhalańska Kolej Regionalna
3,91758453,91758453,Nowy Targ,30594 Podhalańska Kolej Regionalna
3,91758454,91758454,Nowy Targ,30594 Podhalańska Kolej Regionalna
3,91501986,91501986,Nowy Targ,30594 Podhalańska Kolej Regionalna
3,91758458,91758458,Piwniczna,30601
3,91758455,91758455,Piwniczna,30601
3,91758456,91758456,Piwniczna,30601
3,91758459,91758459,Piwniczna,30601
3,91758460,91758460,Nowy Sącz,30605 Lach
3,91758461,91758461,Nowy Sącz,30605 Lach
3,91758462,91758462,Nowy Sącz,30605 Lach
3,91501987,91501987,Nowy Sącz,30605 K7 Lach
3,91758464,91758464,Kraków Główny,30606 Lach
3,91758466,91758466,Kraków Główny,30606 Lach
3,91758467,91758467,Kraków Główny,30606 Lach
3,91758468,91758468,Kraków Główny,30606 Lach
3,91501988,91501988,Kraków Główny,30606 K7 Lach
3,91758469,91758469,Kraków Główny,30608 Dolina Popradu
3,91758471,91758471,Kraków Główny,30608 Dolina Popradu
3,91758472,91758472,Kraków Główny,30608 Dolina Popradu
3,91501989,91501989,Kraków Główny,30608 K7 Dolina Popradu
3,91758473,91758473,Kraków Główny,30610
3,91758475,91758475,Kraków Główny,30610
3,91758476,91758476,Kraków Główny,30610
3,91758477,91758477,Kraków Główny,30610
3,91758479,91758479,Kraków Główny,30610
3,91758480,91758480,Kraków Główny,30610
3,91501990,91501990,Kraków Główny,30610 K7
3,91758481,91758481,Kraków Główny,30612
3,91758483,91758483,Kraków Główny,30612
3,91758484,91758484,Kraków Główny,30612
3,91758485,91758485,Piwniczna,30641
3,91758486,91758486,Piwniczna,30641
3,91501991,91501991,Muszyna,30643 K7
3,91758487,91758487,Krynica-Zdrój,30643
3,91758489,91758489,Krynica-Zdrój,30643
3,91501992,91501992,Piwniczna,30645 K7
3,91758491,91758491,Piwniczna,30645
3,91758492,91758492,Piwniczna,30645
3,91758493,91758493,Piwniczna,30647
3,91758494,91758494,Piwniczna,30647
3,91758495,91758495,Muszyna,30649
3,91758496,91758496,Muszyna,30649
3,91758497,91758497,Piwniczna,30651
3,91758498,91758498,Piwniczna,30651
3,91501993,91501993,Krynica-Zdrój,30653 K7
3,91758499,91758499,Krynica-Zdrój,30653
3,91758501,91758501,Krynica-Zdrój,30653
3,91758502,91758502,Piwniczna,30655
3,91758503,91758503,Piwniczna,30655
3,91758504,91758504,Muszyna,30657
3,91758506,91758506,Muszyna,30657
3,91758507,91758507,Piwniczna,30659
3,91758508,91758508,Piwniczna,30659
3,91758510,91758510,Piwniczna,30661
3,91758511,91758511,Piwniczna,30661
3,91758512,91758512,Nowy Sącz,30663 Słomka
3,91758513,91758513,Nowy Sącz,30663 Słomka
3,91758515,91758515,Nowy Sącz,30663 Słomka
3,91501994,91501994,Nowy Sącz,30663 K7
3,91501995,91501995,Piwniczna,30665 K7
3,91758516,91758516,Piwniczna,30665
3,91758517,91758517,Piwniczna,30665
3,91758519,91758519,Tarnów,30670
3,91758520,91758520,Tarnów,30670
3,91501996,91501996,Tarnów,30670 K7
3,91758521,91758521,Nowy Sącz,30672
3,91758522,91758522,Nowy Sącz,30672
3,91501997,91501997,Tarnów,30674 K7
3,91758524,91758524,Tarnów,30674
3,91758525,91758525,Tarnów,30674
3,91758526,91758526,Stróże,30676
3,91758527,91758527,Stróże,30676
3,91501998,91501998,Tarnów,30678 K7
3,91758529,91758529,Tarnów,30678
3,91758530,91758530,Tarnów,30678
3,91758531,91758531,Nowy Sącz,30680
3,91758532,91758532,Nowy Sącz,30680
3,91501999,91501999,Nowy Sącz,30680 K7
3,91758533,91758533,Stróże,30682
3,91758534,91758534,Stróże,30682
3,91502000,91502000,Tarnów,30684 K7
3,91758536,91758536,Kraków Główny,30684 Słomka
3,91758535,91758535,Kraków Główny,30684 Słomka
3,91758538,91758538,Kraków Główny,30684 Słomka
3,91758539,91758539,Kraków Główny,30684 Słomka
3,91758541,91758541,Bobowa,30686
3,91758542,91758542,Bobowa,30686
3,91758543,91758543,Nowy Sącz,30688
3,91758544,91758544,Nowy Sącz,30688
3,91758545,91758545,Stróże,30690
3,91758546,91758546,Stróże,30690
3,91758548,91758548,Trzebinia,30700 SKA3
3,91758547,91758547,Trzebinia,30700
3,91502001,91502001,Oświęcim,30740 SKA3
3,91758549,91758549,Krzeszowice,30740
3,91758550,91758550,Trzebinia,30742 SKA3
3,91502002,91502002,Trzebinia,30742 SKA3
3,91758551,91758551,Trzebinia,30742
3,91758552,91758552,Kraków Główny,30745
3,91758553,91758553,Kraków Główny,30745
3,91502003,91502003,Kraków Główny,30745 SKA3
3,91502004,91502004,Kraków Główny,30746 SKA3
3,91502005,91502005,Kraków Główny,30753 SKA3
3,91758554,91758554,Kraków Główny,30753
3,91758555,91758555,Kraków Główny,30753
3,91758556,91758556,Kraków Główny,30756 SKA3
3,91502006,91502006,Kraków Główny,30756 SKA3
3,91758557,91758557,Kraków Główny,30756
3,91758559,91758559,Kraków Główny,30764 SKA3
3,91502007,91502007,Kraków Główny,30764 SKA3
3,91758558,91758558,Kraków Główny,30764
3,91758560,91758560,Kraków Główny,30791
3,91758561,91758561,Kraków Główny,30791
3,91758562,91758562,Jasło,30801
3,91758563,91758563,Jasło,30801
3,91502008,91502008,Zagórz,30801
3,91758564,91758564,Jasło,30803
3,91758565,91758565,Jasło,30803
3,91502009,91502009,Jasło,30803
3,91758566,91758566,Jasło,30805
3,91758567,91758567,Jasło,30805
3,91758568,91758568,Jasło,30807
3,91758569,91758569,Jasło,30807
3,91502010,91502010,Jasło,30807
3,91758570,91758570,Gorlice,30808
3,91758571,91758571,Gorlice,30808
3,91758572,91758572,Jasło,30809
3,91758573,91758573,Jasło,30809
3,91758574,91758574,Jasło,30809
3,91502011,91502011,Jasło,30809
3,91758575,91758575,Jasło,30811
3,91758576,91758576,Jasło,30811 Bieszczadzki Żaczek
3,91758577,91758577,Jasło,30813
3,91758578,91758578,Jasło,30813
3,91502012,91502012,Jasło,30813
3,91758579,91758579,Jasło,30815
3,91758580,91758580,Jasło,30816
3,91758581,91758581,Jasło,30819
3,91758582,91758582,Rzeszów Główny,30820
3,91758583,91758583,Rzeszów Główny,30820
3,91758584,91758584,Rzeszów Główny,30822
3,91758585,91758585,Rzeszów Główny,30822
3,91758586,91758586,Rzeszów Główny,30822
3,91758587,91758587,Rzeszów Główny,30822
3,91502013,91502013,Rzeszów Główny,30822
3,91758588,91758588,Rzeszów Główny,30824
3,91758589,91758589,Rzeszów Główny,30824
3,91502014,91502014,Rzeszów Główny,30824
3,91758590,91758590,Rzeszów Główny,30826
3,91758591,91758591,Rzeszów Główny,30826
3,91502015,91502015,Rzeszów Główny,30826
3,91758592,91758592,Rzeszów Główny,30828
3,91758593,91758593,Rzeszów Główny,30828
3,91758594,91758594,Rzeszów Główny,30830
3,91758595,91758595,Rzeszów Główny,30830
3,91758596,91758596,Rzeszów Główny,30832
3,91758597,91758597,Rzeszów Główny,30832
3,91502016,91502016,Rzeszów Główny,30832
3,91758598,91758598,Strzyżów nad Wisłokiem,30834
3,91758599,91758599,Strzyżów nad Wisłokiem,30836
3,91758600,91758600,Krosno,30851
3,91758601,91758601,Krosno,30853
3,91758602,91758602,Krosno,30855
3,91758603,91758603,Krosno,30857
3,91758604,91758604,Krosno,30859
3,91758605,91758605,Krosno,30861
3,91758606,91758606,Krosno,30861
3,91758607,91758607,Krosno,30861
3,91758608,91758608,Krosno,30863
3,91758609,91758609,Jasło,30870
3,91758610,91758610,Jasło,30872
3,91758611,91758611,Jasło,30874
3,91758612,91758612,Jasło,30876
3,91758613,91758613,Jasło,30878
3,91758616,91758616,Jasło,30880
3,91758614,91758614,Jasło,30880
3,91758615,91758615,Jasło,30880
3,91758617,91758617,Jasło,30882
3,91502017,91502017,Rzeszów Główny,30892
3,91758618,91758618,Rzeszów Główny,30900 Podkarpacka Kolej Aglomeracyjna
3,91758619,91758619,Rzeszów Główny,30902 Podkarpacka Kolej Aglomeracyjna
3,91758620,91758620,Rzeszów Główny,30904 Podkarpacka Kolej Aglomeracyjna
3,91502018,91502018,Rzeszów Główny,30904 Podkarpacka Kolej Aglomeracyjna
3,91758621,91758621,Rzeszów Główny,30906 Podkarpacka Kolej Aglomeracyjna
3,91758622,91758622,Rzeszów Główny,30906 Podkarpacka Kolej Aglomeracyjna
3,91758623,91758623,Rzeszów Główny,30908 Podkarpacka Kolej Aglomeracyjna
3,91758624,91758624,Rzeszów Główny,30910 Podkarpacka Kolej Aglomeracyjna
3,91758625,91758625,Rzeszów Główny,30910 Podkarpacka Kolej Aglomeracyjna
3,91502019,91502019,Rzeszów Główny,30910 Podkarpacka Kolej Aglomeracyjna
3,91758626,91758626,Rzeszów Główny,30912 Podkarpacka Kolej Aglomeracyjna
3,91758627,91758627,Rzeszów Główny,30912 Podkarpacka Kolej Aglomeracyjna
3,91502020,91502020,Rzeszów Główny,30912 Podkarpacka Kolej Aglomeracyjna
3,91758628,91758628,Rzeszów Główny,30914 Podkarpacka Kolej Aglomeracyjna
3,91758629,91758629,Rzeszów Główny,30914 Podkarpacka Kolej Aglomeracyjna
3,91502021,91502021,Rzeszów Główny,30914 Podkarpacka Kolej Aglomeracyjna
3,91758630,91758630,Rzeszów Główny,30916 Podkarpacka Kolej Aglomeracyjna
3,91502022,91502022,Rzeszów Główny,30916 Podkarpacka Kolej Aglomeracyjna
3,91758631,91758631,Rzeszów Główny,30918 Podkarpacka Kolej Aglomeracyjna
3,91758632,91758632,Rzeszów Główny,30920 Podkarpacka Kolej Aglomeracyjna
3,91758633,91758633,Rzeszów Główny,30920 Podkarpacka Kolej Aglomeracyjna
3,91758634,91758634,Rzeszów Główny,30922 Podkarpacka Kolej Aglomeracyjna
3,91758635,91758635,Rzeszów Główny,30922 Podkarpacka Kolej Aglomeracyjna
3,91758636,91758636,Rzeszów Główny,30922 Podkarpacka Kolej Aglomeracyjna
3,91502023,91502023,Rzeszów Główny,30922 Podkarpacka Kolej Aglomeracyjna
3,91758637,91758637,Rzeszów Główny,30924 Podkarpacka Kolej Aglomeracyjna
3,91758638,91758638,Rzeszów Główny,30924 Podkarpacka Kolej Aglomeracyjna
3,91502024,91502024,Rzeszów Główny,30924 Podkarpacka Kolej Aglomeracyjna
3,91758639,91758639,Rzeszów Główny,30926 Podkarpacka Kolej Aglomeracyjna
3,91758640,91758640,Rzeszów Główny,30926 Podkarpacka Kolej Aglomeracyjna
3,91502025,91502025,Rzeszów Główny,30926 Podkarpacka Kolej Aglomeracyjna
3,91758641,91758641,Rzeszów Główny,30928 Podkarpacka Kolej Aglomeracyjna
3,91758642,91758642,Rzeszów Główny,30928 Podkarpacka Kolej Aglomeracyjna
3,91758643,91758643,Rzeszów Główny,30930 Podkarpacka Kolej Aglomeracyjna
3,91502026,91502026,Rzeszów Główny,30930 Podkarpacka Kolej Aglomeracyjna
3,91502027,91502027,Rzeszów Główny,30932 Podkarpacka Kolej Aglomeracyjna
3,91758644,91758644,Rzeszów Główny,30932 Podkarpacka Kolej Aglomeracyjna
3,91758645,91758645,Rzeszów Główny,30932 Podkarpacka Kolej Aglomeracyjna
3,91758646,91758646,Strzyżów nad Wisłokiem,30951 Podkarpacka Kolej Aglomeracyjna
3,91758647,91758647,Strzyżów nad Wisłokiem,30951 Podkarpacka Kolej Aglomeracyjna
3,91758648,91758648,Strzyżów nad Wisłokiem,30953 Podkarpacka Kolej Aglomeracyjna
3,91758649,91758649,Strzyżów nad Wisłokiem,30953 Podkarpacka Kolej Aglomeracyjna
3,91502028,91502028,Strzyżów nad Wisłokiem,30953 Podkarpacka Kolej Aglomeracyjna
3,91758650,91758650,Strzyżów nad Wisłokiem,30955 Podkarpacka Kolej Aglomeracyjna
3,91758651,91758651,Strzyżów nad Wisłokiem,30955 Podkarpacka Kolej Aglomeracyjna
3,91758652,91758652,Strzyżów nad Wisłokiem,30957 Podkarpacka Kolej Aglomeracyjna
3,91758653,91758653,Strzyżów nad Wisłokiem,30959 Podkarpacka Kolej Aglomeracyjna
3,91502029,91502029,Strzyżów nad Wisłokiem,30959 Podkarpacka Kolej Aglomeracyjna
3,91758654,91758654,Strzyżów nad Wisłokiem,30961 Podkarpacka Kolej Aglomeracyjna
3,91758655,91758655,Strzyżów nad Wisłokiem,30961 Podkarpacka Kolej Aglomeracyjna
3,91502030,91502030,Strzyżów nad Wisłokiem,30961 Podkarpacka Kolej Aglomeracyjna
3,91758656,91758656,Strzyżów nad Wisłokiem,30963 Podkarpacka Kolej Aglomeracyjna
3,91502031,91502031,Strzyżów nad Wisłokiem,30963 Podkarpacka Kolej Aglomeracyjna
3,91758657,91758657,Strzyżów nad Wisłokiem,30965 Podkarpacka Kolej Aglomeracyjna
3,91758658,91758658,Strzyżów nad Wisłokiem,30965 Podkarpacka Kolej Aglomeracyjna
3,91502032,91502032,Strzyżów nad Wisłokiem,30965 Podkarpacka Kolej Aglomeracyjna
3,91758659,91758659,Strzyżów nad Wisłokiem,30967 Podkarpacka Kolej Aglomeracyjna
3,91758660,91758660,Strzyżów nad Wisłokiem,30967 Podkarpacka Kolej Aglomeracyjna
3,91502033,91502033,Strzyżów nad Wisłokiem,30967 Podkarpacka Kolej Aglomeracyjna
3,91758661,91758661,Strzyżów nad Wisłokiem,30969 Podkarpacka Kolej Aglomeracyjna
3,91758662,91758662,Strzyżów nad Wisłokiem,30969 Podkarpacka Kolej Aglomeracyjna
3,91758663,91758663,Strzyżów nad Wisłokiem,30971 Podkarpacka Kolej Aglomeracyjna
3,91758664,91758664,Strzyżów nad Wisłokiem,30971 Podkarpacka Kolej Aglomeracyjna
3,91758665,91758665,Strzyżów nad Wisłokiem,30973 Podkarpacka Kolej Aglomeracyjna
3,91502034,91502034,Strzyżów nad Wisłokiem,30973 Podkarpacka Kolej Aglomeracyjna
3,91758666,91758666,Strzyżów nad Wisłokiem,30975 Podkarpacka Kolej Aglomeracyjna
3,91502035,91502035,Strzyżów nad Wisłokiem,30975 Podkarpacka Kolej Aglomeracyjna
3,91758667,91758667,Strzyżów nad Wisłokiem,30977 Podkarpacka Kolej Aglomeracyjna
3,91758668,91758668,Strzyżów nad Wisłokiem,30977 Podkarpacka Kolej Aglomeracyjna
3,91758669,91758669,Strzyżów nad Wisłokiem,30979 Podkarpacka Kolej Aglomeracyjna
3,91758670,91758670,Strzyżów nad Wisłokiem,30979 Podkarpacka Kolej Aglomeracyjna
3,91502036,91502036,Strzyżów nad Wisłokiem,30979 Podkarpacka Kolej Aglomeracyjna
3,91758671,91758671,Strzyżów nad Wisłokiem,30981 Podkarpacka Kolej Aglomeracyjna
3,91758672,91758672,Strzyżów nad Wisłokiem,30983 Podkarpacka Kolej Aglomeracyjna
3,91502037,91502037,Strzyżów nad Wisłokiem,30983 Podkarpacka Kolej Aglomeracyjna
3,91758675,91758675,Kielce Główne,32204
3,91758673,91758673,Kielce Główne,32204
3,91758674,91758674,Kielce Główne,32204
3,91502038,91502038,Kielce Główne,32204
3,91758676,91758676,Kielce Główne,32206
3,91758677,91758677,Kielce Główne,32206
3,91758678,91758678,Kielce Główne,32206
3,91502039,91502039,Kielce Główne,32206
3,91758679,91758679,Kielce Główne,32310
3,91758680,91758680,Ostrowiec Świętokrzyski,32310
3,91758681,91758681,Kielce Główne,32310
3,91502040,91502040,Ostrowiec Świętokrzyski,32310
3,91758682,91758682,Ostrowiec Świętokrzyski,32312
3,91758683,91758683,Ostrowiec Świętokrzyski,32312
3,91758684,91758684,Ostrowiec Świętokrzyski,32312
3,91502041,91502041,Ostrowiec Świętokrzyski,32312
3,91758685,91758685,Kielce Główne,32314
3,91758686,91758686,Ostrowiec Świętokrzyski,32314
3,91758687,91758687,Ostrowiec Świętokrzyski,32314
3,91502042,91502042,Ostrowiec Świętokrzyski,32314
3,91758688,91758688,Kielce Główne,32316
3,91758689,91758689,Kielce Główne,32316
3,91758690,91758690,Kielce Główne,32316
3,91502043,91502043,Kielce Główne,32316
3,91758691,91758691,Sędziszów,32318
3,91758692,91758692,Sędziszów,32318
3,91758693,91758693,Sędziszów,32318 SKA2
3,91502044,91502044,Sędziszów,32318 SKA2
3,91758697,91758697,Sędziszów,32320 SKA2
3,91758695,91758695,Sędziszów,32320
3,91758696,91758696,Sędziszów,32320
3,91758698,91758698,Sędziszów,32320
3,91758699,91758699,Sandomierz,32430
3,91758705,91758705,Stalowa Wola Południe,32432
3,91758706,91758706,Stalowa Wola Południe,32432
3,91758710,91758710,Stalowa Wola Południe,32434
3,91758714,91758714,Stalowa Wola Południe,32434
3,91758716,91758716,Stalowa Wola Rozwadów,32436
3,91758720,91758720,Stalowa Wola Południe,32438
3,91758721,91758721,Zamość Wschód,32440
3,91758722,91758722,Lublin Główny,32442
3,91758723,91758723,Stalowa Wola Rozwadów,32500
3,91502048,91502048,Stalowa Wola Rozwadów,32500
3,91758724,91758724,Stalowa Wola Rozwadów,32502
3,91758725,91758725,Stalowa Wola Rozwadów,32502
3,91502049,91502049,Stalowa Wola Rozwadów,32502
3,91758726,91758726,Stalowa Wola Rozwadów,32504
3,91758727,91758727,Stalowa Wola Rozwadów,32504
3,91758728,91758728,Stalowa Wola Rozwadów,32504
3,91502050,91502050,Stalowa Wola Rozwadów,32504
3,91758730,91758730,Stalowa Wola Rozwadów,32506
3,91758729,91758729,Stalowa Wola Rozwadów,32506
3,91502051,91502051,Stalowa Wola Rozwadów,32506
3,91758731,91758731,Stalowa Wola Rozwadów,32508
3,91758732,91758732,Stalowa Wola Rozwadów,32508
3,91758733,91758733,Stalowa Wola Rozwadów,32508
3,91758735,91758735,Stalowa Wola Rozwadów,32510
3,91758734,91758734,Stalowa Wola Rozwadów,32510
3,91758736,91758736,Stalowa Wola Rozwadów,32512
3,91758737,91758737,Stalowa Wola Rozwadów,32512
3,91502052,91502052,Stalowa Wola Rozwadów,32512
3,91758738,91758738,Stalowa Wola Rozwadów,32514
3,91758741,91758741,Lublin Główny,32600
3,91758744,91758744,Lublin Główny,32602
3,91758745,91758745,Sędziszów,32830 SKA2
3,91502055,91502055,Sędziszów,32830 SKA2
3,91758746,91758746,Sędziszów,32830
3,91758747,91758747,Sędziszów,32830
3,91758748,91758748,Sędziszów,32830
3,91758750,91758750,Wolbrom,33102
3,91758752,91758752,Wolbrom,33102
3,91502056,91502056,Wolbrom,33102 K33
3,91758754,91758754,Wolbrom,33108 Rabsztyn
3,91758755,91758755,Wolbrom,33108 Rabsztyn
3,91758756,91758756,Olkusz,33114
3,91758757,91758757,Olkusz,33114
3,91758758,91758758,Wolbrom,33116 Francesco Nullo
3,91758759,91758759,Wolbrom,33116 Francesco Nullo
3,91758760,91758760,Wolbrom,33118 Jadwiga
3,91758761,91758761,Wolbrom,33118 Jadwiga
3,91502057,91502057,Wolbrom,33120 K33 Jurajski
3,91758762,91758762,Wolbrom,33120 Jurajski
3,91758763,91758763,Wolbrom,33120 Jurajski
3,91758764,91758764,Wolbrom,33122 Gwarek Olkuski
3,91758765,91758765,Wolbrom,33122 Gwarek Olkuski
3,91502058,91502058,Wolbrom,33124 K33
3,91758766,91758766,Wolbrom,33124
3,91758767,91758767,Wolbrom,33124
3,91758768,91758768,Kraków Główny,33135
3,91758769,91758769,Kraków Główny,33135
3,91758770,91758770,Kraków Główny,33139 Gwarek Olkuski
3,91758771,91758771,Kraków Główny,33139 Gwarek Olkuski
3,91502059,91502059,Kraków Główny,33141 K33 Francesco Nullo
3,91758772,91758772,Kraków Główny,33141 Francesco Nullo
3,91758773,91758773,Kraków Główny,33141 Francesco Nullo
3,91758774,91758774,Kraków Główny,33143 Jadwiga
3,91758775,91758775,Kraków Główny,33143 Jadwiga
3,91758776,91758776,Kraków Główny,33145 Jurajski
3,91758777,91758777,Kraków Główny,33145 Jurajski
3,91502060,91502060,Kraków Główny,33145 K33 Jurajski
3,91758778,91758778,Kraków Główny,33147
3,91758779,91758779,Kraków Główny,33147
3,91758780,91758780,Kraków Główny,33149 Rabsztyn
3,91758781,91758781,Kraków Główny,33149 Rabsztyn
3,91502061,91502061,Kraków Główny,33149 K33 Rabsztyn
3,91502062,91502062,Krynica-Zdrój,33151 K7 Jaworzyna
3,91758782,91758782,Krynica-Zdrój,33151 Jaworzyna
3,91758784,91758784,Krynica-Zdrój,33151 Jaworzyna
3,91758785,91758785,Krynica-Zdrój,33151 Jaworzyna
3,91758786,91758786,Krynica-Zdrój,33153 Dolina Popradu
3,91758787,91758787,Krynica-Zdrój,33153 Dolina Popradu
3,91758789,91758789,Krynica-Zdrój,33153 Dolina Popradu
3,91502063,91502063,Krynica-Zdrój,33153 K7 Dolina Popradu
3,91502064,91502064,Krynica-Zdrój,33155 K7 Nikifor
3,91758790,91758790,Krynica-Zdrój,33155 Nikifor
3,91758791,91758791,Krynica-Zdrój,33155 Nikifor
3,91758792,91758792,Krynica-Zdrój,33155 Nikifor
3,91502065,91502065,Kraków Główny,33156 K7 Nikifor
3,91758796,91758796,Kraków Główny,33156 Nikifor
3,91758794,91758794,Kraków Główny,33156 Nikifor
3,91502066,91502066,Kraków Główny,33158 K7 Jaworzyna
3,91758797,91758797,Kraków Główny,33158 Jaworzyna
3,91758798,91758798,Kraków Główny,33158 Jaworzyna
3,91758800,91758800,Kraków Główny,33158 Jaworzyna
3_BUS,91758803,91758803,Miechów,33270 ZKA Dowozowe Na 32318
3,91758802,91758802,Rabka Zaryte,33270
3,91758801,91758801,Zakopane,33270
3_BUS,91758804,91758804,Kamieńczyce,33278 ZKA Odwozowe Od 32318
3_BUS,91758805,91758805,Zastów,33279 ZKA Na 23319
3_BUS,91502067,91502067,Baranówka,33281 ZKA Od Poc. 23314/5
3_BUS,91758806,91758806,Kraków Batowice,33283 ZKA Od 23317
3_BUS,91502068,91502068,Zastów,33283 ZKA Do Poc. 23314/5
3_BUS,91758807,91758807,Słomniki,33283 ZKA Dowozowy Na 23203
3_BUS,91758808,91758808,Smroków,33285 ZKA Odwozowy Od 23203
3_BUS,91758809,91758809,Baranówka,33285 ZKA Od 23315
3,91502069,91502069,Kraków Główny,33286 K63
3_BUS,91758812,91758812,Słomniki,33287 ZKA Dowozowy Na 23317
3_BUS,91758810,91758810,Baranówka,33287 ZKA Od 23319
3_BUS,91758811,91758811,Baranówka,33287 ZKA Od 23319
3,91758813,91758813,Nowy Targ,33288
3,91502070,91502070,Kraków Główny,33288 K63
3_BUS,91758814,91758814,Smroków,33289 ZKA Odwozowy Od 23317
3,91502071,91502071,Kraków Główny,33290 K63
3,91758815,91758815,Zakopane,33291 Rysy
3,91502072,91502072,Kraków Główny,33292 K63
3,91502073,91502073,Kraków Główny,33294 K63
3,91502074,91502074,Kraków Główny,33296 K63
3,91502075,91502075,Kraków Główny,33298 K63
3,91502076,91502076,Kraków Główny,33380 K63
3,91502077,91502077,Kraków Główny,33382 K63
3,91502078,91502078,Kraków Główny,33384 K63
3,91502079,91502079,Podłęże,33394 K63
3,91502080,91502080,Podłęże,33396 K63
3,91502081,91502081,Podłęże,33398 K63
3,91502082,91502082,Podłęże,33412 K63
3,91758816,91758816,Tarnów,33429
3,91758817,91758817,Tarnów,33429
3,91758818,91758818,Tarnów,33429 SKA3
3,91502083,91502083,Tarnów,33429 SKA3
3,91502084,91502084,Podłęże,33432 K63
3,91502085,91502085,Podłęże,33434 K63
3,91502086,91502086,Podłęże,33436 K63
3,91502087,91502087,Podłęże,33438 K63
3,91502088,91502088,Podłęże,33440 K63
3,91502089,91502089,Podłęże,33442 K63
3,91758819,91758819,Kolbuszowa,33500 Podkarpacka Kolej Aglomeracyjna
3,91758820,91758820,Kolbuszowa,33500 Podkarpacka Kolej Aglomeracyjna
3,91758821,91758821,Kolbuszowa,33502 Podkarpacka Kolej Aglomeracyjna
3,91758822,91758822,Kolbuszowa,33504 Podkarpacka Kolej Aglomeracyjna
3,91758823,91758823,Kolbuszowa,33504 Podkarpacka Kolej Aglomeracyjna
3,91502090,91502090,Kolbuszowa,33504 Podkarpacka Kolej Aglomeracyjna
3,91758824,91758824,Kolbuszowa,33506 Podkarpacka Kolej Aglomeracyjna
3,91758825,91758825,Kolbuszowa,33506 Podkarpacka Kolej Aglomeracyjna
3,91758826,91758826,Kolbuszowa,33506 Podkarpacka Kolej Aglomeracyjna
3,91758827,91758827,Kolbuszowa,33508 Podkarpacka Kolej Aglomeracyjna
3,91758828,91758828,Kolbuszowa,33508 Podkarpacka Kolej Aglomeracyjna
3,91502091,91502091,Kolbuszowa,33508 Podkarpacka Kolej Aglomeracyjna
3,91758829,91758829,Kolbuszowa,33510 Podkarpacka Kolej Aglomeracyjna
3,91758830,91758830,Kolbuszowa,33510 Podkarpacka Kolej Aglomeracyjna
3,91758831,91758831,Kolbuszowa,33512 Podkarpacka Kolej Aglomeracyjna
3,91758832,91758832,Kolbuszowa,33512 Podkarpacka Kolej Aglomeracyjna
3,91758833,91758833,Kolbuszowa,33512 Podkarpacka Kolej Aglomeracyjna
3,91502092,91502092,Kolbuszowa,33512 Podkarpacka Kolej Aglomeracyjna
3,91758834,91758834,Kolbuszowa,33514 Podkarpacka Kolej Aglomeracyjna
3,91758835,91758835,Kolbuszowa,33514 Podkarpacka Kolej Aglomeracyjna
3,91758836,91758836,Kolbuszowa,33516 Podkarpacka Kolej Aglomeracyjna
3,91758837,91758837,Kolbuszowa,33518 Podkarpacka Kolej Aglomeracyjna
3,91758838,91758838,Kolbuszowa,33518 Podkarpacka Kolej Aglomeracyjna
3,91758839,91758839,Kolbuszowa,33520 Podkarpacka Kolej Aglomeracyjna
3,91758840,91758840,Kolbuszowa,33520 Podkarpacka Kolej Aglomeracyjna
3,91758841,91758841,Kolbuszowa,33520 Podkarpacka Kolej Aglomeracyjna
3,91758842,91758842,Kolbuszowa,33522 Podkarpacka Kolej Aglomeracyjna
3,91758843,91758843,Kolbuszowa,33522 Podkarpacka Kolej Aglomeracyjna
3,91758844,91758844,Kolbuszowa,33524 Podkarpacka Kolej Aglomeracyjna
3,91758845,91758845,Kolbuszowa,33524 Podkarpacka Kolej Aglomeracyjna
3,91502093,91502093,Kolbuszowa,33524 Podkarpacka Kolej Aglomeracyjna
3,91758846,91758846,Kolbuszowa,33526 Podkarpacka Kolej Aglomeracyjna
3,91758847,91758847,Kolbuszowa,33526 Podkarpacka Kolej Aglomeracyjna
3,91758848,91758848,Kolbuszowa,33528 Podkarpacka Kolej Aglomeracyjna
3,91758849,91758849,Kolbuszowa,33530 Podkarpacka Kolej Aglomeracyjna
3,91502094,91502094,Kolbuszowa,33530 Podkarpacka Kolej Aglomeracyjna
3,91758850,91758850,Kolbuszowa,33532 Podkarpacka Kolej Aglomeracyjna
3,91758852,91758852,Rzeszów Główny,33541 Podkarpacka Kolej Aglomeracyjna
3,91758851,91758851,Rzeszów Główny,33541 Podkarpacka Kolej Aglomeracyjna
3,91758853,91758853,Rzeszów Główny,33543 Podkarpacka Kolej Aglomeracyjna
3,91758854,91758854,Rzeszów Główny,33543 Podkarpacka Kolej Aglomeracyjna
3,91758855,91758855,Rzeszów Główny,33545 Podkarpacka Kolej Aglomeracyjna
3,91758856,91758856,Rzeszów Główny,33545 Podkarpacka Kolej Aglomeracyjna
3,91502095,91502095,Rzeszów Główny,33547 Podkarpacka Kolej Aglomeracyjna
3,91758857,91758857,Rzeszów Główny,33547 Podkarpacka Kolej Aglomeracyjna
3,91758858,91758858,Rzeszów Główny,33547 Podkarpacka Kolej Aglomeracyjna
3,91758859,91758859,Rzeszów Główny,33549 Podkarpacka Kolej Aglomeracyjna
3,91758860,91758860,Rzeszów Główny,33549 Podkarpacka Kolej Aglomeracyjna
3,91502096,91502096,Rzeszów Główny,33549 Podkarpacka Kolej Aglomeracyjna
3,91758861,91758861,Rzeszów Główny,33551 Podkarpacka Kolej Aglomeracyjna
3,91758862,91758862,Rzeszów Główny,33551 Podkarpacka Kolej Aglomeracyjna
3,91758863,91758863,Rzeszów Główny,33551 Podkarpacka Kolej Aglomeracyjna
3,91758864,91758864,Rzeszów Główny,33553 Podkarpacka Kolej Aglomeracyjna
3,91758865,91758865,Rzeszów Główny,33553 Podkarpacka Kolej Aglomeracyjna
3,91758866,91758866,Rzeszów Główny,33555 Podkarpacka Kolej Aglomeracyjna
3,91758867,91758867,Rzeszów Główny,33555 Podkarpacka Kolej Aglomeracyjna
3,91502097,91502097,Rzeszów Główny,33555 Podkarpacka Kolej Aglomeracyjna
3,91758868,91758868,Rzeszów Główny,33557 Podkarpacka Kolej Aglomeracyjna
3,91758869,91758869,Rzeszów Główny,33557 Podkarpacka Kolej Aglomeracyjna
3,91758870,91758870,Rzeszów Główny,33559 Podkarpacka Kolej Aglomeracyjna
3,91758871,91758871,Rzeszów Główny,33559 Podkarpacka Kolej Aglomeracyjna
3,91758872,91758872,Rzeszów Główny,33561 Podkarpacka Kolej Aglomeracyjna
3,91758873,91758873,Rzeszów Główny,33561 Podkarpacka Kolej Aglomeracyjna
3,91758874,91758874,Rzeszów Główny,33561 Podkarpacka Kolej Aglomeracyjna
3,91758875,91758875,Rzeszów Główny,33563 Podkarpacka Kolej Aglomeracyjna
3,91758876,91758876,Rzeszów Główny,33563 Podkarpacka Kolej Aglomeracyjna
3,91758877,91758877,Rzeszów Główny,33565 Podkarpacka Kolej Aglomeracyjna
3,91758878,91758878,Rzeszów Główny,33565 Podkarpacka Kolej Aglomeracyjna
3,91758880,91758880,Rzeszów Główny,33567 Podkarpacka Kolej Aglomeracyjna
3,91758879,91758879,Rzeszów Główny,33567 Podkarpacka Kolej Aglomeracyjna
3,91502098,91502098,Rzeszów Główny,33567 Podkarpacka Kolej Aglomeracyjna
3,91758881,91758881,Rzeszów Główny,33569 Podkarpacka Kolej Aglomeracyjna
3,91758882,91758882,Rzeszów Główny,33569 Podkarpacka Kolej Aglomeracyjna
3,91758883,91758883,Rzeszów Główny,33571 Podkarpacka Kolej Aglomeracyjna
3,91758884,91758884,Rzeszów Główny,33571 Podkarpacka Kolej Aglomeracyjna
3,91758885,91758885,Rzeszów Główny,33573 Podkarpacka Kolej Aglomeracyjna
3,91758886,91758886,Rzeszów Główny,33573 Podkarpacka Kolej Aglomeracyjna
3,91502099,91502099,Rzeszów Główny,33573 Podkarpacka Kolej Aglomeracyjna
3,91758888,91758888,Horyniec-Zdrój,33701
3,91758887,91758887,Horyniec-Zdrój,33701
3,91758889,91758889,Lubaczów,33701
3,91758890,91758890,Lubaczów,33701
3,91758891,91758891,Lubaczów,33703
3,91758892,91758892,Horyniec-Zdrój,33705
3,91758893,91758893,Horyniec-Zdrój,33705
3,91758896,91758896,Horyniec-Zdrój,33707
3,91758894,91758894,Horyniec-Zdrój,33707
3,91758895,91758895,Horyniec-Zdrój,33707
3,91758897,91758897,Horyniec-Zdrój,33709
3,91758898,91758898,Horyniec-Zdrój,33709
3,91758899,91758899,Jarosław,33710
3,91758900,91758900,Jarosław,33710
3,91758901,91758901,Przeworsk,33712
3,91758902,91758902,Przeworsk,33712
3,91758903,91758903,Rzeszów Główny,33712
3,91758904,91758904,Rzeszów Główny,33712
3,91758905,91758905,Jarosław,33714
3,91758906,91758906,Rzeszów Główny,33716
3,91758907,91758907,Przeworsk,33718
3,91758908,91758908,Rzeszów Główny,33720 Podkarpacka Kolej Aglomeracyjna
3,91758909,91758909,Rzeszów Główny,33720 Podkarpacka Kolej Aglomeracyjna
3,91758910,91758910,Rzeszów Główny,33722 Podkarpacka Kolej Aglomeracyjna
3,91758911,91758911,Rzeszów Główny,33724 Podkarpacka Kolej Aglomeracyjna
3,91758912,91758912,Rzeszów Główny,33726 Podkarpacka Kolej Aglomeracyjna
3,91758913,91758913,Rzeszów Główny,33728 Podkarpacka Kolej Aglomeracyjna
3,91758914,91758914,Rzeszów Główny,33728 Podkarpacka Kolej Aglomeracyjna
3,91758915,91758915,Rzeszów Główny,33730 Podkarpacka Kolej Aglomeracyjna
3,91758916,91758916,Rzeszów Główny,33730 Podkarpacka Kolej Aglomeracyjna
3,91758917,91758917,Rzeszów Główny,33732 Podkarpacka Kolej Aglomeracyjna
3,91758918,91758918,Rzeszów Główny,33734 Podkarpacka Kolej Aglomeracyjna
3,91758919,91758919,Rzeszów Główny,33736 Podkarpacka Kolej Aglomeracyjna
3,91758920,91758920,Rzeszów Główny,33736 Podkarpacka Kolej Aglomeracyjna
3,91758921,91758921,Rzeszów Główny,33738 Podkarpacka Kolej Aglomeracyjna
3,91758922,91758922,Rzeszów Główny,33738 Podkarpacka Kolej Aglomeracyjna
3,91758923,91758923,Rzeszów Główny,33740 Podkarpacka Kolej Aglomeracyjna
3,91758924,91758924,Rzeszów Główny,33740 Podkarpacka Kolej Aglomeracyjna
3,91758925,91758925,Przeworsk,33751 Podkarpacka Kolej Aglomeracyjna
3,91758926,91758926,Przeworsk,33751 Podkarpacka Kolej Aglomeracyjna
3,91758927,91758927,Przeworsk,33753 Podkarpacka Kolej Aglomeracyjna
3,91758928,91758928,Przeworsk,33753 Podkarpacka Kolej Aglomeracyjna
3,91758929,91758929,Przeworsk,33755 Podkarpacka Kolej Aglomeracyjna
3,91758930,91758930,Przeworsk,33755 Podkarpacka Kolej Aglomeracyjna
3,91758931,91758931,Przeworsk,33757 Podkarpacka Kolej Aglomeracyjna
3,91758932,91758932,Przeworsk,33757 Podkarpacka Kolej Aglomeracyjna
3,91758933,91758933,Przeworsk,33759 Podkarpacka Kolej Aglomeracyjna
3,91758934,91758934,Przeworsk,33759 Podkarpacka Kolej Aglomeracyjna
3,91758935,91758935,Przeworsk,33761 Podkarpacka Kolej Aglomeracyjna
3,91758936,91758936,Przeworsk,33761 Podkarpacka Kolej Aglomeracyjna
3,91758937,91758937,Przeworsk,33763 Podkarpacka Kolej Aglomeracyjna
3,91758938,91758938,Przeworsk,33763 Podkarpacka Kolej Aglomeracyjna
3,91758939,91758939,Przeworsk,33765 Podkarpacka Kolej Aglomeracyjna
3,91758940,91758940,Przeworsk,33767 Podkarpacka Kolej Aglomeracyjna
3,91758942,91758942,Przeworsk,33769 Podkarpacka Kolej Aglomeracyjna
3,91758941,91758941,Przeworsk,33769 Podkarpacka Kolej Aglomeracyjna
3,91758943,91758943,Przeworsk,33771 Podkarpacka Kolej Aglomeracyjna
3,91758944,91758944,Przeworsk,33771 Podkarpacka Kolej Aglomeracyjna
3,91758945,91758945,Przeworsk,33771 Podkarpacka Kolej Aglomeracyjna
3,91758946,91758946,Bochnia,33902
3,91758947,91758947,Bochnia,33904
3,91758948,91758948,Bochnia,33908
3,91758949,91758949,Bochnia,33910
3,91758950,91758950,Bochnia,33914
3,91758951,91758951,Podłęże,33915
3,91758952,91758952,Podłęże,33915
3,91758953,91758953,Bochnia,33916
3,91758954,91758954,Bochnia,33920
3,91758957,91758957,Bochnia,33922
3,91758958,91758958,Kraków Główny,33930
3,91758959,91758959,Kraków Główny,33932
3,91758960,91758960,Kraków Główny,33934
3,91758961,91758961,Kraków Główny,33938
3,91758962,91758962,Kraków Główny,33942
3,91758963,91758963,Kraków Główny,33944
3,91758966,91758966,Kraków Główny,33948
3,91758967,91758967,Kraków Główny,33950
3,91758968,91758968,Katowice,34050
3,91758969,91758969,Katowice,34050
3,91502100,91502100,Katowice,34052 K3
3,91758970,91758970,Katowice,34054
3,91758971,91758971,Katowice,34054 Nikifor
3,91502101,91502101,Katowice,34056 K3 Sapieha
3,91758972,91758972,Katowice,34058 Sapieha
3,91758973,91758973,Katowice,34058 Sapieha
3,91502102,91502102,Katowice,34058 K3
3,91758974,91758974,Katowice,34060
3,91758975,91758975,Katowice,34060
3,91502103,91502103,Katowice,34062 K3
3,91758976,91758976,Katowice,34062
3,91758977,91758977,Katowice,34062
3,91502104,91502104,Katowice,34064 K3
3,91758978,91758978,Bielsko-Biała Główna,34143 Groń
3,91758979,91758979,Bielsko-Biała Główna,34143 Groń
3,91758980,91758980,Bielsko-Biała Główna,34145 Szyndzielnia
3,91758981,91758981,Bielsko-Biała Główna,34145 Szyndzielnia
3,91758982,91758982,Bielsko-Biała Główna,34147 SKAwa
3,91758983,91758983,Bielsko-Biała Główna,34147 SKAwa
3,91502105,91502105,Czechowice-Dziedzice,34200 K32
3,91758984,91758984,Czechowice-Dziedzice,34200
3,91758985,91758985,Czechowice-Dziedzice,34200
3,91502106,91502106,Czechowice-Dziedzice,34202 K32
3,91758986,91758986,Czechowice-Dziedzice,34202
3,91758987,91758987,Czechowice-Dziedzice,34202
3,91758988,91758988,Czechowice-Dziedzice,34202
3,91758989,91758989,Czechowice-Dziedzice,34204
3,91758990,91758990,Czechowice-Dziedzice,34204
3,91502107,91502107,Czechowice-Dziedzice,34204 K32
3,91758993,91758993,Czechowice-Dziedzice,34206 Baurski
3,91758991,91758991,Czechowice-Dziedzice,34206 Baurski
3,91758992,91758992,Czechowice-Dziedzice,34206 Baurski
3,91758994,91758994,Czechowice-Dziedzice,34206 Baurski
3,91502108,91502108,Czechowice-Dziedzice,34206 K32
3,91758995,91758995,Czechowice-Dziedzice,34208
3,91758996,91758996,Czechowice-Dziedzice,34208
3,91758997,91758997,Czechowice-Dziedzice,34208
3,91758999,91758999,Czechowice-Dziedzice,34210
3,91758998,91758998,Czechowice-Dziedzice,34210
3,91759012,91759012,Katowice,34300
3,91759013,91759013,Katowice,34300
3,91759014,91759014,Katowice,34300
3,91502111,91502111,Katowice,34300 K3
3,91759016,91759016,Katowice,34302
3,91759015,91759015,Katowice,34302
3,91759017,91759017,Katowice,34304
3,91759018,91759018,Katowice,34304
3,91502112,91502112,Katowice,34304 K3
3,91759019,91759019,Katowice,34306
3,91759020,91759020,Katowice,34306
3,91502113,91502113,Katowice,34308 K3
3,91759021,91759021,Katowice,34308 Karolinka
3,91759022,91759022,Katowice,34308 Karolinka
3,91759023,91759023,Katowice,34308 Karolinka
3,91759024,91759024,Katowice,34308 Karolinka
3,91759025,91759025,Katowice,34310
3,91759026,91759026,Katowice,34310
3,91502114,91502114,Katowice,34312 K3
3,91759028,91759028,Katowice,34314
3,91759027,91759027,Katowice,34314
3,91502115,91502115,Katowice,34316 K3
3,91759029,91759029,Katowice,34316
3,91759030,91759030,Katowice,34316
3,91759031,91759031,Katowice,34316
3,91759032,91759032,Katowice,34318
3,91759033,91759033,Katowice,34318
3,91502116,91502116,Katowice,34320 K3
3,91502117,91502117,Katowice,34324 K3
3,91502118,91502118,Katowice,34328 K3
3,91502119,91502119,Czechowice-Dziedzice,34527 K32
3,91759034,91759034,Czechowice-Dziedzice,34527
3,91759035,91759035,Czechowice-Dziedzice,34527
3,91759036,91759036,Czechowice-Dziedzice,34529
3,91759037,91759037,Czechowice-Dziedzice,34529
3,91502120,91502120,Czechowice-Dziedzice,34530 K32
3,91759038,91759038,Czechowice-Dziedzice,34531
3,91759039,91759039,Czechowice-Dziedzice,34531
3,91502121,91502121,Bielsko-Biała Główna,34601 K52
3,91759040,91759040,Bielsko-Biała Główna,34601
3,91759041,91759041,Bielsko-Biała Główna,34601
3,91759042,91759042,Bielsko-Biała Główna,34603 Leskowiec
3,91759043,91759043,Bielsko-Biała Główna,34603 Leskowiec
3,91502122,91502122,Bielsko-Biała Główna,34603 K52 Leskowiec
3,91759044,91759044,Bielsko-Biała Główna,34605 Beskidek
3,91759045,91759045,Bielsko-Biała Główna,34605 Beskidek
3,91502123,91502123,Bielsko-Biała Główna,34605 K52 Beskidek
3,91502124,91502124,Bielsko-Biała Główna,34607 K52
3,91759046,91759046,Bielsko-Biała Główna,34607
3,91759047,91759047,Bielsko-Biała Główna,34607
3,91502125,91502125,Bielsko-Biała Główna,34609 K52 Bolek i Lolek
3,91759048,91759048,Bielsko-Biała Główna,34609 Bolek i Lolek
3,91759049,91759049,Bielsko-Biała Główna,34609 Bolek i Lolek
3,91759050,91759050,Bielsko-Biała Główna,34611 Stojałowski
3,91759051,91759051,Bielsko-Biała Główna,34611 Stojałowski
3,91502126,91502126,Bielsko-Biała Główna,34611 K52 Stanisław Stojałowski
3,91502127,91502127,Bielsko-Biała Główna,34613 K52 Biała
3,91759052,91759052,Bielsko-Biała Główna,34613 Biała
3,91759053,91759053,Bielsko-Biała Główna,34613 Biała
3,91759054,91759054,Bielsko-Biała Główna,34615
3,91759055,91759055,Bielsko-Biała Główna,34615
3,91502128,91502128,Bielsko-Biała Główna,34615 K52
3,91502129,91502129,Bielsko-Biała Główna,34617 K52 Wanda
3,91759056,91759056,Bielsko-Biała Główna,34617 Wanda
3,91759057,91759057,Bielsko-Biała Główna,34617 Wanda
3,91759058,91759058,Bielsko-Biała Główna,34619
3,91759059,91759059,Bielsko-Biała Główna,34619
3,91502130,91502130,Bielsko-Biała Główna,34619 K52
3_BUS,91759062,91759062,Żywiec,34701
3_BUS,91759060,91759060,Żywiec,34701
3_BUS,91759061,91759061,Żywiec,34701
3_BUS,91759063,91759063,Żywiec,34701
3_BUS,91759064,91759064,Żywiec,34701
3_BUS,91759065,91759065,Żywiec,34703
3_BUS,91759066,91759066,Żywiec,34703
3_BUS,91759067,91759067,Żywiec,34703
3_BUS,91759068,91759068,Żywiec,34703
3_BUS,91759069,91759069,Żywiec,34703
3,91502131,91502131,Czechowice-Dziedzice,34800 K32 Janusz Baurski
3,91502132,91502132,Katowice,34802 K3 Karolinka
3,91759070,91759070,Jasionka Lotnisko,39200 Podkarpacka Kolej Aglomeracyjna
3,91502133,91502133,Jasionka Lotnisko,39200 Podkarpacka Kolej Aglomeracyjna
3,91759071,91759071,Jasionka Lotnisko,39202 Podkarpacka Kolej Aglomeracyjna
3,91502134,91502134,Jasionka Lotnisko,39202 Podkarpacka Kolej Aglomeracyjna
3,91759072,91759072,Jasionka Lotnisko,39204 Podkarpacka Kolej Aglomeracyjna
3,91759073,91759073,Jasionka Lotnisko,39204 Podkarpacka Kolej Aglomeracyjna
3,91502135,91502135,Jasionka Lotnisko,39204 Podkarpacka Kolej Aglomeracyjna
3,91759074,91759074,Jasionka Lotnisko,39206 Podkarpacka Kolej Aglomeracyjna
3,91759075,91759075,Jasionka Lotnisko,39206 Podkarpacka Kolej Aglomeracyjna
3,91502136,91502136,Jasionka Lotnisko,39206 Podkarpacka Kolej Aglomeracyjna
3,91759076,91759076,Jasionka Lotnisko,39208 Podkarpacka Kolej Aglomeracyjna
3,91759077,91759077,Jasionka Lotnisko,39208 Podkarpacka Kolej Aglomeracyjna
3,91502137,91502137,Jasionka Lotnisko,39208 Podkarpacka Kolej Aglomeracyjna
3,91759078,91759078,Jasionka Lotnisko,39210 Podkarpacka Kolej Aglomeracyjna
3,91759079,91759079,Jasionka Lotnisko,39210 Podkarpacka Kolej Aglomeracyjna
3,91502138,91502138,Jasionka Lotnisko,39210 Podkarpacka Kolej Aglomeracyjna
3,91759080,91759080,Jasionka Lotnisko,39212 Podkarpacka Kolej Aglomeracyjna
3,91759081,91759081,Jasionka Lotnisko,39212 Podkarpacka Kolej Aglomeracyjna
3,91502139,91502139,Jasionka Lotnisko,39212 Podkarpacka Kolej Aglomeracyjna
3,91759082,91759082,Jasionka Lotnisko,39214 Podkarpacka Kolej Aglomeracyjna
3,91502140,91502140,Jasionka Lotnisko,39214 Podkarpacka Kolej Aglomeracyjna
3,91759083,91759083,Jasionka Lotnisko,39216 Podkarpacka Kolej Aglomeracyjna
3,91502141,91502141,Jasionka Lotnisko,39216 Podkarpacka Kolej Aglomeracyjna
3,91759084,91759084,Jasionka Lotnisko,39218 Podkarpacka Kolej Aglomeracyjna
3,91759085,91759085,Jasionka Lotnisko,39218 Podkarpacka Kolej Aglomeracyjna
3,91502142,91502142,Jasionka Lotnisko,39218 Podkarpacka Kolej Aglomeracyjna
3,91759086,91759086,Jasionka Lotnisko,39220 Podkarpacka Kolej Aglomeracyjna
3,91759087,91759087,Jasionka Lotnisko,39220 Podkarpacka Kolej Aglomeracyjna
3,91502143,91502143,Jasionka Lotnisko,39220 Podkarpacka Kolej Aglomeracyjna
3,91759088,91759088,Jasionka Lotnisko,39222 Podkarpacka Kolej Aglomeracyjna
3,91502144,91502144,Jasionka Lotnisko,39222 Podkarpacka Kolej Aglomeracyjna
3,91759089,91759089,Jasionka Lotnisko,39224 Podkarpacka Kolej Aglomeracyjna
3,91759090,91759090,Jasionka Lotnisko,39224 Podkarpacka Kolej Aglomeracyjna
3,91502145,91502145,Jasionka Lotnisko,39224 Podkarpacka Kolej Aglomeracyjna
3,91759092,91759092,Padew,39250
3,91759094,91759094,Padew,39254
3,91759095,91759095,Mielec,39256
3,91759096,91759096,Mielec,39256
3,91502146,91502146,Mielec,39256
3,91759097,91759097,Padew,39258
3,91759099,91759099,Padew,39258
3,91759100,91759100,Mielec,39260
3,91759101,91759101,Mielec,39262
3,91759102,91759102,Mielec,39262
3,91759106,91759106,Mielec,39264
3,91759103,91759103,Padew,39264
3,91759104,91759104,Padew,39264
3,91759105,91759105,Padew,39264
3,91759107,91759107,Padew,39264
3,91759108,91759108,Padew,39264
3,91759109,91759109,Mielec,39264
3,91502147,91502147,Mielec,39264
3,91759111,91759111,Mielec,39266
3,91759112,91759112,Padew,39266
3,91759114,91759114,Dębica,39273
3,91759115,91759115,Dębica,39275
3,91759117,91759117,Dębica,39277
3,91759118,91759118,Dębica,39277
3,91759119,91759119,Dębica,39279
3,91759120,91759120,Dębica,39279
3,91759121,91759121,Dębica,39279
3,91502148,91502148,Dębica,39279
3,91759123,91759123,Dębica,39281
3,91759124,91759124,Dębica,39283
3,91759125,91759125,Dębica,39285
3,91759126,91759126,Dębica,39287
3,91759127,91759127,Dębica,39287
3,91759128,91759128,Dębica,39287
3,91759129,91759129,Dębica,39287
3,91759130,91759130,Dębica,39287
3,91759131,91759131,Dębica,39287
3,91759132,91759132,Dębica,39287
3,91759133,91759133,Dębica,39287
3,91502149,91502149,Dębica,39287
3,91759135,91759135,Dębica,39289
3,91759136,91759136,Dębica,39289
3,91502150,91502150,Kraków Główny,39300 K3
3,91502151,91502151,Rzeszów Główny,39310 K3
3,91759140,91759140,Przemyśl Główny,39401
3,91759137,91759137,Przemyśl Główny,39401
3,91759138,91759138,Przemyśl Główny,39401
3,91759139,91759139,Przemyśl Główny,39401
3,91759141,91759141,Rzeszów Główny,39401
3,91759142,91759142,Rzeszów Główny,39401
3,91502152,91502152,Przemyśl Główny,39401
3,91759143,91759143,Rzeszów Główny,39403
3,91759144,91759144,Rzeszów Główny,39403
3,91502153,91502153,Rzeszów Główny,39403
3,91759145,91759145,Rzeszów Główny,39405
3,91759146,91759146,Rzeszów Główny,39407
3,91759147,91759147,Rzeszów Główny,39407
3,91759148,91759148,Rzeszów Główny,39407
3,91502154,91502154,Rzeszów Główny,39407
3,91759149,91759149,Rzeszów Główny,39409
3,91759150,91759150,Rzeszów Główny,39409
3,91502155,91502155,Rzeszów Główny,39409
3,91759151,91759151,Dębica,39411
3,91759152,91759152,Dębica,39411
3,91502156,91502156,Rzeszów Główny,39411
3,91759153,91759153,Dębica,39413
3,91759154,91759154,Dębica,39413
3,91502157,91502157,Rzeszów Główny,39413
3,91759155,91759155,Rzeszów Główny,39415
3,91759156,91759156,Rzeszów Główny,39415
3,91759157,91759157,Rzeszów Główny,39417
3,91759158,91759158,Rzeszów Główny,39417
3,91502158,91502158,Rzeszów Główny,39417
3,91759159,91759159,Rzeszów Główny,39419
3,91759160,91759160,Rzeszów Główny,39419
3,91759161,91759161,Dębica,39421
3,91759162,91759162,Dębica,39421
3,91759163,91759163,Rzeszów Główny,39423
3,91759164,91759164,Rzeszów Główny,39425
3,91759165,91759165,Rzeszów Główny,39425
3,91759166,91759166,Rzeszów Główny,39427
3,91759167,91759167,Rzeszów Główny,39427
3,91759168,91759168,Tarnów,39430
3,91502159,91502159,Tarnów,39430
3,91759169,91759169,Tarnów,39432
3,91759170,91759170,Tarnów,39432
3,91759171,91759171,Tarnów,39432
3,91759172,91759172,Tarnów,39432
3,91502160,91502160,Tarnów,39432
3,91759173,91759173,Tarnów,39434
3,91759174,91759174,Tarnów,39434
3,91502161,91502161,Tarnów,39434
3,91759175,91759175,Tarnów,39436
3,91759176,91759176,Tarnów,39436
3,91502162,91502162,Tarnów,39436
3,91759177,91759177,Tarnów,39438
3,91759178,91759178,Tarnów,39438
3,91502163,91502163,Tarnów,39438
3,91759179,91759179,Tarnów,39440
3,91502164,91502164,Tarnów,39440
3,91759180,91759180,Tarnów,39442
3,91759181,91759181,Tarnów,39442
3,91502165,91502165,Tarnów,39442
3,91759182,91759182,Tarnów,39444
3,91759183,91759183,Tarnów,39446
3,91759184,91759184,Tarnów,39446
3,91759185,91759185,Tarnów,39446
3,91759186,91759186,Tarnów,39446
3,91502166,91502166,Tarnów,39446
3,91759187,91759187,Tarnów,39448
3,91759188,91759188,Tarnów,39448
3,91759189,91759189,Tarnów,39450
3,91759190,91759190,Tarnów,39450
3,91759191,91759191,Tarnów,39452
3,91759192,91759192,Tarnów,39454
3,91759193,91759193,Tarnów,39456
3,91759194,91759194,Tarnów,39456
3,91759195,91759195,Mielec,39600
3,91759196,91759196,Mielec,39600
3,91759197,91759197,Mielec,39602
3,91759198,91759198,Mielec,39602
3,91759199,91759199,Mielec,39602
3,91759201,91759201,Rzeszów Główny,39611
3,91759202,91759202,Rzeszów Główny,39611
3,91759203,91759203,Rzeszów Główny,39613
3,91759204,91759204,Rzeszów Główny,39613
3,91759205,91759205,Rzeszów Główny,39628 Podkarpacka Kolej Aglomeracyjna
3,91502167,91502167,Rzeszów Główny,39628 Podkarpacka Kolej Aglomeracyjna
3,91759206,91759206,Rzeszów Główny,39630 Podkarpacka Kolej Aglomeracyjna
3,91502168,91502168,Rzeszów Główny,39630 Podkarpacka Kolej Aglomeracyjna
3,91759207,91759207,Rzeszów Główny,39632 Podkarpacka Kolej Aglomeracyjna
3,91759208,91759208,Rzeszów Główny,39632 Podkarpacka Kolej Aglomeracyjna
3,91759209,91759209,Rzeszów Główny,39632 Podkarpacka Kolej Aglomeracyjna
3,91502169,91502169,Rzeszów Główny,39632 Podkarpacka Kolej Aglomeracyjna
3,91759210,91759210,Rzeszów Główny,39634 Podkarpacka Kolej Aglomeracyjna
3,91759211,91759211,Rzeszów Główny,39634 Podkarpacka Kolej Aglomeracyjna
3,91502170,91502170,Rzeszów Główny,39634 Podkarpacka Kolej Aglomeracyjna
3,91759212,91759212,Rzeszów Główny,39636 Podkarpacka Kolej Aglomeracyjna
3,91502171,91502171,Rzeszów Główny,39636 Podkarpacka Kolej Aglomeracyjna
3,91759213,91759213,Rzeszów Główny,39638 Podkarpacka Kolej Aglomeracyjna
3,91759214,91759214,Rzeszów Główny,39638 Podkarpacka Kolej Aglomeracyjna
3,91502172,91502172,Rzeszów Główny,39638 Podkarpacka Kolej Aglomeracyjna
3,91759215,91759215,Rzeszów Główny,39640 Podkarpacka Kolej Aglomeracyjna
3,91502173,91502173,Rzeszów Główny,39640 Podkarpacka Kolej Aglomeracyjna
3,91759216,91759216,Rzeszów Główny,39642 Podkarpacka Kolej Aglomeracyjna
3,91759217,91759217,Rzeszów Główny,39642 Podkarpacka Kolej Aglomeracyjna
3,91502174,91502174,Rzeszów Główny,39642 Podkarpacka Kolej Aglomeracyjna
3,91759218,91759218,Rzeszów Główny,39644 Podkarpacka Kolej Aglomeracyjna
3,91759219,91759219,Rzeszów Główny,39644 Podkarpacka Kolej Aglomeracyjna
3,91502175,91502175,Rzeszów Główny,39644 Podkarpacka Kolej Aglomeracyjna
3,91759220,91759220,Rzeszów Główny,39646 Podkarpacka Kolej Aglomeracyjna
3,91759221,91759221,Rzeszów Główny,39646 Podkarpacka Kolej Aglomeracyjna
3,91502176,91502176,Rzeszów Główny,39646 Podkarpacka Kolej Aglomeracyjna
3,91759222,91759222,Rzeszów Główny,39648 Podkarpacka Kolej Aglomeracyjna
3,91502177,91502177,Rzeszów Główny,39648 Podkarpacka Kolej Aglomeracyjna
3,91759223,91759223,Rzeszów Główny,39650 Podkarpacka Kolej Aglomeracyjna
3,91502178,91502178,Rzeszów Główny,39650 Podkarpacka Kolej Aglomeracyjna
3,91759224,91759224,Rzeszów Główny,39652 Podkarpacka Kolej Aglomeracyjna
3,91502179,91502179,Rzeszów Główny,39652 Podkarpacka Kolej Aglomeracyjna
3,91759225,91759225,Dębica,39800 Podkarpacka Kolej Aglomeracyjna
3,91502180,91502180,Dębica,39800 Podkarpacka Kolej Aglomeracyjna
3,91759226,91759226,Dębica,39802 Podkarpacka Kolej Aglomeracyjna
3,91759227,91759227,Dębica,39802 Podkarpacka Kolej Aglomeracyjna
3,91502181,91502181,Dębica,39802 Podkarpacka Kolej Aglomeracyjna
3,91759228,91759228,Dębica,39804 Podkarpacka Kolej Aglomeracyjna
3,91502182,91502182,Dębica,39804 Podkarpacka Kolej Aglomeracyjna
3,91759229,91759229,Dębica,39806 Podkarpacka Kolej Aglomeracyjna
3,91759230,91759230,Dębica,39808 Podkarpacka Kolej Aglomeracyjna
3,91759231,91759231,Dębica,39808 Podkarpacka Kolej Aglomeracyjna
3,91502183,91502183,Dębica,39808 Podkarpacka Kolej Aglomeracyjna
3,91759232,91759232,Dębica,39810 Podkarpacka Kolej Aglomeracyjna
3,91759233,91759233,Dębica,39810 Podkarpacka Kolej Aglomeracyjna
3,91759234,91759234,Dębica,39812 Podkarpacka Kolej Aglomeracyjna
3,91759235,91759235,Dębica,39812 Podkarpacka Kolej Aglomeracyjna
3,91759236,91759236,Dębica,39814 Podkarpacka Kolej Aglomeracyjna
3,91759237,91759237,Dębica,39814 Podkarpacka Kolej Aglomeracyjna
3,91502184,91502184,Dębica,39814 Podkarpacka Kolej Aglomeracyjna
3,91759238,91759238,Dębica,39816 Podkarpacka Kolej Aglomeracyjna
3,91502185,91502185,Dębica,39816 Podkarpacka Kolej Aglomeracyjna
3,91759239,91759239,Dębica,39818 Podkarpacka Kolej Aglomeracyjna
3,91759240,91759240,Dębica,39818 Podkarpacka Kolej Aglomeracyjna
3,91759241,91759241,Dębica,39820 Podkarpacka Kolej Aglomeracyjna
3,91759242,91759242,Dębica,39820 Podkarpacka Kolej Aglomeracyjna
3,91502186,91502186,Dębica,39820 Podkarpacka Kolej Aglomeracyjna
3,91759243,91759243,Dębica,39822 Podkarpacka Kolej Aglomeracyjna
3,91759244,91759244,Dębica,39822 Podkarpacka Kolej Aglomeracyjna
3,91502187,91502187,Dębica,39822 Podkarpacka Kolej Aglomeracyjna
3,91759245,91759245,Dębica,39824 Podkarpacka Kolej Aglomeracyjna
3,91759246,91759246,Rzeszów Główny,39841 Podkarpacka Kolej Aglomeracyjna
3,91759247,91759247,Rzeszów Główny,39841 Podkarpacka Kolej Aglomeracyjna
3,91502188,91502188,Rzeszów Główny,39841 Podkarpacka Kolej Aglomeracyjna
3,91759248,91759248,Rzeszów Główny,39843 Podkarpacka Kolej Aglomeracyjna
3,91759249,91759249,Rzeszów Główny,39843 Podkarpacka Kolej Aglomeracyjna
3,91759250,91759250,Rzeszów Główny,39845 Podkarpacka Kolej Aglomeracyjna
3,91502189,91502189,Rzeszów Główny,39845 Podkarpacka Kolej Aglomeracyjna
3,91759251,91759251,Rzeszów Główny,39847 Podkarpacka Kolej Aglomeracyjna
3,91759252,91759252,Rzeszów Główny,39847 Podkarpacka Kolej Aglomeracyjna
3,91502190,91502190,Rzeszów Główny,39847 Podkarpacka Kolej Aglomeracyjna
3,91759253,91759253,Rzeszów Główny,39849 Podkarpacka Kolej Aglomeracyjna
3,91759254,91759254,Rzeszów Główny,39849 Podkarpacka Kolej Aglomeracyjna
3,91502191,91502191,Rzeszów Główny,39849 Podkarpacka Kolej Aglomeracyjna
3,91759255,91759255,Rzeszów Główny,39851 Podkarpacka Kolej Aglomeracyjna
3,91759256,91759256,Rzeszów Główny,39851 Podkarpacka Kolej Aglomeracyjna
3,91759257,91759257,Rzeszów Główny,39853 Podkarpacka Kolej Aglomeracyjna
3,91502192,91502192,Rzeszów Główny,39853 Podkarpacka Kolej Aglomeracyjna
3,91759258,91759258,Rzeszów Główny,39855 Podkarpacka Kolej Aglomeracyjna
3,91759259,91759259,Rzeszów Główny,39855 Podkarpacka Kolej Aglomeracyjna
3,91759260,91759260,Rzeszów Główny,39857 Podkarpacka Kolej Aglomeracyjna
3,91759261,91759261,Rzeszów Główny,39857 Podkarpacka Kolej Aglomeracyjna
3,91759262,91759262,Rzeszów Główny,39859 Podkarpacka Kolej Aglomeracyjna
3,91759263,91759263,Rzeszów Główny,39859 Podkarpacka Kolej Aglomeracyjna
3,91502193,91502193,Rzeszów Główny,39859 Podkarpacka Kolej Aglomeracyjna
3,91759264,91759264,Rzeszów Główny,39861 Podkarpacka Kolej Aglomeracyjna
3,91759265,91759265,Rzeszów Główny,39861 Podkarpacka Kolej Aglomeracyjna
3,91759266,91759266,Rzeszów Główny,39863 Podkarpacka Kolej Aglomeracyjna
3,91759267,91759267,Rzeszów Główny,39863 Podkarpacka Kolej Aglomeracyjna
3,91502194,91502194,Rzeszów Główny,39863 Podkarpacka Kolej Aglomeracyjna
3,91759268,91759268,Rzeszów Główny,39865 Podkarpacka Kolej Aglomeracyjna
3,91759269,91759269,Rzeszów Główny,39865 Podkarpacka Kolej Aglomeracyjna
3,91502195,91502195,Rzeszów Główny,39865 Podkarpacka Kolej Aglomeracyjna
3,91502196,91502196,Radomsko,41200
3,91759270,91759270,Łódź Kaliska,41202
3,91759271,91759271,Łódź Kaliska,41202
3,91502197,91502197,Radomsko,41206
3,91759272,91759272,Łódź Fabryczna,41208
3,91759273,91759273,Łódź Fabryczna,41208
3,91759274,91759274,Łódź Fabryczna,41208
3,91759275,91759275,Łódź Fabryczna,41208
3,91759276,91759276,Łódź Fabryczna,41208
3,91502198,91502198,Radomsko,41208
3,91502199,91502199,Radomsko,41210
3,91759277,91759277,Łódź Fabryczna,41212
3,91759278,91759278,Łódź Fabryczna,41212
3,91759279,91759279,Łódź Fabryczna,41212
3,91759280,91759280,Łódź Fabryczna,41212
3,91502200,91502200,Łódź Fabryczna,41212
3,91502201,91502201,Radomsko,41214
3,91502202,91502202,Radomsko,41216
3,91759281,91759281,Łódź Fabryczna,41218
3,91759282,91759282,Łódź Fabryczna,41218
3,91759283,91759283,Łódź Fabryczna,41218
3,91759284,91759284,Łódź Fabryczna,41218
3,91502203,91502203,Łódź Fabryczna,41218
3,91759285,91759285,Łódź Fabryczna,41220
3,91759286,91759286,Łódź Fabryczna,41220
3,91759287,91759287,Łódź Fabryczna,41220
3,91759288,91759288,Łódź Fabryczna,41220
3,91759289,91759289,Łódź Fabryczna,41220
3,91502204,91502204,Łódź Fabryczna,41220
3,91502205,91502205,Radomsko,41222
3,91759290,91759290,Łódź Kaliska,41224
3,91759291,91759291,Łódź Kaliska,41224
3,91759292,91759292,Łódź Kaliska,41224
3,91759293,91759293,Łódź Kaliska,41224
3,91502206,91502206,Łódź Kaliska,41224
3,91759294,91759294,Piotrków Trybunalski,41226
3,91759295,91759295,Piotrków Trybunalski,41226
3,91759296,91759296,Piotrków Trybunalski,41226
3,91759297,91759297,Piotrków Trybunalski,41226
3,91759298,91759298,Piotrków Trybunalski,41226
3,91502207,91502207,Piotrków Trybunalski,41226
3,91759299,91759299,Gomunice,41228
3,91759300,91759300,Gomunice,41228
3,91759301,91759301,Gomunice,41228
3,91759302,91759302,Gomunice,41228
3,91502208,91502208,Radomsko,41228
3,91502209,91502209,Łódź Kaliska,41232
3,91759303,91759303,Piotrków Trybunalski,41232
3,91759304,91759304,Piotrków Trybunalski,41232
3,91759305,91759305,Piotrków Trybunalski,41232
3,91759306,91759306,Piotrków Trybunalski,41232
3,91759307,91759307,Piotrków Trybunalski,41232
3,91759308,91759308,Łódź Kaliska,41234
3,91759309,91759309,Łódź Kaliska,41234
3,91759310,91759310,Łódź Kaliska,41234
3,91759311,91759311,Łódź Kaliska,41234
3,91502210,91502210,Łódź Kaliska,41234
3,91759312,91759312,Łódź Kaliska,41236
3,91759313,91759313,Łódź Kaliska,41236
3,91759314,91759314,Łódź Kaliska,41236
3,91759315,91759315,Łódź Kaliska,41236
3,91759316,91759316,Łódź Kaliska,41236
3,91502211,91502211,Łódź Kaliska,41236
3,91759317,91759317,Busko-Zdrój,42300
3,91759318,91759318,Busko-Zdrój,42300
3,91759319,91759319,Busko-Zdrój,42300
3,91502212,91502212,Busko-Zdrój,42300
3,91759320,91759320,Kielce Główne,42302
3,91759321,91759321,Kielce Główne,42302
3,91759322,91759322,Kielce Główne,42302
3,91502213,91502213,Kielce Główne,42302
3,91759323,91759323,Kielce Główne,42304
3,91759324,91759324,Kielce Główne,42304
3,91759325,91759325,Kielce Główne,42304
3,91502214,91502214,Kielce Główne,42304
3,91759326,91759326,Kielce Główne,42306
3,91759327,91759327,Kielce Główne,42306
3,91759328,91759328,Kielce Główne,42306
3,91502215,91502215,Kielce Główne,42306
3,91759329,91759329,Włoszczowa Północ,42308
3,91759330,91759330,Włoszczowa Północ,42308
3,91759331,91759331,Włoszczowa Północ,42308
3,91502216,91502216,Włoszczowa Północ,42308
3,91759332,91759332,Kielce Główne,42310
3,91759333,91759333,Kielce Główne,42310
3,91759334,91759334,Kielce Główne,42310
3,91502217,91502217,Kielce Główne,42310
3,91759335,91759335,Włoszczowa Północ,42312
3,91759336,91759336,Włoszczowa Północ,42312
3,91759337,91759337,Włoszczowa Północ,42312
3,91502218,91502218,Włoszczowa Północ,42312
3,91759351,91759351,Kraków Płaszów,43052
3,91759352,91759352,Kraków Płaszów,43052
3,91502224,91502224,Kraków Główny,43052 K3
3,91502225,91502225,Kraków Główny,43054 K3
3,91502226,91502226,Kraków Główny,43056 K3
3,91759353,91759353,Kraków Płaszów,43056
3,91759354,91759354,Kraków Płaszów,43056
3,91502227,91502227,Kraków Główny,43058 K3 Sapieha
3,91759355,91759355,Kraków Płaszów,43060
3,91759356,91759356,Kraków Płaszów,43060
3,91759357,91759357,Kraków Główny,43062 Sapieha
3,91759358,91759358,Kraków Główny,43062 Sapieha
3,91759359,91759359,Kraków Główny,43142 SKAwa
3,91759360,91759360,Kraków Główny,43142 SKAwa
3,91759361,91759361,Kraków Główny,43144 Szyndzielnia
3,91759362,91759362,Kraków Główny,43144 Szyndzielnia
3,91759363,91759363,Kraków Główny,43146 Groń
3,91759364,91759364,Kraków Główny,43146 Groń
3,91759365,91759365,Kraków Główny,43200
3,91759366,91759366,Kraków Główny,43200
3,91759367,91759367,Tarnów,43202 Baurski
3,91759368,91759368,Tarnów,43202 Baurski
3,91759369,91759369,Tarnów,43202 Baurski
3,91759370,91759370,Tarnów,43202 Baurski
3,91502228,91502228,Kraków Płaszów,43202 K32
3,91759371,91759371,Kraków Płaszów,43204
3,91759372,91759372,Kraków Płaszów,43204
3,91502229,91502229,Kraków Główny,43204 K32
3,91759373,91759373,Kraków Główny,43206
3,91759374,91759374,Kraków Główny,43206
3,91502230,91502230,Dębica,43206 K32 Janusz Baurski
3,91759383,91759383,Tarnów,43300 Karolinka
3,91759384,91759384,Tarnów,43300 Karolinka
3,91759385,91759385,Tarnów,43300 Karolinka
3,91759386,91759386,Tarnów,43300 Karolinka
3,91759387,91759387,Kraków Płaszów,43302
3,91759388,91759388,Kraków Płaszów,43302
3,91759389,91759389,Kraków Płaszów,43304
3,91759390,91759390,Kraków Płaszów,43304
3,91502232,91502232,Kraków Główny,43304 K3
3,91759391,91759391,Kraków Płaszów,43306
3,91759392,91759392,Kraków Płaszów,43306
3,91759393,91759393,Kraków Płaszów,43306
3,91502233,91502233,Kraków Płaszów,43308 K3
3,91759394,91759394,Kraków Płaszów,43308
3,91759395,91759395,Kraków Płaszów,43308
3,91759396,91759396,Kraków Płaszów,43308
3,91759397,91759397,Kraków Płaszów,43310
3,91759398,91759398,Kraków Płaszów,43310
3,91502234,91502234,Kraków Płaszów,43312 K3
3,91759399,91759399,Kraków Płaszów,43314
3,91759400,91759400,Kraków Płaszów,43314
3,91759401,91759401,Kraków Płaszów,43316
3,91759402,91759402,Kraków Płaszów,43316
3,91502235,91502235,Kraków Płaszów,43316 K3
3,91759403,91759403,Kraków Płaszów,43318
3,91759404,91759404,Kraków Płaszów,43318
3,91502236,91502236,Kraków Główny,43320 K3
3,91759405,91759405,Kraków Płaszów,43320
3,91759406,91759406,Kraków Płaszów,43320
3,91502237,91502237,Kraków Płaszów,43324 K3
3,91502238,91502238,Kraków Płaszów,43328 K3
3,91502239,91502239,Kraków Płaszów,43330 K3
3,91502240,91502240,Kraków Płaszów,43332 K3
3,91759407,91759407,Kraków Główny,43526
3,91759408,91759408,Oświęcim,43526
3,91759409,91759409,Oświęcim,43528
3,91759410,91759410,Oświęcim,43528
3,91502241,91502241,Oświęcim,43528 K32
3,91502242,91502242,Kraków Główny,43530 K32
3,91759411,91759411,Oświęcim,43530
3,91759412,91759412,Oświęcim,43530
3,91759413,91759413,Oświęcim,43532
3,91759414,91759414,Oświęcim,43532
3,91502243,91502243,Oświęcim,43532 K32
3,91759415,91759415,Trzebinia,43534
3,91759416,91759416,Trzebinia,43534
3,91502244,91502244,Trzebinia,43536 K32
3,91502245,91502245,Kraków Główny,43600 K52
3,91759417,91759417,Kraków Główny,43600
3,91759418,91759418,Kraków Główny,43600
3,91759419,91759419,Kraków Główny,43602 Wanda
3,91759420,91759420,Kraków Główny,43602 Wanda
3,91502246,91502246,Kraków Główny,43602 K52 Wanda
3,91502247,91502247,Kraków Główny,43604 K52 Stanisław Stojałowski
3,91759421,91759421,Kraków Główny,43604 Stojałowski
3,91759422,91759422,Kraków Główny,43604 Stojałowski
3,91502248,91502248,Kraków Główny,43606 K52 Biała
3,91759423,91759423,Kraków Główny,43606 Biała
3,91759424,91759424,Kraków Główny,43606 Biała
3,91502249,91502249,Kraków Główny,43608 K52
3,91759425,91759425,Kraków Główny,43608
3,91759426,91759426,Kraków Główny,43608
3,91502250,91502250,Kraków Główny,43610 K52 Bolek i Lolek
3,91759427,91759427,Kraków Główny,43610 Bolek i Lolek
3,91759428,91759428,Kraków Główny,43610 Bolek i Lolek
3,91759429,91759429,Kraków Główny,43612 Leskowiec
3,91759430,91759430,Kraków Główny,43612 Leskowiec
3,91502251,91502251,Kraków Główny,43612 K52 Leskowiec
3,91502252,91502252,Kraków Główny,43614 K52 Beskidek
3,91759431,91759431,Kraków Główny,43614 Beskidek
3,91759432,91759432,Kraków Główny,43614 Beskidek
3,91502253,91502253,Kraków Główny,43616 K52
3,91759433,91759433,Kraków Główny,43616
3,91759434,91759434,Kraków Główny,43616
3,91502254,91502254,Wadowice,43618 K52
3,91759435,91759435,Wadowice,43618
3,91759436,91759436,Wadowice,43618
3_BUS,91759437,91759437,Sucha Beskidzka,43700
3_BUS,91759438,91759438,Sucha Beskidzka,43700
3_BUS,91759439,91759439,Sucha Beskidzka,43700
3_BUS,91759440,91759440,Sucha Beskidzka,43700
3_BUS,91759441,91759441,Sucha Beskidzka,43700
3_BUS,91759442,91759442,Sucha Beskidzka,43702
3_BUS,91759443,91759443,Sucha Beskidzka,43702
3_BUS,91759444,91759444,Sucha Beskidzka,43702
3_BUS,91759445,91759445,Sucha Beskidzka,43702
3_BUS,91759446,91759446,Sucha Beskidzka,43702
3,91502255,91502255,Dębica,43800 K3 Karolinka
3,91759447,91759447,Kędzierzyn-Koźle,44052
3,91759448,91759448,Kędzierzyn-Koźle,44052
3,91759449,91759449,Częstochowa,44200
3,91759450,91759450,Częstochowa,44200
3,91759451,91759451,Częstochowa,44200
3,91502256,91502256,Częstochowa,44200
3,91759452,91759452,Częstochowa,44208
3,91759453,91759453,Częstochowa,44208
3,91759454,91759454,Chorzew Siemkowice,44210
3,91759455,91759455,Chorzew Siemkowice,44210
3,91759456,91759456,Chorzew Siemkowice,44212
3,91759457,91759457,Chorzew Siemkowice,44212
3,91502257,91502257,Tarnowskie Góry,44214
3,91759458,91759458,Częstochowa,44214
3,91759459,91759459,Częstochowa,44214
3,91759460,91759460,Tarnowskie Góry,44214
3,91759461,91759461,Tarnowskie Góry,44214
3,91759462,91759462,Tarnowskie Góry,44214
3,91759463,91759463,Częstochowa,44220
3,91759464,91759464,Częstochowa,44220
3,91502258,91502258,Częstochowa,44220
3,91759465,91759465,Chorzew Siemkowice,44222
3,91759466,91759466,Chorzew Siemkowice,44222
3,91502259,91502259,Chorzew Siemkowice,44222
3,91759467,91759467,Tarnowskie Góry,44224
3,91759468,91759468,Tarnowskie Góry,44224
3,91759469,91759469,Tarnowskie Góry,44226
3,91759470,91759470,Tarnowskie Góry,44226
3,91502260,91502260,Tarnowskie Góry,44226
3,91759471,91759471,Wieluń Dąbrowa,44229
3,91759472,91759472,Wieluń Dąbrowa,44229
3,91502261,91502261,Wieluń Dąbrowa,44229
3,91759473,91759473,Tarnowskie Góry,44230
3,91759474,91759474,Tarnowskie Góry,44230
3,91502262,91502262,Tarnowskie Góry,44230
3,91759475,91759475,Wieluń Dąbrowa,44233
3,91759476,91759476,Wieluń Dąbrowa,44233
3,91502263,91502263,Wieluń Dąbrowa,44233
3,91759477,91759477,Tarnowskie Góry,44234
3,91759478,91759478,Tarnowskie Góry,44234
3,91502264,91502264,Tarnowskie Góry,44234
3,91759479,91759479,Herby Nowe,44237
3,91759480,91759480,Herby Nowe,44237
3,91759481,91759481,Wieluń Dąbrowa,44239
3,91759482,91759482,Wieluń Dąbrowa,44239
3,91502265,91502265,Wieluń Dąbrowa,44239
3,91759483,91759483,Tarnowskie Góry,44240
3,91759484,91759484,Tarnowskie Góry,44240
3,91759485,91759485,Wieluń Dąbrowa,44243
3,91759486,91759486,Wieluń Dąbrowa,44243
3,91759487,91759487,Częstochowa,44244
3,91759488,91759488,Częstochowa,44244
3,91759489,91759489,Tarnowskie Góry,44246
3,91759490,91759490,Tarnowskie Góry,44246
3,91759491,91759491,Wieluń Dąbrowa,44249
3,91759492,91759492,Wieluń Dąbrowa,44249
3,91759493,91759493,Częstochowa,44252
3,91759494,91759494,Częstochowa,44252
3,91502266,91502266,Częstochowa,44252
3,91759495,91759495,Chorzew Siemkowice,44254
3,91759496,91759496,Chorzew Siemkowice,44254
3,91502267,91502267,Chorzew Siemkowice,44254
3,91759497,91759497,Chorzew Siemkowice,44256
3,91759498,91759498,Chorzew Siemkowice,44256
3,91502268,91502268,Chorzew Siemkowice,44256
3,91759499,91759499,Chorzew Siemkowice,44258
3,91759500,91759500,Chorzew Siemkowice,44258
3,91502269,91502269,Chorzew Siemkowice,44258
3,91759501,91759501,Chorzew Siemkowice,44260
3,91759502,91759502,Chorzew Siemkowice,44260
3,91759503,91759503,Częstochowa,44262
3,91759504,91759504,Częstochowa,44262
3,91502270,91502270,Częstochowa,44262
3,91759505,91759505,Częstochowa,44264
3,91759506,91759506,Częstochowa,44264
3,91502271,91502271,Częstochowa,44264
3,91759507,91759507,Częstochowa,44266
3,91759508,91759508,Częstochowa,44266
3,91759509,91759509,Tarnowskie Góry,44270
3,91759512,91759512,Tarnowskie Góry,44270
3,91759510,91759510,Tarnowskie Góry,44270
3,91759511,91759511,Tarnowskie Góry,44270
3,91759513,91759513,Tarnowskie Góry,44270
3,91759514,91759514,Lubliniec,44431
3,91759515,91759515,Lubliniec,44431
3,91759516,91759516,Lubliniec,44431
3,91759517,91759517,Lubliniec,44431
3,91759518,91759518,Lubliniec,44431
3,91759519,91759519,Wrocław Główny,46050 Malinka
3,91759520,91759520,Wrocław Główny,46050 Malinka
3,91759521,91759521,Wrocław Główny,46050 Malinka
3,91759522,91759522,Wrocław Główny,46050 Malinka
3,91759523,91759523,Wrocław Główny,46050 Malinka
3,91759524,91759524,Wrocław Główny,46050 Malinka
3,91502272,91502272,Brzeg,46050 Malinka
3,91759526,91759526,Opole Główne,46131
3,91759531,91759531,Opole Główne,46131
3,91759525,91759525,Opole Główne,46131
3,91759529,91759529,Opole Główne,46131
3,91759530,91759530,Opole Główne,46131
3,91759532,91759532,Opole Główne,46131
3,91759536,91759536,Opole Główne,46133
3,91759534,91759534,Opole Główne,46133
3,91759535,91759535,Opole Główne,46133
3,91759537,91759537,Opole Główne,46133
3,91759538,91759538,Wrocław Główny,46200
3,91759539,91759539,Wrocław Główny,46200
3,91502273,91502273,Wrocław Główny,46201
3,91759540,91759540,Wrocław Główny,46202
3,91759541,91759541,Wrocław Główny,46202
3,91759542,91759542,Wrocław Główny,46204
3,91759543,91759543,Wrocław Główny,46204
3,91759544,91759544,Wrocław Główny,46206
3,91759545,91759545,Wrocław Główny,46206
3,91759546,91759546,Wrocław Główny,46208
3,91759547,91759547,Wrocław Główny,46208
3,91759548,91759548,Wrocław Główny,46208
3,91759549,91759549,Wrocław Główny,46210
3,91759550,91759550,Wrocław Główny,46210
3,91759551,91759551,Brzeg,46211
3,91759552,91759552,Wrocław Główny,46212
3,91759553,91759553,Wrocław Główny,46212
3,91502274,91502274,Wrocław Główny,46212
3,91759554,91759554,Wrocław Główny,46214
3,91759555,91759555,Wrocław Główny,46214
3,91759556,91759556,Wrocław Główny,46216
3,91759557,91759557,Wrocław Główny,46216
3,91502275,91502275,Wrocław Główny,46216
3,91759558,91759558,Opole Główne,46218
3,91759559,91759559,Opole Główne,46218
3,91759560,91759560,Brzeg,46220
3,91759561,91759561,Brzeg,46220
3,91759562,91759562,Wrocław Główny,46222
3,91759563,91759563,Wrocław Główny,46222
3,91502276,91502276,Wrocław Główny,46222
3,91759564,91759564,Wrocław Główny,46224
3,91759565,91759565,Wrocław Główny,46224
3,91759566,91759566,Wrocław Główny,46226
3,91759567,91759567,Wrocław Główny,46226
3,91759568,91759568,Brzeg,46227
3,91759569,91759569,Brzeg,46227
3,91759570,91759570,Opole Główne,46228
3,91759571,91759571,Opole Główne,46228
3,91502277,91502277,Wrocław Główny,46228
3,91759572,91759572,Wrocław Główny,46230
3,91759573,91759573,Wrocław Główny,46230
3,91759574,91759574,Wrocław Główny,46230
3,91759575,91759575,Wrocław Główny,46230
3,91759576,91759576,Wrocław Główny,46230
3,91759577,91759577,Wrocław Główny,46232
3,91759578,91759578,Wrocław Główny,46232
3,91502278,91502278,Wrocław Główny,46233
3,91502279,91502279,Wrocław Główny,46234
3,91502280,91502280,Wrocław Główny,46236
3,91502281,91502281,Opole Główne,46240
3,91759580,91759580,Brzeg,46247
3,91759579,91759579,Brzeg,46247
3,91759581,91759581,Brzeg,46249
3,91759582,91759582,Brzeg,46249
3,91502282,91502282,Opole Główne,46249
3,91759583,91759583,Brzeg,46251
3,91502283,91502283,Opole Główne,46253
3,91759584,91759584,Opole Główne,46321
3,91759585,91759585,Opole Główne,46321
3,91502284,91502284,Opole Główne,46321
3,91759586,91759586,Opole Główne,46323
3,91759587,91759587,Opole Główne,46323
3,91759588,91759588,Opole Główne,46323
3,91759589,91759589,Opole Główne,46325
3,91759590,91759590,Opole Główne,46325
3,91759591,91759591,Opole Główne,46325
3,91502285,91502285,Opole Główne,46325
3,91759592,91759592,Opole Główne,46327
3,91759593,91759593,Opole Główne,46327
3,91759594,91759594,Opole Główne,46327
3,91759595,91759595,Opole Główne,46329
3,91759596,91759596,Opole Główne,46329
3,91759597,91759597,Opole Główne,46329
3,91759599,91759599,Opole Główne,46331
3,91759598,91759598,Opole Główne,46331
3,91502286,91502286,Wrocław Główny,46331
3,91759600,91759600,Opole Główne,46333
3,91759601,91759601,Opole Główne,46333
3,91759602,91759602,Opole Główne,46333
3,91759603,91759603,Opole Główne,46333
3,91759604,91759604,Opole Główne,46335
3,91759605,91759605,Opole Główne,46335
3,91759606,91759606,Opole Główne,46335
3,91502287,91502287,Opole Główne,46335
3,91759607,91759607,Opole Główne,46337
3,91759608,91759608,Opole Główne,46337
3,91759609,91759609,Opole Główne,46339
3,91759610,91759610,Opole Główne,46339
3,91759611,91759611,Opole Główne,46339
3,91502288,91502288,Opole Główne,46339
3,91759612,91759612,Opole Główne,46341
3,91759613,91759613,Opole Główne,46341
3,91759614,91759614,Opole Główne,46341
3,91759617,91759617,Opole Główne,46343
3,91759615,91759615,Opole Główne,46343
3,91759616,91759616,Opole Główne,46343
3,91502289,91502289,Opole Główne,46343
3,91759618,91759618,Wrocław Główny,46401
3,91759619,91759619,Wrocław Główny,46401
3,91759620,91759620,Wrocław Główny,46403
3,91759621,91759621,Wrocław Główny,46403
3,91759622,91759622,Wrocław Główny,46405
3,91759623,91759623,Wrocław Główny,46405
3,91759624,91759624,Wrocław Główny,46407
3,91759625,91759625,Wrocław Główny,46407
3,91759626,91759626,Wrocław Główny,46407
3,91759627,91759627,Wrocław Główny,46409
3,91759628,91759628,Wrocław Główny,46409
3,91759629,91759629,Wrocław Główny,46411
3,91759630,91759630,Wrocław Główny,46411
3,91759631,91759631,Wrocław Główny,46413
3,91759632,91759632,Wrocław Główny,46413
3,91759633,91759633,Wrocław Główny,46415
3,91759634,91759634,Wrocław Główny,46415
3,91759635,91759635,Wrocław Główny,46417
3,91759636,91759636,Wrocław Główny,46417
3,91759637,91759637,Wrocław Główny,46419
3,91759638,91759638,Wrocław Główny,46419
3,91759639,91759639,Wrocław Główny,46421
3,91759640,91759640,Wrocław Główny,46421
3,91759641,91759641,Wrocław Główny,46421
3,91759642,91759642,Kłodzko Miasto,46461
3,91759643,91759643,Kłodzko Miasto,46461
3,91502290,91502290,Kłodzko Miasto,46461
3,91759644,91759644,Kłodzko Miasto,46463
3,91759645,91759645,Kłodzko Miasto,46463
3,91502291,91502291,Kłodzko Miasto,46463
3,91759647,91759647,Opole Główne,46511
3,91759646,91759646,Opole Główne,46511
3,91759648,91759648,Opole Główne,46513
3,91759649,91759649,Opole Główne,46513
3,91759650,91759650,Opole Główne,46523
3,91759651,91759651,Opole Główne,46523
3,91759652,91759652,Opole Główne,46525
3,91759653,91759653,Opole Główne,46525
3,91759654,91759654,Opole Główne,46529
3,91759655,91759655,Opole Główne,46529
3,91759656,91759656,Wrocław Główny,46540
3,91759657,91759657,Wrocław Główny,46540
3,91502292,91502292,Wrocław Główny,46540
3,91502293,91502293,Wrocław Główny,46542
3,91759658,91759658,Kluczbork,46543
3,91759659,91759659,Kluczbork,46543
3,91759660,91759660,Wrocław Główny,46544
3,91759661,91759661,Wrocław Główny,46544
3,91759662,91759662,Wrocław Główny,46544
3,91502294,91502294,Wrocław Główny,46544
3,91759663,91759663,Wrocław Główny,46546
3,91759664,91759664,Wrocław Główny,46546
3,91502295,91502295,Wrocław Główny,46546
3,91759665,91759665,Wrocław Główny,46548
3,91759666,91759666,Wrocław Główny,46548
3,91502296,91502296,Wrocław Główny,46548
3,91759667,91759667,Namysłów,46551
3,91759668,91759668,Namysłów,46551
3,91759669,91759669,Namysłów,46551
3,91502297,91502297,Kluczbork,46553
3,91759670,91759670,Brzeg,46621
3,91759671,91759671,Brzeg,46621
3,91759672,91759672,Brzeg,46623
3,91759673,91759673,Brzeg,46623
3,91759674,91759674,Brzeg,46625
3,91759675,91759675,Brzeg,46625
3,91759676,91759676,Brzeg,46627
3,91759677,91759677,Brzeg,46627
3,91759678,91759678,Nysa,46629
3,91759679,91759679,Nysa,46629
3,91759680,91759680,Nysa,46629
3,91502298,91502298,Nysa,46629
3,91761919,91761919,Olsztyn Główny,50102
3,91502827,91502827,Olsztyn Główny,50102
3,91761920,91761920,Gdynia Chylonia,50110
3,91502828,91502828,Gdynia Chylonia,50110
3,91759681,91759681,Gdynia Główna,50471
3,91759682,91759682,Gdynia Główna,50471
3,91759683,91759683,Gdynia Główna,50471
3,91502299,91502299,Gdynia Główna,50471
3,91759684,91759684,Gdynia Główna,50475
3,91759685,91759685,Gdynia Główna,50475
3,91759686,91759686,Gdynia Główna,50475
3,91502300,91502300,Gdynia Główna,50475
3,91759689,91759689,Gdynia Chylonia,50477
3,91759687,91759687,Gdynia Chylonia,50477
3,91759688,91759688,Gdynia Chylonia,50477
3,91759690,91759690,Gdynia Chylonia,50477
3,91502829,91502829,Gdynia Chylonia,50477
3,91502830,91502830,Elbląg,50599
3,91761921,91761921,Elbląg,50600
3,91761922,91761922,Elbląg,50600
3,91761923,91761923,Elbląg,50600
3,91502831,91502831,Elbląg,50600
3,91761924,91761924,Elbląg,50602
3,91761925,91761925,Elbląg,50602
3,91761926,91761926,Elbląg,50602
3,91502832,91502832,Elbląg,50602
3,91761927,91761927,Elbląg,50604
3,91761928,91761928,Elbląg,50604
3,91761929,91761929,Elbląg,50604
3,91502833,91502833,Elbląg,50604
3,91761930,91761930,Elbląg,50606
3,91761931,91761931,Elbląg,50606
3,91761932,91761932,Elbląg,50606
3,91502834,91502834,Elbląg,50606
3,91761933,91761933,Elbląg,50608
3,91761934,91761934,Elbląg,50608
3,91761935,91761935,Elbląg,50608
3,91502835,91502835,Elbląg,50608
3,91502836,91502836,Elbląg,50610
3,91761936,91761936,Elbląg,50610
3,91761937,91761937,Elbląg,50610
3,91761938,91761938,Elbląg,50610
3,91761939,91761939,Elbląg,50610
3,91761940,91761940,Elbląg,50610
3,91761941,91761941,Elbląg,50612
3,91761942,91761942,Elbląg,50612
3,91761943,91761943,Elbląg,50612
3,91502837,91502837,Elbląg,50612
3,91761944,91761944,Elbląg,50614
3,91761945,91761945,Elbląg,50614
3,91761946,91761946,Elbląg,50614
3,91761947,91761947,Elbląg,50614
3,91761948,91761948,Elbląg,50614
3,91761949,91761949,Elbląg,50614
3,91761950,91761950,Elbląg,50614
3,91502838,91502838,Elbląg,50614
3,91761951,91761951,Elbląg,50616
3,91761952,91761952,Elbląg,50616
3,91761953,91761953,Elbląg,50616
3,91502839,91502839,Elbląg,50616
3,91761954,91761954,Elbląg,50618
3,91761955,91761955,Elbląg,50618
3,91761956,91761956,Elbląg,50618
3,91502840,91502840,Elbląg,50618
3,91761957,91761957,Elbląg,50622
3,91761958,91761958,Elbląg,50622
3,91761959,91761959,Elbląg,50622
3,91761960,91761960,Elbląg,50622
3,91502841,91502841,Elbląg,50622
3,91761961,91761961,Gdynia Chylonia,50624
3,91761962,91761962,Gdynia Chylonia,50624
3,91761963,91761963,Gdynia Chylonia,50624
3,91502842,91502842,Gdynia Chylonia,50624
3,91761965,91761965,Gdynia Główna,50626
3,91761964,91761964,Gdynia Chylonia,50626
3,91761966,91761966,Gdynia Chylonia,50626
3,91502843,91502843,Gdynia Główna,50626
3,91761967,91761967,Gdynia Chylonia,50628
3,91761968,91761968,Gdynia Główna,50628
3,91761969,91761969,Gdynia Chylonia,50628
3,91761970,91761970,Gdynia Chylonia,50628
3,91502844,91502844,Gdynia Główna,50628
3,91761971,91761971,Gdynia Chylonia,50630
3,91761972,91761972,Gdynia Chylonia,50630
3,91761973,91761973,Gdynia Chylonia,50630
3,91502845,91502845,Gdynia Chylonia,50630
3,91502846,91502846,Gdynia Główna,50632
3,91761974,91761974,Gdynia Główna,50632
3,91761975,91761975,Gdynia Główna,50632
3,91761976,91761976,Gdynia Główna,50632
3,91761977,91761977,Luzino,50632
3,91761978,91761978,Gdynia Chylonia,50634
3,91761979,91761979,Gdynia Chylonia,50634
3,91761980,91761980,Gdynia Chylonia,50634
3,91502847,91502847,Gdynia Chylonia,50634
3,91761981,91761981,Gdynia Chylonia,50636
3,91761982,91761982,Gdynia Chylonia,50636
3,91761983,91761983,Gdynia Chylonia,50636
3,91502848,91502848,Gdynia Chylonia,50636
3,91761984,91761984,Gdynia Chylonia,50638
3,91761985,91761985,Gdynia Chylonia,50638
3,91761986,91761986,Gdynia Chylonia,50638
3,91502849,91502849,Gdynia Chylonia,50638
3,91761987,91761987,Gdynia Chylonia,50640
3,91761988,91761988,Gdynia Chylonia,50640
3,91761989,91761989,Gdynia Chylonia,50640
3,91502850,91502850,Gdynia Chylonia,50640
3,91761990,91761990,Gdynia Chylonia,50642
3,91761991,91761991,Gdynia Chylonia,50642
3,91761992,91761992,Gdynia Chylonia,50642
3,91502851,91502851,Gdynia Chylonia,50642
3,91502852,91502852,Gdynia Główna,50644
3,91761993,91761993,Gdynia Główna,50644
3,91761994,91761994,Gdynia Główna,50644
3,91761995,91761995,Gdynia Główna,50644
3,91761996,91761996,Malbork,50646
3,91761997,91761997,Malbork,50646
3,91761998,91761998,Malbork,50646
3,91502853,91502853,Malbork,50646
3,91761999,91761999,Malbork,50648
3,91762000,91762000,Malbork,50648
3,91762001,91762001,Malbork,50648
3,91502854,91502854,Malbork,50648
3,91762005,91762005,Malbork,50650
3,91762002,91762002,Malbork,50650
3,91762003,91762003,Malbork,50650
3,91762004,91762004,Malbork,50650
3,91762006,91762006,Gdynia Chylonia,50673
3,91762007,91762007,Gdynia Chylonia,50673
3,91762008,91762008,Gdynia Chylonia,50673
3,91502855,91502855,Gdynia Chylonia,50673
3,91762011,91762011,Gdynia Chylonia,50677
3,91762009,91762009,Gdynia Chylonia,50677
3,91762010,91762010,Gdynia Chylonia,50677
3,91502856,91502856,Gdynia Chylonia,50677
3,91762014,91762014,Gdynia Chylonia,50680
3,91762012,91762012,Gdynia Chylonia,50680
3,91762013,91762013,Gdynia Chylonia,50680
3,91762015,91762015,Tczew,50685
3,91762016,91762016,Tczew,50685
3,91502857,91502857,Tczew,50685
3,91762017,91762017,Gdynia Chylonia,50691
3,91762018,91762018,Gdynia Chylonia,50691
3,91762019,91762019,Gdynia Chylonia,50691
3,91502858,91502858,Gdynia Chylonia,50691
3,91762022,91762022,Gdynia Główna,50693
3,91762020,91762020,Gdynia Główna,50693
3,91762021,91762021,Gdynia Główna,50693
3,91502859,91502859,Gdynia Główna,50693
3,91762023,91762023,Tczew,50700
3,91502860,91502860,Tczew,50700
3,91762024,91762024,Tczew,50702
3,91762025,91762025,Tczew,50702
3,91502861,91502861,Tczew,50702
3,91762026,91762026,Tczew,50704
3,91762027,91762027,Tczew,50704
3,91502862,91502862,Tczew,50704
3,91762028,91762028,Tczew,50706
3,91762029,91762029,Tczew,50706
3,91502863,91502863,Tczew,50706
3,91762030,91762030,Tczew,50708
3,91762031,91762031,Tczew,50708
3,91762032,91762032,Tczew,50710
3,91762033,91762033,Tczew,50710
3,91502864,91502864,Tczew,50710
3,91762034,91762034,Tczew,50712
3,91762035,91762035,Tczew,50712
3,91502865,91502865,Tczew,50712
3,91762037,91762037,Tczew,50714
3,91762036,91762036,Tczew,50714
3,91762038,91762038,Tczew,50716
3,91762039,91762039,Tczew,50716
3,91502866,91502866,Tczew,50716
3,91762040,91762040,Tczew,50718
3,91762041,91762041,Tczew,50718
3,91502867,91502867,Tczew,50718
3,91759691,91759691,Malbork,50720
3,91759692,91759692,Malbork,50720
3,91502301,91502301,Malbork,50720
3,91762042,91762042,Tczew,50722
3,91502868,91502868,Tczew,50722
3,91759693,91759693,Olsztyn Główny,50724
3,91759694,91759694,Olsztyn Główny,50724
3,91502302,91502302,Olsztyn Główny,50724
3,91762043,91762043,Tczew,50730
3,91762044,91762044,Tczew,50730
3,91502869,91502869,Tczew,50730
3,91762045,91762045,Tczew,50740
3,91762046,91762046,Tczew,50740
3,91762047,91762047,Tczew,50740
3,91502870,91502870,Tczew,50740
3,91762048,91762048,Chojnice,50771
3,91762049,91762049,Chojnice,50771
3,91762050,91762050,Chojnice,50773
3,91762051,91762051,Chojnice,50773
3,91502871,91502871,Chojnice,50773
3,91762052,91762052,Chojnice,50775
3,91762053,91762053,Chojnice,50775
3,91502872,91502872,Chojnice,50775
3,91762054,91762054,Chojnice,50777
3,91762055,91762055,Chojnice,50777
3,91762056,91762056,Chojnice,50779
3,91762057,91762057,Chojnice,50779
3,91502873,91502873,Chojnice,50779
3,91762058,91762058,Chojnice,50781
3,91762059,91762059,Chojnice,50781
3,91762060,91762060,Chojnice,50781
3,91502874,91502874,Chojnice,50781
3,91762062,91762062,Chojnice,50783
3,91762061,91762061,Chojnice,50783
3,91762063,91762063,Chojnice,50783
3,91502875,91502875,Chojnice,50783
3,91762065,91762065,Chojnice,50785
3,91762064,91762064,Chojnice,50785
3,91502876,91502876,Chojnice,50785
3,91762066,91762066,Chojnice,50787
3,91762067,91762067,Chojnice,50787
3,91502877,91502877,Chojnice,50787
3,91762068,91762068,Chojnice,50789
3,91762069,91762069,Chojnice,50789
3,91762070,91762070,Chojnice,50789
3,91762071,91762071,Chojnice,50789
3,91502878,91502878,Chojnice,50789
3,91762072,91762072,Chojnice,50791
3,91762073,91762073,Chojnice,50791
3,91502879,91502879,Chojnice,50791
3,91762074,91762074,Chojnice,50793
3,91762075,91762075,Chojnice,50793
3,91502880,91502880,Chojnice,50793
3,91762076,91762076,Chojnice,50795
3,91762077,91762077,Chojnice,50795
3,91762078,91762078,Chojnice,50795
3,91502881,91502881,Chojnice,50795
3,91762079,91762079,Starogard Gdański,50799
3,91502882,91502882,Starogard Gdański,50799
3,91759695,91759695,Kutno,51200
3,91759696,91759696,Kutno,51200
3,91502303,91502303,Kutno,51200
3,91759697,91759697,Łódź Kaliska,51202
3,91759698,91759698,Łódź Kaliska,51202
3,91502304,91502304,Łódź Kaliska,51202
3,91759700,91759700,Kutno,51204
3,91759699,91759699,Kutno,51204
3,91759701,91759701,Kutno,51206
3,91759702,91759702,Kutno,51206
3,91759703,91759703,Kutno,51206
3,91759704,91759704,Kutno,51208
3,91759705,91759705,Kutno,51208
3,91502305,91502305,Kutno,51208
3,91759706,91759706,Łódź Kaliska,51210
3,91759707,91759707,Łódź Kaliska,51210
3,91759708,91759708,Łódź Kaliska,51210
3,91759709,91759709,Łódź Kaliska,51210
3,91502306,91502306,Łódź Kaliska,51210
3,91759710,91759710,Kutno,51212
3,91759711,91759711,Kutno,51212
3,91502307,91502307,Kutno,51212
3,91759712,91759712,Kutno,51214
3,91759713,91759713,Kutno,51214
3,91502308,91502308,Kutno,51214
3,91759714,91759714,Łódź Kaliska,51216
3,91759715,91759715,Łódź Kaliska,51216
3,91759716,91759716,Łódź Kaliska,51216
3,91759717,91759717,Ostrołęka,51220
3,91759718,91759718,Ostrołęka,51220
3,91502309,91502309,Ostrołęka,51220
3,91759722,91759722,Białystok,51800
3,91759719,91759719,Białystok,51800
3,91759720,91759720,Białystok,51800
3,91759721,91759721,Białystok,51800
3,91502310,91502310,Białystok,51800
3,91759723,91759723,Białystok,51802
3,91759724,91759724,Białystok,51802
3,91759725,91759725,Białystok,51802
3,91759726,91759726,Białystok,51804
3,91759727,91759727,Białystok,51804
3,91759728,91759728,Białystok,51804
3,91502311,91502311,Białystok,51804
3,91759729,91759729,Białystok,51806
3,91759730,91759730,Białystok,51806
3,91759731,91759731,Białystok,51806
3,91762080,91762080,Gdynia Chylonia,55200
3,91762081,91762081,Gdynia Chylonia,55200
3,91762082,91762082,Gdynia Chylonia,55200
3_BUS,91502883,91502883,Gdańsk Rębiechowo,55200 Kz 1
3,91762084,91762084,Kartuzy,55202
3,91762085,91762085,Kartuzy,55202
3,91762086,91762086,Olsztyn Główny,55204
3,91762087,91762087,Olsztyn Główny,55204
3,91762088,91762088,Olsztyn Główny,55204
3_BUS,91502884,91502884,Gdańsk Rębiechowo,55204 Kz 1
3,91762089,91762089,Chojnice,55207
3,91502885,91502885,Gdynia Główna,55207
3,91759732,91759732,Toruń Główny,55208
3,91759733,91759733,Toruń Główny,55208
3,91759734,91759734,Toruń Główny,55209
3,91759735,91759735,Inowrocław,55210
3,91759736,91759736,Inowrocław,55210
3,91759737,91759737,Inowrocław,55210
3_BUS,91502886,91502886,Gdańsk Rębiechowo,55210 Kz 1
3,91759738,91759738,Inowrocław,55212
3,91759739,91759739,Inowrocław,55212
3,91759740,91759740,Inowrocław,55212
3,91759741,91759741,Inowrocław,55214
3,91759742,91759742,Inowrocław,55214
3,91759743,91759743,Inowrocław,55214
3_BUS,91502887,91502887,Gdańsk Rębiechowo,55216 Kz3
3,91759744,91759744,Inowrocław,55216
3,91759745,91759745,Inowrocław,55216
3,91759746,91759746,Inowrocław,55216
3,91759747,91759747,Bydgoszcz Główna,55217
3,91759748,91759748,Bydgoszcz Główna,55217
3,91759749,91759749,Nakło nad Notecią,55218
3,91759750,91759750,Toruń Główny,55218
3,91759751,91759751,Toruń Główny,55218
3,91502312,91502312,Bydgoszcz Główna,55219
3,91759752,91759752,Kaliska Kujawskie,55220
3,91759753,91759753,Wyrzysk Osiek,55221
3,91759754,91759754,Wyrzysk Osiek,55221
3,91502313,91502313,Bydgoszcz Główna,55221
3_BUS,91759755,91759755,Gdańsk Rębiechowo,55222 Kz 1
3,91759756,91759756,Mogilno,55222
3,91762090,91762090,Chojnice,55223
3,91762091,91762091,Gdynia Główna,55223
3,91759757,91759757,Wyrzysk Osiek,55225
3,91759758,91759758,Wyrzysk Osiek,55225
3,91759759,91759759,Wyrzysk Osiek,55227
3,91759760,91759760,Wyrzysk Osiek,55227
3,91759761,91759761,Jabłonowo Pomorskie,55227
3,91759762,91759762,Mogilno,55228
3,91759763,91759763,Mogilno,55228
3,91759764,91759764,Bydgoszcz Główna,55229
3,91759765,91759765,Bydgoszcz Główna,55229
3,91759766,91759766,Bydgoszcz Główna,55229
3,91759767,91759767,Mogilno,55230
3,91759768,91759768,Mogilno,55230
3,91502314,91502314,Mogilno,55230
3,91759769,91759769,Mogilno,55232
3,91759770,91759770,Mogilno,55232
3,91759771,91759771,Mogilno,55232
3,91759772,91759772,Toruń Wschodni,55232
3,91759773,91759773,Toruń Wschodni,55232
3,91759774,91759774,Toruń Wschodni,55233
3,91759775,91759775,Ciechocinek,55234
3,91759776,91759776,Ciechocinek,55234
3,91759777,91759777,Mogilno,55234
3,91759778,91759778,Mogilno,55234
3,91759779,91759779,Mogilno,55234
3_BUS,91762092,91762092,Gdańsk Rębiechowo,55236 Kz 1
3,91762093,91762093,Gdynia Chylonia,55237
3,91762094,91762094,Gdynia Chylonia,55237
3,91762095,91762095,Gdynia Chylonia,55237
3,91759780,91759780,Toruń Główny,55238
3,91759781,91759781,Toruń Główny,55238
3,91759782,91759782,Włocławek,55238
3,91759783,91759783,Włocławek,55238
3,91759785,91759785,Mogilno,55240
3,91759784,91759784,Mogilno,55240
3,91502888,91502888,Laskowice Pomorskie,55240
3,91759786,91759786,Smętowo,55243
3,91759787,91759787,Smętowo,55243
3,91502315,91502315,Smętowo,55243
3,91759788,91759788,Mogilno,55244
3,91759789,91759789,Mogilno,55244
3,91759790,91759790,Mogilno,55244
3,91759791,91759791,Mogilno,55246
3,91759792,91759792,Mogilno,55246
3,91759793,91759793,Ciechocinek,55246
3,91759794,91759794,Toruń Główny,55248
3,91759795,91759795,Bydgoszcz Główna,55249
3,91759796,91759796,Bydgoszcz Główna,55249
3,91759797,91759797,Toruń Główny,55250
3,91759798,91759798,Inowrocław,55250
3,91759799,91759799,Inowrocław,55250
3,91759800,91759800,Mogilno,55252
3,91759801,91759801,Mogilno,55252
3_BUS,91762096,91762096,Gdańsk Rębiechowo,55254 Kz 1
3_BUS,91502889,91502889,Kartuzy,55254 Kz2
3_BUS,91759802,91759802,Kartuzy,55256 Kz2
3,91759803,91759803,Toruń Główny,55256
3,91759804,91759804,Kaliska Kujawskie,55256
3,91759805,91759805,Toruń Główny,55257
3_BUS,91759806,91759806,Kartuzy,55258 Kz2
3,91759807,91759807,Inowrocław,55258
3,91759808,91759808,Inowrocław,55258
3,91759809,91759809,Bydgoszcz Główna,55261
3,91759810,91759810,Bydgoszcz Główna,55261
3,91502316,91502316,Bydgoszcz Główna,55261
3,91759811,91759811,Bydgoszcz Główna,55263
3,91759812,91759812,Bydgoszcz Główna,55263
3,91759813,91759813,Bydgoszcz Główna,55263
3,91502317,91502317,Bydgoszcz Główna,55263
3,91759814,91759814,Bydgoszcz Główna,55265
3,91759815,91759815,Bydgoszcz Główna,55265
3,91759816,91759816,Bydgoszcz Główna,55265
3,91759817,91759817,Bydgoszcz Główna,55267
3,91759818,91759818,Bydgoszcz Główna,55267
3,91502318,91502318,Bydgoszcz Główna,55267
3_BUS,91762097,91762097,Kartuzy,55268 Kz 1
3_BUS,91502890,91502890,Kartuzy,55268 Kz2
3,91759819,91759819,Toruń Wschodni,55270
3,91759820,91759820,Toruń Wschodni,55270
3,91759821,91759821,Toruń Wschodni,55271
3,91759822,91759822,Toruń Główny,55272
3,91759823,91759823,Toruń Główny,55272
3,91502891,91502891,Malbork,55272
3,91762098,91762098,Malbork,55274
3,91762099,91762099,Malbork,55274
3,91762100,91762100,Malbork,55274
3,91762101,91762101,Malbork,55274
3,91502892,91502892,Malbork,55274
3,91762102,91762102,Kwidzyn,55276
3,91762103,91762103,Kwidzyn,55276
3,91502893,91502893,Malbork,55276
3_BUS,91759826,91759826,Kościerzyna,55278 Kz2
3,91759824,91759824,Bydgoszcz Główna,55278
3,91759825,91759825,Bydgoszcz Główna,55278
3_BUS,91762104,91762104,Kościerzyna,55280 Kz2
3,91759827,91759827,Wyrzysk Osiek,55281
3,91759828,91759828,Wyrzysk Osiek,55281
3,91762105,91762105,Malbork,55282
3,91762106,91762106,Gdynia Główna,55283
3,91762107,91762107,Gdynia Główna,55283
3_BUS,91502894,91502894,Kartuzy,55284 Kz2
3,91762109,91762109,Elbląg,55284
3_BUS,91762108,91762108,Gdańsk Rębiechowo,55284 Kz 1
3,91762110,91762110,Laskowice Pomorskie,55286
3,91762111,91762111,Laskowice Pomorskie,55286
3,91502895,91502895,Gdańsk Wrzeszcz,55286
3,91762112,91762112,Elbląg,55288
3,91762113,91762113,Elbląg,55288
3_BUS,91502896,91502896,Kartuzy,55288 Kz2
3_BUS,91502897,91502897,Kartuzy,55290 Kz2
3,91762114,91762114,Elbląg,55291
3,91762115,91762115,Elbląg,55291
3_BUS,91762119,91762119,Kościerzyna,55292 Kz2
3_BUS,91502898,91502898,Kartuzy,55292 Kz2
3,91762116,91762116,Gdynia Główna,55292
3,91762117,91762117,Hel,55292
3,91762118,91762118,Hel,55292
3_BUS,91502899,91502899,Kartuzy,55294 Kz2
3,91762120,91762120,Chojnice,55294
3,91762121,91762121,Chojnice,55294
3,91762122,91762122,Malbork,55296
3,91762123,91762123,Malbork,55296
3_BUS,91502900,91502900,Kartuzy,55296 Kz2
3_BUS,91502901,91502901,Kościerzyna,55298 Kz2
3_BUS,91762124,91762124,Gdańsk Rębiechowo,55298 Kz 1
3_BUS,91762125,91762125,Gdańsk Rębiechowo,55298 Kz 1
3,91502319,91502319,Włocławek,55300
3,91759829,91759829,Bydgoszcz Główna,55301
3,91759830,91759830,Bydgoszcz Główna,55301
3,91762126,91762126,Bydgoszcz Główna,55302
3,91762127,91762127,Bydgoszcz Główna,55302
3,91762128,91762128,Bydgoszcz Główna,55302
3,91502902,91502902,Bydgoszcz Główna,55302
3,91762129,91762129,Bydgoszcz Główna,55304
3,91762130,91762130,Bydgoszcz Główna,55304
3,91762131,91762131,Bydgoszcz Główna,55304
3,91502903,91502903,Bydgoszcz Główna,55304
3,91762132,91762132,Bydgoszcz Główna,55306
3,91762133,91762133,Bydgoszcz Główna,55306
3,91762134,91762134,Bydgoszcz Główna,55306
3,91502904,91502904,Bydgoszcz Główna,55306
3_BUS,91502905,91502905,Kościerzyna,55308 Kz2
3_BUS,91762135,91762135,Gdańsk Rębiechowo,55308 Kz 1
3_BUS,91762136,91762136,Gdańsk Rębiechowo,55308 Kz 1
3_BUS,91502906,91502906,Kościerzyna,55310 Kz2
3_BUS,91762138,91762138,Gdańsk Rębiechowo,55310 Kz 1
3_BUS,91762137,91762137,Gdańsk Rębiechowo,55310 Kz 1
3,91759831,91759831,Ciechocinek,55312
3_BUS,91502907,91502907,Kościerzyna,55312 Kz2
3_BUS,91762139,91762139,Gdańsk Rębiechowo,55314 Kz 1
3_BUS,91762140,91762140,Gdańsk Rębiechowo,55314 Kz 1
3,91762141,91762141,Chojnice,55314
3,91762142,91762142,Chojnice,55314
3,91759832,91759832,Toruń Główny,55316
3,91759833,91759833,Toruń Główny,55316
3_BUS,91502908,91502908,Kościerzyna,55316 Kz2
3_BUS,91502909,91502909,Kościerzyna,55318 Kz2
3,91759834,91759834,Ciechocinek,55318
3,91759835,91759835,Ciechocinek,55318
3_BUS,91502910,91502910,Kościerzyna,55320 Kz2
3_BUS,91502911,91502911,Gdańsk Rębiechowo,55322 Kz3
3,91759836,91759836,Toruń Główny,55322
3,91759837,91759837,Toruń Główny,55322
3,91759838,91759838,Ciechocinek,55324
3,91759839,91759839,Ciechocinek,55324
3,91762143,91762143,Gdynia Główna,55326
3,91762144,91762144,Gdynia Główna,55326
3_BUS,91502912,91502912,Gdańsk Rębiechowo,55328 Kz3
3,91759840,91759840,Aleksandrów Kujawski,55328
3,91759841,91759841,Aleksandrów Kujawski,55328
3,91762145,91762145,Tczew,55330
3,91762146,91762146,Tczew,55330
3,91762147,91762147,Tczew,55330
3,91762148,91762148,Tczew,55330
3,91502913,91502913,Malbork,55330
3,91762149,91762149,Tczew,55332
3,91762150,91762150,Tczew,55332
3,91762151,91762151,Luzino,55335
3,91762152,91762152,Luzino,55335
3,91762153,91762153,Gdynia Chylonia,55337
3,91762154,91762154,Gdynia Chylonia,55337
3,91762155,91762155,Gdynia Chylonia,55337
3,91502914,91502914,Gdynia Chylonia,55337
3,91762158,91762158,Tczew,55338
3,91762156,91762156,Tczew,55338
3,91762157,91762157,Tczew,55338
3,91502915,91502915,Tczew,55338
3_BUS,91502916,91502916,Gdańsk Rębiechowo,55340 Kz3
3,91762159,91762159,Tczew,55340
3,91762160,91762160,Tczew,55340
3,91762161,91762161,Tczew,55340
3,91502917,91502917,Smętowo,55342
3,91762162,91762162,Smętowo,55342
3,91762163,91762163,Smętowo,55342
3,91762164,91762164,Smętowo,55342
3,91759842,91759842,Ciechocinek,55345
3,91759843,91759843,Ciechocinek,55345
3,91759844,91759844,Aleksandrów Kujawski,55346
3,91759845,91759845,Aleksandrów Kujawski,55346
3_BUS,91502918,91502918,Gdańsk Rębiechowo,55346 Kz3
3_BUS,91502919,91502919,Gdańsk Rębiechowo,55348 Kz3
3,91759846,91759846,Ciechocinek,55349
3,91759847,91759847,Ciechocinek,55349
3,91759848,91759848,Aleksandrów Kujawski,55350
3,91759849,91759849,Aleksandrów Kujawski,55350
3_BUS,91502920,91502920,Gdańsk Rębiechowo,55350 Kz3
3_BUS,91502921,91502921,Gdańsk Rębiechowo,55352 Kz3
3,91759850,91759850,Ciechocinek,55353
3,91759851,91759851,Ciechocinek,55353
3,91759852,91759852,Toruń Główny,55354
3,91759853,91759853,Toruń Główny,55354
3_BUS,91502922,91502922,Gdańsk Rębiechowo,55356 Kz3
3,91759854,91759854,Ciechocinek,55357
3,91759855,91759855,Ciechocinek,55357
3,91759856,91759856,Aleksandrów Kujawski,55358
3,91759857,91759857,Aleksandrów Kujawski,55358
3_BUS,91502923,91502923,Kościerzyna,55358 Kz3
3,91759858,91759858,Ciechocinek,55361
3,91759859,91759859,Ciechocinek,55361
3,91759860,91759860,Aleksandrów Kujawski,55362
3,91759861,91759861,Aleksandrów Kujawski,55362
3_BUS,91502924,91502924,Kościerzyna,55362 Kz3
3_BUS,91502925,91502925,Kościerzyna,55364 Kz3
3,91759862,91759862,Ciechocinek,55365
3,91759863,91759863,Ciechocinek,55365
3,91759864,91759864,Toruń Główny,55366
3_BUS,91502926,91502926,Kościerzyna,55366 Kz3
3,91762165,91762165,Tczew,55368
3,91762166,91762166,Tczew,55368
3,91762167,91762167,Tczew,55368
3,91762168,91762168,Smętowo,55370
3,91762169,91762169,Smętowo,55370
3,91762170,91762170,Smętowo,55370
3,91762171,91762171,Tczew,55372
3,91762172,91762172,Tczew,55372
3,91762173,91762173,Tczew,55372
3,91759865,91759865,Ciechocinek,55374
3,91759866,91759866,Ciechocinek,55374
3_BUS,91502927,91502927,Kościerzyna,55374 Kz3
3,91759867,91759867,Aleksandrów Kujawski,55376
3,91759868,91759868,Aleksandrów Kujawski,55376
3_BUS,91502928,91502928,Kościerzyna,55378 Kz3
3,91759869,91759869,Ciechocinek,55379
3,91759870,91759870,Ciechocinek,55379
3_BUS,91502929,91502929,Kościerzyna,55380 Kz3
3,91759871,91759871,Aleksandrów Kujawski,55380
3,91759872,91759872,Aleksandrów Kujawski,55380
3,91759873,91759873,Ciechocinek,55383
3,91759874,91759874,Ciechocinek,55383
3_BUS,91502930,91502930,Kościerzyna,55384 Kz3
3,91759875,91759875,Toruń Główny,55384
3,91759876,91759876,Toruń Główny,55384
3,91759877,91759877,Ciechocinek,55386
3,91759878,91759878,Ciechocinek,55386
3_BUS,91762174,91762174,Gdańsk Rębiechowo,55388 Kz 1
3,91502931,91502931,Gdańsk Wrzeszcz,55390
3_BUS,91762175,91762175,Gdańsk Rębiechowo,55390 Kz 1
3_BUS,91762176,91762176,Gdańsk Rębiechowo,55392 Kz 1
3,91502932,91502932,Gdańsk Wrzeszcz,55392
3,91759879,91759879,Jabłonowo Pomorskie,55394
3,91759880,91759880,Jabłonowo Pomorskie,55394
3,91502320,91502320,Jabłonowo Pomorskie,55394
3,91759881,91759881,Jabłonowo Pomorskie,55395
3,91762177,91762177,Malbork,55396
3,91762178,91762178,Malbork,55396
3,91762179,91762179,Malbork,55396
3,91762180,91762180,Malbork,55396
3,91762181,91762181,Malbork,55398
3,91762182,91762182,Malbork,55398
3,91762183,91762183,Malbork,55398
3,91502933,91502933,Malbork,55398
3,91762184,91762184,Gdynia Główna,55401
3,91762185,91762185,Gdynia Główna,55401
3,91762186,91762186,Gdynia Główna,55401
3,91502934,91502934,Gdynia Główna,55401
3,91762187,91762187,Gdynia Chylonia,55403
3,91762188,91762188,Gdynia Chylonia,55403
3,91762189,91762189,Gdynia Chylonia,55403
3,91502935,91502935,Gdynia Chylonia,55403
3,91762190,91762190,Gdynia Chylonia,55405
3,91762191,91762191,Gdynia Chylonia,55405
3,91502936,91502936,Gdynia Chylonia,55405
3,91762192,91762192,Gdynia Chylonia,55407
3,91762193,91762193,Gdynia Chylonia,55407
3,91762194,91762194,Gdynia Chylonia,55407
3,91502937,91502937,Gdynia Chylonia,55407
3,91762195,91762195,Gdynia Główna,55409
3,91762196,91762196,Gdynia Główna,55409
3,91762197,91762197,Gdynia Główna,55409
3,91502938,91502938,Gdynia Główna,55409
3,91762198,91762198,Gdynia Chylonia,55413
3,91762199,91762199,Gdynia Chylonia,55413
3,91762200,91762200,Gdynia Chylonia,55413
3,91762201,91762201,Gdynia Chylonia,55413
3,91762202,91762202,Gdynia Chylonia,55413
3_BUS,91762203,91762203,Gdańsk Rębiechowo,55414 Kz 1
3,91762204,91762204,Gdynia Chylonia,55415
3,91762205,91762205,Gdynia Chylonia,55415
3,91762206,91762206,Gdynia Chylonia,55415
3,91759882,91759882,Jabłonowo Pomorskie,55417
3,91759883,91759883,Jabłonowo Pomorskie,55417
3,91502321,91502321,Jabłonowo Pomorskie,55417
3,91759884,91759884,Inowrocław,55418
3,91759885,91759885,Inowrocław,55418
3,91759886,91759886,Inowrocław,55418
3,91502322,91502322,Inowrocław,55418
3_BUS,91762207,91762207,Gdańsk Rębiechowo,55422 Kz 1
3_BUS,91762208,91762208,Gdańsk Rębiechowo,55422 Kz 1
3,91502939,91502939,Gdańsk Wrzeszcz,55422
3_BUS,91762209,91762209,Gdańsk Rębiechowo,55424 Kz 1
3_BUS,91762210,91762210,Gdańsk Rębiechowo,55424 Kz 1
3,91502940,91502940,Gdańsk Wrzeszcz,55424
3_BUS,91762211,91762211,Gdańsk Rębiechowo,55426 Kz 1
3_BUS,91762212,91762212,Gdańsk Rębiechowo,55426 Kz 1
3_BUS,91502941,91502941,Gdańsk Rębiechowo,55426 Kz 1
3_BUS,91762213,91762213,Gdańsk Rębiechowo,55428 Kz 1
3_BUS,91762214,91762214,Gdańsk Rębiechowo,55428 Kz 1
3,91762215,91762215,Smętowo,55430
3,91762216,91762216,Smętowo,55430
3,91762217,91762217,Smętowo,55430
3,91502942,91502942,Smętowo,55430
3_BUS,91762218,91762218,Gdańsk Rębiechowo,55432 Kz 1
3_BUS,91762219,91762219,Gdańsk Rębiechowo,55432 Kz 1
3,91762223,91762223,Smętowo,55434
3,91502943,91502943,Smętowo,55434
3,91762220,91762220,Smętowo,55434
3,91762221,91762221,Smętowo,55434
3,91762222,91762222,Smętowo,55434
3,91762224,91762224,Bydgoszcz Główna,55436
3,91762225,91762225,Bydgoszcz Główna,55436
3,91762226,91762226,Bydgoszcz Główna,55436
3,91502944,91502944,Bydgoszcz Główna,55436
3,91762227,91762227,Smętowo,55438
3,91762228,91762228,Smętowo,55438
3,91762229,91762229,Smętowo,55438
3,91502945,91502945,Smętowo,55438
3,91762230,91762230,Smętowo,55440
3,91762231,91762231,Smętowo,55440
3,91762232,91762232,Smętowo,55440
3,91502946,91502946,Smętowo,55440
3_BUS,91762233,91762233,Gdańsk Rębiechowo,55442 Kz 1
3_BUS,91502947,91502947,Gdańsk Rębiechowo,55442 Kz 1
3_BUS,91762234,91762234,Gdańsk Rębiechowo,55444 Kz 1
3_BUS,91762235,91762235,Gdańsk Rębiechowo,55446 Kz 1
3_BUS,91502948,91502948,Gdańsk Rębiechowo,55446 Kz 1
3_BUS,91762236,91762236,Gdańsk Rębiechowo,55448 Kz 1
3_BUS,91762237,91762237,Gdańsk Rębiechowo,55450 Kz 1
3_BUS,91502949,91502949,Gdańsk Rębiechowo,55450 Kz 1
3_BUS,91762238,91762238,Gdańsk Rębiechowo,55452 Kz 1
3_BUS,91762239,91762239,Gdańsk Rębiechowo,55454 Kz 1
3_BUS,91762240,91762240,Gdańsk Rębiechowo,55456 Kz 1
3_BUS,91502950,91502950,Gdańsk Rębiechowo,55456 Kz 1
3_BUS,91762241,91762241,Gdańsk Rębiechowo,55458 Kz 1
3_BUS,91762242,91762242,Gdańsk Rębiechowo,55460 Kz 1
3_BUS,91762243,91762243,Gdańsk Rębiechowo,55462 Kz 1
3_BUS,91502951,91502951,Gdańsk Rębiechowo,55462 Kz 1
3_BUS,91762244,91762244,Gdańsk Rębiechowo,55464 Kz 1
3_BUS,91502952,91502952,Gdańsk Rębiechowo,55466 Kz 1
3_BUS,91762245,91762245,Gdańsk Rębiechowo,55468 Kz 1
3,91502953,91502953,Gdańsk Wrzeszcz,55468
3,91502954,91502954,Kartuzy,55470
3_BUS,91762246,91762246,Gdańsk Rębiechowo,55470 Kz 1
3_BUS,91762247,91762247,Gdańsk Rębiechowo,55472 Kz 1
3,91502955,91502955,Gdynia Główna,55473
3_BUS,91762248,91762248,Gdańsk Rębiechowo,55474 Kz 1
3_BUS,91762249,91762249,Gdańsk Rębiechowo,55476 Kz 1
3_BUS,91502956,91502956,Gdańsk Rębiechowo,55476 Kz 1
3_BUS,91762250,91762250,Gdańsk Rębiechowo,55478 Kz 1
3,91759887,91759887,Toruń Główny,55480
3,91759888,91759888,Toruń Główny,55480
3,91759889,91759889,Toruń Główny,55480
3,91502323,91502323,Toruń Główny,55480
3_BUS,91759890,91759890,Gdańsk Rębiechowo,55482 Kz 1
3,91759891,91759891,Toruń Główny,55482
3_BUS,91762251,91762251,Gdańsk Rębiechowo,55484 Kz 1
3_BUS,91502957,91502957,Gdańsk Rębiechowo,55484 Kz 1
3_BUS,91762252,91762252,Gdańsk Rębiechowo,55486 Kz 1
3_BUS,91762253,91762253,Gdańsk Rębiechowo,55488 Kz 1
3_BUS,91762254,91762254,Gdańsk Rębiechowo,55490 Kz 1
3_BUS,91502958,91502958,Gdańsk Rębiechowo,55490 Kz 1
3_BUS,91762255,91762255,Gdańsk Rębiechowo,55494 Kz 1
3_BUS,91502959,91502959,Gdańsk Rębiechowo,55494 Kz 1
3_BUS,91762256,91762256,Gdańsk Rębiechowo,55496 Kz 1
3_BUS,91762257,91762257,Gdańsk Rębiechowo,55498 Kz 1
3_BUS,91762258,91762258,Kartuzy,55500 Kz 1
3_BUS,91762259,91762259,Kartuzy,55502 Kz 1
3_BUS,91762260,91762260,Kartuzy,55504 Kz 1
3_BUS,91762261,91762261,Kartuzy,55506 Kz 1
3_BUS,91502960,91502960,Gdańsk Rębiechowo,55506 Kz 1
3_BUS,91762262,91762262,Kartuzy,55508 Kz 1
3_BUS,91762263,91762263,Kartuzy,55508 Kz 1
3_BUS,91502961,91502961,Gdańsk Rębiechowo,55510 Kz 1
3_BUS,91762264,91762264,Kartuzy,55510 Kz 1
3_BUS,91762265,91762265,Kartuzy,55512 Kz 1
3,91759894,91759894,Kaliska Kujawskie,55514
3,91502324,91502324,Toruń Wschodni,55514
3,91759892,91759892,Toruń Wschodni,55514
3,91759893,91759893,Toruń Wschodni,55514
3,91759895,91759895,Bydgoszcz Główna,55516
3,91759896,91759896,Bydgoszcz Główna,55516
3,91759897,91759897,Bydgoszcz Główna,55518
3,91759898,91759898,Bydgoszcz Główna,55518
3,91759899,91759899,Bydgoszcz Główna,55518
3,91502325,91502325,Bydgoszcz Główna,55518
3,91759900,91759900,Toruń Główny,55520
3,91759901,91759901,Toruń Główny,55520
3,91759902,91759902,Inowrocław,55522
3,91759903,91759903,Inowrocław,55522
3,91502326,91502326,Inowrocław,55522
3,91759904,91759904,Jabłonowo Pomorskie,55524
3,91759905,91759905,Jabłonowo Pomorskie,55524
3,91502327,91502327,Jabłonowo Pomorskie,55524
3,91759906,91759906,Toruń Główny,55526
3,91759907,91759907,Toruń Główny,55526
3,91502328,91502328,Toruń Główny,55526
3,91759908,91759908,Toruń Główny,55527
3_BUS,91762266,91762266,Kartuzy,55528 Kz 1
3_BUS,91502962,91502962,Gdańsk Rębiechowo,55528 Kz 1
3_BUS,91762267,91762267,Kartuzy,55530 Kz 1
3_BUS,91762268,91762268,Kartuzy,55530 Kz 1
3_BUS,91502963,91502963,Gdańsk Rębiechowo,55530 Kz 1
3,91759909,91759909,Jabłonowo Pomorskie,55533
3,91759910,91759910,Jabłonowo Pomorskie,55533
3_BUS,91762269,91762269,Kartuzy,55534 Kz 1
3_BUS,91762270,91762270,Kartuzy,55534 Kz 1
3_BUS,91502964,91502964,Gdańsk Rębiechowo,55534 Kz 1
3,91759911,91759911,Jabłonowo Pomorskie,55536
3,91759912,91759912,Jabłonowo Pomorskie,55536
3,91759913,91759913,Jabłonowo Pomorskie,55538
3,91759914,91759914,Jabłonowo Pomorskie,55538
3,91759915,91759915,Jabłonowo Pomorskie,55540
3,91759916,91759916,Toruń Wschodni,55540
3,91759917,91759917,Toruń Wschodni,55540
3,91759918,91759918,Jabłonowo Pomorskie,55540
3,91759919,91759919,Jabłonowo Pomorskie,55540
3,91502329,91502329,Toruń Wschodni,55540
3,91759920,91759920,Jabłonowo Pomorskie,55543
3,91759921,91759921,Jabłonowo Pomorskie,55543
3_BUS,91762271,91762271,Kartuzy,55544 Kz 1
3_BUS,91762272,91762272,Kartuzy,55544 Kz 1
3_BUS,91502965,91502965,Kartuzy,55544 Kz1
3_BUS,91762273,91762273,Kartuzy,55546 Kz 1
3_BUS,91762274,91762274,Kartuzy,55546 Kz 1
3,91759922,91759922,Bydgoszcz Główna,55549
3,91759923,91759923,Bydgoszcz Główna,55549
3,91502330,91502330,Bydgoszcz Główna,55549
3_BUS,91762275,91762275,Kartuzy,55550 Kz 1
3_BUS,91762276,91762276,Kartuzy,55550 Kz 1
3_BUS,91502966,91502966,Kartuzy,55550 Kz1
3,91759924,91759924,Włocławek,55552
3,91759925,91759925,Włocławek,55552
3,91759926,91759926,Włocławek,55552
3,91502331,91502331,Włocławek,55552
3,91759927,91759927,Włocławek,55554
3,91759928,91759928,Włocławek,55554
3,91759929,91759929,Włocławek,55556
3,91759930,91759930,Włocławek,55556
3,91502332,91502332,Włocławek,55556
3,91759931,91759931,Włocławek,55558
3,91759932,91759932,Włocławek,55558
3_BUS,91762277,91762277,Kartuzy,55560 Kz 1
3,91759933,91759933,Bydgoszcz Główna,55563
3,91759934,91759934,Bydgoszcz Główna,55563
3,91502333,91502333,Bydgoszcz Główna,55563
3,91759935,91759935,Inowrocław,55564
3,91759936,91759936,Inowrocław,55564
3,91502334,91502334,Inowrocław,55564
3_BUS,91762278,91762278,Kartuzy,55566 Kz 1
3,91759937,91759937,Bydgoszcz Główna,55569
3,91759938,91759938,Bydgoszcz Główna,55569
3,91502335,91502335,Bydgoszcz Główna,55569
3,91759939,91759939,Inowrocław,55570
3,91759940,91759940,Inowrocław,55570
3,91759941,91759941,Bydgoszcz Główna,55573
3,91759942,91759942,Bydgoszcz Główna,55573
3,91759943,91759943,Toruń Główny,55573
3,91502336,91502336,Toruń Główny,55573
3,91759944,91759944,Toruń Główny,55575
3_BUS,91762279,91762279,Kartuzy,55576 Kz 1
3_BUS,91502967,91502967,Kartuzy,55576 Kz1
3,91759945,91759945,Toruń Wschodni,55578
3,91759946,91759946,Toruń Wschodni,55578
3_BUS,91762280,91762280,Kartuzy,55580 Kz 1
3_BUS,91762281,91762281,Kartuzy,55582 Kz 1
3_BUS,91762282,91762282,Kartuzy,55584 Kz 1
3_BUS,91762283,91762283,Kartuzy,55586 Kz 1
3_BUS,91502968,91502968,Kartuzy,55586 Kz1
3_BUS,91762284,91762284,Kartuzy,55588 Kz 1
3_BUS,91762285,91762285,Kartuzy,55590 Kz 1
3_BUS,91502969,91502969,Kartuzy,55590 Kz1
3_BUS,91762286,91762286,Kartuzy,55592 Kz 1
3_BUS,91762287,91762287,Kartuzy,55594 Kz 1
3_BUS,91502970,91502970,Kartuzy,55594 Kz1
3_BUS,91762288,91762288,Kartuzy,55596 Kz 1
3_BUS,91762289,91762289,Kartuzy,55598 Kz 1
3_BUS,91762290,91762290,Kartuzy,55600 Kz 1
3_BUS,91502971,91502971,Kartuzy,55600 Kz1
3_BUS,91762291,91762291,Kartuzy,55602 Kz 1
3_BUS,91502972,91502972,Kartuzy,55604 Kz1
3_BUS,91762292,91762292,Kartuzy,55604 Kz 1
3_BUS,91762293,91762293,Kartuzy,55608 Kz 1
3,91759947,91759947,Bydgoszcz Główna,55611
3,91759948,91759948,Bydgoszcz Główna,55611
3,91759949,91759949,Bydgoszcz Główna,55613
3,91759950,91759950,Bydgoszcz Główna,55613
3_BUS,91502973,91502973,Kartuzy,55614 Kz1
3_BUS,91762294,91762294,Kartuzy,55614 Kz 1
3,91759951,91759951,Mogilno,55616
3,91759952,91759952,Mogilno,55616
3,91502337,91502337,Mogilno,55616
3,91759955,91759955,Inowrocław,55618
3,91759953,91759953,Inowrocław,55618
3,91759954,91759954,Inowrocław,55618
3,91502338,91502338,Inowrocław,55618
3_BUS,91762295,91762295,Kartuzy,55620 Kz 1
3,91759956,91759956,Inowrocław,55622
3,91759957,91759957,Inowrocław,55622
3,91759958,91759958,Inowrocław,55624
3,91759959,91759959,Inowrocław,55624
3_BUS,91762296,91762296,Kartuzy,55626 Kz 1
3_BUS,91502974,91502974,Kartuzy,55626 Kz1
3_BUS,91762297,91762297,Kartuzy,55628 Kz 1
3,91759960,91759960,Toruń Główny,55630
3,91759961,91759961,Toruń Główny,55630
3,91502339,91502339,Toruń Główny,55630
3,91759962,91759962,Toruń Wschodni,55632
3,91759963,91759963,Toruń Wschodni,55632
3_BUS,91762298,91762298,Kartuzy,55634 Kz 1
3_BUS,91502975,91502975,Kartuzy,55636 Kz1
3_BUS,91762299,91762299,Kartuzy,55636 Kz 1
3_BUS,91762300,91762300,Kartuzy,55638 Kz 1
3_BUS,91762301,91762301,Kartuzy,55640 Kz 1
3,91759964,91759964,Toruń Wschodni,55642
3,91759965,91759965,Toruń Wschodni,55642
3_BUS,91502976,91502976,Kartuzy,55644 Kz1
3_BUS,91762302,91762302,Kartuzy,55646 Kz 1
3_BUS,91762303,91762303,Kartuzy,55648 Kz 1
3_BUS,91502977,91502977,Kartuzy,55650 Kz1
3,91759966,91759966,Bydgoszcz Główna,55651
3,91759967,91759967,Bydgoszcz Główna,55651
3,91759968,91759968,Bydgoszcz Główna,55652
3,91759969,91759969,Bydgoszcz Główna,55652
3,91759970,91759970,Bydgoszcz Główna,55653
3,91759971,91759971,Bydgoszcz Główna,55653
3,91502340,91502340,Bydgoszcz Główna,55653
3,91502341,91502341,Bydgoszcz Główna,55654
3_BUS,91762304,91762304,Kartuzy,55654 Kz 1
3,91759972,91759972,Bydgoszcz Główna,55656
3,91759973,91759973,Bydgoszcz Główna,55656
3_BUS,91762305,91762305,Gdańsk Rębiechowo,55658 Kz 3
3_BUS,91502978,91502978,Kartuzy,55658 Kz1
3_BUS,91762306,91762306,Kościerzyna,55660 Kz 3
3_BUS,91762307,91762307,Gdańsk Rębiechowo,55662 Kz 3
3,91759974,91759974,Laskowice Pomorskie,55665
3,91759975,91759975,Laskowice Pomorskie,55665
3,91759976,91759976,Laskowice Pomorskie,55667
3,91759977,91759977,Laskowice Pomorskie,55667
3,91759978,91759978,Bydgoszcz Główna,55668
3,91759979,91759979,Bydgoszcz Główna,55668
3,91759980,91759980,Bydgoszcz Główna,55670
3,91759981,91759981,Bydgoszcz Główna,55670
3,91502342,91502342,Bydgoszcz Główna,55670
3_BUS,91762308,91762308,Gdańsk Rębiechowo,55672 Kz 3
3_BUS,91502979,91502979,Kartuzy,55672 Kz1
3_BUS,91762309,91762309,Gdańsk Rębiechowo,55674 Kz 3
3_BUS,91502980,91502980,Kartuzy,55676 Kz1
3_BUS,91762310,91762310,Gdańsk Rębiechowo,55676 Kz 3
3_BUS,91762311,91762311,Gdańsk Rębiechowo,55678 Kz 3
3_BUS,91502981,91502981,Kartuzy,55678 Kz1
3_BUS,91502982,91502982,Kartuzy,55680 Kz1
3_BUS,91762312,91762312,Gdańsk Rębiechowo,55680 Kz 3
3,91759982,91759982,Bydgoszcz Główna,55683
3,91759983,91759983,Bydgoszcz Główna,55683
3,91502343,91502343,Bydgoszcz Główna,55683
3,91759984,91759984,Bydgoszcz Główna,55684
3,91759985,91759985,Bydgoszcz Główna,55684
3,91759986,91759986,Nakło nad Notecią,55687
3,91759987,91759987,Nakło nad Notecią,55687
3,91759988,91759988,Bydgoszcz Główna,55688
3,91759989,91759989,Bydgoszcz Główna,55688
3_BUS,91762313,91762313,Gdańsk Rębiechowo,55690 Kz 3
3_BUS,91502983,91502983,Kartuzy,55690 Kz1
3_BUS,91502984,91502984,Kościerzyna,55692 Kz3
3_BUS,91762314,91762314,Gdańsk Rębiechowo,55692 Kz 3
3_BUS,91762315,91762315,Gdańsk Rębiechowo,55694 Kz 3
3_BUS,91502985,91502985,Kartuzy,55694 Kz2
3_BUS,91762316,91762316,Gdańsk Rębiechowo,55696 Kz 3
3_BUS,91502986,91502986,Kościerzyna,55696 Kz2
3_BUS,91762317,91762317,Gdańsk Rębiechowo,55698 Kz 3
3,91759990,91759990,Toruń Główny,55700
3,91759991,91759991,Toruń Główny,55700
3,91759992,91759992,Toruń Główny,55701
3,91759993,91759993,Toruń Główny,55702
3,91759994,91759994,Toruń Główny,55702
3_BUS,91502987,91502987,Kościerzyna,55702 Kz2
3,91759995,91759995,Toruń Główny,55703
3_BUS,91502988,91502988,Kościerzyna,55704 Kz2
3_BUS,91762318,91762318,Kościerzyna,55704 Kz 3
3_BUS,91762319,91762319,Kościerzyna,55706 Kz 3
3_BUS,91762320,91762320,Kościerzyna,55708 Kz 3
3_BUS,91762321,91762321,Kościerzyna,55710 Kz 3
3_BUS,91762322,91762322,Kościerzyna,55712 Kz 3
3_BUS,91762323,91762323,Kościerzyna,55714 Kz 3
3_BUS,91762324,91762324,Kościerzyna,55716 Kz 3
3_BUS,91762325,91762325,Kościerzyna,55718 Kz 3
3,91759996,91759996,Gdynia Chylonia,55721
3,91759997,91759997,Gdynia Chylonia,55721
3,91759998,91759998,Gdynia Chylonia,55721
3,91502344,91502344,Gdynia Chylonia,55721
3_BUS,91762326,91762326,Kościerzyna,55724 Kz 3
3_BUS,91762327,91762327,Kościerzyna,55730 Kz 3
3_BUS,91762328,91762328,Kościerzyna,55732 Kz 3
3,91762329,91762329,Gdańsk Wrzeszcz,55734
3,91502989,91502989,Gdańsk Wrzeszcz,55736
3_BUS,91762330,91762330,Kartuzy,55736 Kz2
3_BUS,91762331,91762331,Kartuzy,55738 Kz2
3_BUS,91762332,91762332,Kartuzy,55744 Kz2
3_BUS,91762333,91762333,Kartuzy,55750 Kz2
3_BUS,91762334,91762334,Kartuzy,55752 Kz2
3_BUS,91762335,91762335,Kartuzy,55754 Kz2
3_BUS,91762336,91762336,Kartuzy,55756 Kz2
3_BUS,91762337,91762337,Kartuzy,55758 Kz2
3_BUS,91762338,91762338,Kościerzyna,55760 Kz2
3_BUS,91762339,91762339,Kościerzyna,55762 Kz2
3,91759999,91759999,Toruń Główny,55764
3,91760000,91760000,Toruń Główny,55764
3,91502345,91502345,Toruń Główny,55764
3,91760001,91760001,Toruń Główny,55766
3,91760002,91760002,Toruń Główny,55766
3,91760003,91760003,Toruń Główny,55768
3,91760004,91760004,Toruń Główny,55768
3,91760005,91760005,Toruń Główny,55768
3,91502346,91502346,Toruń Główny,55770
3_BUS,91762340,91762340,Kościerzyna,55770 Kz2
3_BUS,91762341,91762341,Kościerzyna,55772 Kz2
3,91762342,91762342,Gdańsk Wrzeszcz,55772
3_BUS,91762343,91762343,Kościerzyna,55774 Kz2
3_BUS,91762344,91762344,Kościerzyna,55776 Kz2
3_BUS,91762345,91762345,Kościerzyna,55778 Kz2
3,91762346,91762346,Gdynia Główna,55781
3,91762347,91762347,Gdynia Główna,55781
3,91762348,91762348,Gdańsk Wrzeszcz,55782
3,91762349,91762349,Gdańsk Wrzeszcz,55782
3,91762350,91762350,Gdańsk Wrzeszcz,55782
3,91762351,91762351,Gdańsk Wrzeszcz,55782
3,91762352,91762352,Gdańsk Wrzeszcz,55784
3,91762353,91762353,Gdańsk Wrzeszcz,55784
3,91762354,91762354,Gdańsk Wrzeszcz,55784
3,91762355,91762355,Gdańsk Wrzeszcz,55784
3,91762356,91762356,Gdańsk Wrzeszcz,55784
3,91762358,91762358,Gdańsk Wrzeszcz,55786
3,91762357,91762357,Gdańsk Wrzeszcz,55786
3,91762359,91762359,Gdańsk Wrzeszcz,55786
3,91762360,91762360,Gdańsk Wrzeszcz,55786
3,91762361,91762361,Gdańsk Wrzeszcz,55786
3,91762362,91762362,Gdańsk Wrzeszcz,55788
3,91762363,91762363,Gdańsk Wrzeszcz,55788
3,91762364,91762364,Gdańsk Wrzeszcz,55788
3,91762365,91762365,Gdańsk Wrzeszcz,55788
3,91762366,91762366,Gdańsk Wrzeszcz,55788
3,91762367,91762367,Gdańsk Wrzeszcz,55790
3,91762368,91762368,Gdańsk Wrzeszcz,55790
3,91762369,91762369,Gdańsk Wrzeszcz,55790
3,91762370,91762370,Gdańsk Wrzeszcz,55790
3,91762371,91762371,Gdańsk Wrzeszcz,55790
3,91762373,91762373,Gdańsk Wrzeszcz,55792
3,91762372,91762372,Gdańsk Wrzeszcz,55792
3,91762374,91762374,Malbork,55796
3,91760006,91760006,Włocławek,55800
3,91760007,91760007,Włocławek,55800
3,91760008,91760008,Olsztyn Główny,55802
3,91502347,91502347,Ełk,55802
3,91760009,91760009,Elbląg,55804
3,91502348,91502348,Ełk,55804
3,91502349,91502349,Ełk,55806
3,91502350,91502350,Ełk,55808
3,91502351,91502351,Giżycko,55811
3,91502352,91502352,Giżycko,55813
3,91502353,91502353,Giżycko,55815
3,91762375,91762375,Gdynia Główna,55817
3,91762376,91762376,Gdynia Główna,55817
3,91762377,91762377,Gdynia Chylonia,55819
3,91762378,91762378,Gdynia Chylonia,55819
3,91762379,91762379,Gdynia Chylonia,55819
3,91760010,91760010,Wyrzysk Osiek,55827
3,91760011,91760011,Wyrzysk Osiek,55827
3,91760012,91760012,Wyrzysk Osiek,55827
3,91760013,91760013,Bydgoszcz Główna,55828
3,91760014,91760014,Bydgoszcz Główna,55828
3,91760015,91760015,Toruń Wschodni,55840
3,91760016,91760016,Toruń Wschodni,55840
3,91760017,91760017,Bydgoszcz Główna,55842
3,91760018,91760018,Bydgoszcz Główna,55842
3,91502354,91502354,Bydgoszcz Główna,55842
3,91760019,91760019,Bydgoszcz Główna,55844
3,91760020,91760020,Bydgoszcz Główna,55844
3,91760021,91760021,Bydgoszcz Główna,55846
3,91760022,91760022,Bydgoszcz Główna,55846
3,91762380,91762380,Malbork,55852
3,91502990,91502990,Malbork,55852
3,91762381,91762381,Malbork,55858
3,91762382,91762382,Malbork,55858
3,91502991,91502991,Malbork,55858
3,91762383,91762383,Gdynia Główna,55867
3,91762384,91762384,Gdynia Główna,55867
3,91762385,91762385,Gdynia Główna,55867
3,91762386,91762386,Gdynia Chylonia,55869
3,91762387,91762387,Gdynia Chylonia,55869
3,91762388,91762388,Gdynia Chylonia,55869
3,91762389,91762389,Gdańsk Wrzeszcz,55871
3,91762390,91762390,Gdańsk Wrzeszcz,55871
3,91762391,91762391,Gdańsk Wrzeszcz,55871
3,91762392,91762392,Gdańsk Wrzeszcz,55875
3,91762393,91762393,Gdańsk Wrzeszcz,55875
3,91762394,91762394,Gdańsk Wrzeszcz,55875
3,91762395,91762395,Tczew,55886
3,91762396,91762396,Tczew,55886
3,91762397,91762397,Tczew,55886
3,91762398,91762398,Malbork,55890
3,91762399,91762399,Malbork,55890
3,91760023,91760023,Kaliska Kujawskie,55892
3,91760024,91760024,Kaliska Kujawskie,55892
3,91502355,91502355,Kaliska Kujawskie,55892
3,91502356,91502356,Giżycko,55917
3,91760025,91760025,Ełk,55941
3,91760026,91760026,Ełk,55941
3,91502357,91502357,Ełk,55941
3,91760027,91760027,Olsztyn Główny,55950
3,91760028,91760028,Olsztyn Główny,55950
3,91502358,91502358,Olsztyn Główny,55956
3,91760029,91760029,Działdowo,55960
3,91760030,91760030,Działdowo,55960
3,91760031,91760031,Działdowo,55962
3,91760032,91760032,Działdowo,55962
3,91760033,91760033,Gniezno,57250
3,91760034,91760034,Gniezno,57250
3,91760035,91760035,Gniezno,57250
3,91760036,91760036,Gniezno,57252
3,91760037,91760037,Gniezno,57252
3,91760038,91760038,Gniezno,57252
3,91502359,91502359,Poznań Główny,57252
3,91502360,91502360,Poznań Główny,57254
3,91502361,91502361,Poznań Główny,57256
3,91502362,91502362,Poznań Główny,57258
3,91502363,91502363,Poznań Główny,57260
3,91502364,91502364,Poznań Główny,57262
3,91502365,91502365,Poznań Główny,57264
3,91760039,91760039,Poznań Główny,57350
3,91760040,91760040,Poznań Główny,57350
3,91760041,91760041,Poznań Główny,57352
3,91760042,91760042,Poznań Główny,57352
3,91760043,91760043,Poznań Główny,57352
3,91760044,91760044,Poznań Główny,57354
3,91760045,91760045,Poznań Główny,57354
3,91760046,91760046,Poznań Główny,57354
3,91760047,91760047,Poznań Główny,57356
3,91760048,91760048,Poznań Główny,57356
3,91760051,91760051,Poznań Główny,57358
3,91760049,91760049,Poznań Główny,57358
3,91760050,91760050,Poznań Główny,57358
3,91760052,91760052,Poznań Główny,57360
3,91760053,91760053,Poznań Główny,57360
3,91760054,91760054,Poznań Główny,57360
3,91760055,91760055,Poznań Główny,57362
3,91760056,91760056,Poznań Główny,57362
3,91760057,91760057,Poznań Główny,57362
3,91760058,91760058,Kołobrzeg,58050 Rybitwa
3,91762400,91762400,Słupsk,58203
3,91762401,91762401,Słupsk,58203
3,91762402,91762402,Słupsk,58203
3,91762403,91762403,Słupsk,58205
3,91762404,91762404,Słupsk,58205
3,91762405,91762405,Słupsk,58205
3,91762406,91762406,Słupsk,58205
3,91762407,91762407,Szczecinek,58206
3,91762408,91762408,Szczecinek,58206
3,91502994,91502994,Szczecinek,58206
3,91762409,91762409,Słupsk,58209
3,91762410,91762410,Słupsk,58209
3,91762411,91762411,Słupsk,58209
3,91762412,91762412,Słupsk,58209
3,91762413,91762413,Słupsk,58211
3,91762414,91762414,Słupsk,58211
3,91762415,91762415,Słupsk,58211
3,91762416,91762416,Słupsk,58211
3,91762417,91762417,Słupsk,58213
3,91762418,91762418,Słupsk,58213
3,91762419,91762419,Słupsk,58213
3,91762420,91762420,Słupsk,58213
3,91762421,91762421,Słupsk,58217
3,91762422,91762422,Słupsk,58217
3,91762423,91762423,Słupsk,58217
3,91762424,91762424,Słupsk,58217
3,91762425,91762425,Słupsk,58217
3,91762430,91762430,Słupsk,58222
3,91762431,91762431,Słupsk,58222
3,91762432,91762432,Słupsk,58222
3,91762433,91762433,Słupsk,58222
3,91762434,91762434,Słupsk,58222
3,91762435,91762435,Słupsk,58222
3,91762436,91762436,Słupsk,58225
3,91762437,91762437,Słupsk,58225
3,91762438,91762438,Słupsk,58225
3,91762439,91762439,Słupsk,58225
3,91760059,91760059,Słupsk,58227
3,91760060,91760060,Słupsk,58227
3,91760061,91760061,Słupsk,58227
3,91760062,91760062,Słupsk,58227
3,91760063,91760063,Słupsk,58227
3,91760064,91760064,Szczecin Główny,58315 Barnim
3,91760065,91760065,Szczecin Główny,58315 Barnim
3,91503002,91503002,Krzyż,58321
3,91762440,91762440,Piła Główna,58323
3,91503003,91503003,Krzyż,58323
3,91760067,91760067,Piła Główna,58325
3,91760066,91760066,Piła Główna,58325
3,91503004,91503004,Krzyż,58325
3,91762441,91762441,Piła Główna,58327
3,91762442,91762442,Piła Główna,58327
3,91503005,91503005,Krzyż,58327
3,91760069,91760069,Krzyż,58329
3,91760068,91760068,Krzyż,58329
3,91503006,91503006,Krzyż,58329
3,91762443,91762443,Piła Główna,58331
3,91762444,91762444,Piła Główna,58331
3,91760070,91760070,Krzyż,58333
3,91760071,91760071,Krzyż,58333
3,91760072,91760072,Krzyż,58333
3,91760073,91760073,Piła Główna,58401
3,91760074,91760074,Piła Główna,58401
3,91760075,91760075,Piła Główna,58403
3,91760076,91760076,Piła Główna,58403
3,91502366,91502366,Piła Główna,58403
3,91760078,91760078,Piła Główna,58405
3,91760077,91760077,Piła Główna,58405
3,91502367,91502367,Piła Główna,58405
3,91760079,91760079,Piła Główna,58407
3,91760080,91760080,Piła Główna,58407
3,91502368,91502368,Piła Główna,58407
3,91760081,91760081,Piła Główna,58409
3,91760082,91760082,Piła Główna,58409
3,91760083,91760083,Piła Główna,58409
3,91760084,91760084,Piła Główna,58411
3,91760085,91760085,Piła Główna,58411
3,91502369,91502369,Piła Główna,58411
3,91760086,91760086,Piła Główna,58413
3,91760087,91760087,Piła Główna,58413
3,91502370,91502370,Piła Główna,58413
3,91760088,91760088,Piła Główna,58415
3,91760089,91760089,Piła Główna,58415
3,91502371,91502371,Piła Główna,58415
3,91762445,91762445,Słupsk,58630
3,91762446,91762446,Słupsk,58630
3,91762447,91762447,Słupsk,58630
3,91762448,91762448,Słupsk,58630
3,91760090,91760090,Kołobrzeg,58921
3,91760092,91760092,Kołobrzeg,58921
3,91760093,91760093,Szymany Lotnisko,59910
3,91502372,91502372,Szymany Lotnisko,59910
3,91760094,91760094,Kluczbork,60532
3,91760095,91760095,Kluczbork,60532
3,91502373,91502373,Namysłów,60532
3,91502374,91502374,Kluczbork,60536
3,91502375,91502375,Kluczbork,60538
3,91760096,91760096,Namysłów,60561
3,91760097,91760097,Namysłów,60561
3,91760098,91760098,Wrocław Główny,60562
3,91760099,91760099,Wrocław Główny,60562
3,91502376,91502376,Wrocław Główny,60562
3,91760100,91760100,Wrocław Główny,60564
3,91760101,91760101,Wrocław Główny,60564
3,91502377,91502377,Wrocław Główny,60564
3,91760102,91760102,Namysłów,60567
3,91760103,91760103,Namysłów,60567
3,91760104,91760104,Brzeg,60601
3,91760105,91760105,Brzeg,60601
3,91760106,91760106,Brzeg,60601
3,91760107,91760107,Brzeg,60601
3,91502378,91502378,Brzeg,60601
3,91760108,91760108,Brzeg,60603
3,91760109,91760109,Brzeg,60603
3,91502379,91502379,Brzeg,60603
3,91760110,91760110,Brzeg,60605
3,91760111,91760111,Brzeg,60605
3,91502380,91502380,Brzeg,60605
3,91760112,91760112,Nysa,60610
3,91760113,91760113,Nysa,60610
3,91760114,91760114,Nysa,60612
3,91760115,91760115,Nysa,60612
3,91502381,91502381,Nysa,60612
3,91760116,91760116,Nysa,60614
3,91760117,91760117,Nysa,60614
3,91502382,91502382,Nysa,60614
3,91760118,91760118,Nysa,60616
3,91760119,91760119,Nysa,60616
3,91502383,91502383,Nysa,60616
3,91760120,91760120,Nysa,60618
3,91760121,91760121,Nysa,60618
3,91502384,91502384,Zawadzkie,60706
3,91502385,91502385,Zawadzkie,60710
3,91502386,91502386,Zawadzkie,60716
3,91502387,91502387,Opole Główne,60733
3,91760122,91760122,Opole Główne,60739
3,91760123,91760123,Opole Główne,60739
3,91502388,91502388,Opole Główne,60739
3,91760124,91760124,Opole Główne,60741
3,91760125,91760125,Opole Główne,60741
3,91760126,91760126,Opole Główne,60743
3,91760127,91760127,Opole Główne,60743
3,91760128,91760128,Opole Główne,60743
3,91502389,91502389,Opole Główne,60743
3,91760129,91760129,Opole Główne,60745
3,91760130,91760130,Opole Główne,60745
3,91760131,91760131,Opole Główne,60747
3,91760132,91760132,Opole Główne,60747
3,91760133,91760133,Opole Główne,60749
3,91760134,91760134,Opole Główne,60749
3,91502390,91502390,Opole Główne,60749
3,91760135,91760135,Opole Główne,60751
3,91760136,91760136,Opole Główne,60751
3,91760137,91760137,Opole Główne,60753
3,91760138,91760138,Opole Główne,60753
3,91760139,91760139,Opole Główne,60755
3,91760140,91760140,Opole Główne,60755
3,91760141,91760141,Opole Główne,60757
3,91760142,91760142,Opole Główne,60757
3,91760143,91760143,Zawadzkie,60760
3,91760144,91760144,Zawadzkie,60760
3,91760145,91760145,Zawadzkie,60762
3,91760146,91760146,Zawadzkie,60762
3,91760147,91760147,Zawadzkie,60762
3,91760148,91760148,Zawadzkie,60764
3,91760149,91760149,Zawadzkie,60764
3,91760151,91760151,Zawadzkie,60766
3,91760150,91760150,Zawadzkie,60766
3,91760152,91760152,Zawadzkie,60768
3,91760153,91760153,Zawadzkie,60768
3,91760154,91760154,Zawadzkie,60770
3,91760155,91760155,Zawadzkie,60770
3,91760158,91760158,Zawadzkie,60772
3,91760156,91760156,Zawadzkie,60772
3,91760157,91760157,Zawadzkie,60772
3,91760159,91760159,Zawadzkie,60774
3,91760160,91760160,Zawadzkie,60774
3,91502391,91502391,Nysa,60805
3,91502392,91502392,Nysa,60809
3,91502393,91502393,Nysa,60815
3,91502394,91502394,Nysa,60819
3,91502395,91502395,Opole Główne,60820
3,91502396,91502396,Opole Główne,60824
3,91502397,91502397,Opole Główne,60830
3,91502398,91502398,Opole Główne,60834
3,91760162,91760162,Kluczbork,60901
3,91760161,91760161,Kluczbork,60901
3,91502399,91502399,Kluczbork,60901
3,91760163,91760163,Kluczbork,60903
3,91760164,91760164,Kluczbork,60903
3,91760165,91760165,Kluczbork,60905
3,91760166,91760166,Kluczbork,60905
3,91502400,91502400,Kluczbork,60905
3,91760167,91760167,Kluczbork,60907
3,91760168,91760168,Kluczbork,60907
3,91760170,91760170,Kluczbork,60909
3,91760169,91760169,Kluczbork,60909
3,91502401,91502401,Kluczbork,60909
3,91502402,91502402,Kluczbork,60911
3,91760171,91760171,Kluczbork,60911
3,91760172,91760172,Kluczbork,60911
3,91760173,91760173,Opole Główne,60920
3,91760174,91760174,Opole Główne,60920
3,91502403,91502403,Opole Główne,60920
3,91760175,91760175,Opole Główne,60922
3,91760176,91760176,Opole Główne,60922
3,91502404,91502404,Opole Główne,60922
3,91760177,91760177,Opole Główne,60924
3,91760178,91760178,Opole Główne,60924
3,91760179,91760179,Opole Główne,60926
3,91760180,91760180,Opole Główne,60926
3,91502405,91502405,Opole Główne,60926
3,91760181,91760181,Opole Główne,60928
3,91760182,91760182,Opole Główne,60930
3,91502406,91502406,Opole Główne,60930
3,91502407,91502407,Wisła Głębce,64050 Malinka
3,91760183,91760183,Wisła Głębce,64050 Malinka
3,91760184,91760184,Wisła Głębce,64052 Malinka
3,91760185,91760185,Wisła Głębce,64054 Malinka
3,91760186,91760186,Wisła Głębce,64054 Malinka
3,91760187,91760187,Wisła Głębce,64056 Malinka
3,91760189,91760189,Częstochowa,64130
3,91760190,91760190,Częstochowa,64130
3,91760191,91760191,Częstochowa,64130
3,91760192,91760192,Częstochowa,64130
3,91760193,91760193,Częstochowa,64130
3,91760194,91760194,Częstochowa,64130
3,91760196,91760196,Częstochowa,64132
3,91760197,91760197,Częstochowa,64132
3,91760198,91760198,Częstochowa,64132
3,91760199,91760199,Częstochowa,64132
3,91760200,91760200,Racibórz,64200
3,91760201,91760201,Racibórz,64200
3,91502408,91502408,Racibórz,64200
3,91760202,91760202,Racibórz,64202
3,91760203,91760203,Racibórz,64202
3,91502409,91502409,Kędzierzyn-Koźle,64202
3,91760204,91760204,Racibórz,64204
3,91760205,91760205,Racibórz,64204
3,91760206,91760206,Racibórz,64206
3,91760207,91760207,Racibórz,64206
3,91502410,91502410,Kędzierzyn-Koźle,64206
3,91760208,91760208,Racibórz,64208
3,91760209,91760209,Racibórz,64208
3,91760210,91760210,Racibórz,64208
3,91760211,91760211,Racibórz,64210
3,91760212,91760212,Racibórz,64210
3,91760213,91760213,Racibórz,64212
3,91760214,91760214,Racibórz,64212
3,91760215,91760215,Racibórz,64214
3,91760216,91760216,Racibórz,64214
3,91760217,91760217,Racibórz,64216
3,91760218,91760218,Racibórz,64216
3,91760219,91760219,Racibórz,64218
3,91760220,91760220,Racibórz,64218
3,91760221,91760221,Racibórz,64218
3,91502411,91502411,Racibórz,64218
3,91760222,91760222,Racibórz,64220
3,91760223,91760223,Racibórz,64220
3,91502412,91502412,Racibórz,64220
3,91760224,91760224,Racibórz,64222
3,91760225,91760225,Racibórz,64222
3,91760226,91760226,Racibórz,64224
3,91760227,91760227,Racibórz,64224
3,91502413,91502413,Racibórz,64224
3,91760228,91760228,Racibórz,64226
3,91760229,91760229,Racibórz,64226
3,91760230,91760230,Racibórz,64228
3,91760231,91760231,Racibórz,64228
3,91502414,91502414,Racibórz,64228
3,91760233,91760233,Racibórz,64230
3,91760232,91760232,Racibórz,64230
3,91502415,91502415,Racibórz,64232
3,91760234,91760234,Kędzierzyn-Koźle,64236
3,91760235,91760235,Kędzierzyn-Koźle,64236
3,91502416,91502416,Racibórz,64236
3,91760236,91760236,Kędzierzyn-Koźle,64242
3,91760237,91760237,Kędzierzyn-Koźle,64242
3,91760238,91760238,Kędzierzyn-Koźle,64250
3,91760239,91760239,Kędzierzyn-Koźle,64250
3,91760240,91760240,Kędzierzyn-Koźle,64250
3,91760241,91760241,Kędzierzyn-Koźle,64254
3,91760242,91760242,Kędzierzyn-Koźle,64254
3,91760243,91760243,Kędzierzyn-Koźle,64256
3,91760244,91760244,Kędzierzyn-Koźle,64256
3,91760245,91760245,Kędzierzyn-Koźle,64258
3,91760246,91760246,Kędzierzyn-Koźle,64258
3,91760247,91760247,Kędzierzyn-Koźle,64262
3,91760248,91760248,Kędzierzyn-Koźle,64262
3,91760249,91760249,Kędzierzyn-Koźle,64264
3,91760250,91760250,Kędzierzyn-Koźle,64264
3,91760251,91760251,Kędzierzyn-Koźle,64266
3,91760252,91760252,Kędzierzyn-Koźle,64266
3,91760253,91760253,Kędzierzyn-Koźle,64268
3,91760254,91760254,Kędzierzyn-Koźle,64268
3,91502417,91502417,Gliwice,64300
3,91760255,91760255,Gliwice,64320
3,91760256,91760256,Gliwice,64320
3,91760257,91760257,Gliwice,64322
3,91760258,91760258,Gliwice,64322
3,91502418,91502418,Gliwice,64322
3,91760259,91760259,Gliwice,64324
3,91760260,91760260,Gliwice,64324
3,91760261,91760261,Gliwice,64324
3,91760262,91760262,Gliwice,64326
3,91760263,91760263,Gliwice,64326
3,91760264,91760264,Gliwice,64326
3,91760265,91760265,Gliwice,64328
3,91760266,91760266,Gliwice,64328
3,91760267,91760267,Gliwice,64328
3,91760268,91760268,Gliwice,64330
3,91760269,91760269,Gliwice,64330
3,91502419,91502419,Gliwice,64330
3,91760270,91760270,Gliwice,64332
3,91760271,91760271,Gliwice,64332
3,91760272,91760272,Gliwice,64332
3,91760273,91760273,Gliwice,64334
3,91760274,91760274,Gliwice,64334
3,91760275,91760275,Gliwice,64334
3,91760276,91760276,Gliwice,64334
3,91502420,91502420,Gliwice,64334
3,91760277,91760277,Gliwice,64336
3,91760278,91760278,Gliwice,64336
3,91760279,91760279,Gliwice,64336
3,91760280,91760280,Gliwice,64338
3,91760281,91760281,Gliwice,64338
3,91760282,91760282,Gliwice,64338
3,91502421,91502421,Gliwice,64338
3,91760284,91760284,Gliwice,64340
3,91760283,91760283,Gliwice,64340
3,91760285,91760285,Gliwice,64340
3,91502422,91502422,Gliwice,64340
3,91760286,91760286,Gliwice,64342
3,91760287,91760287,Gliwice,64342
3,91760288,91760288,Gliwice,64342
3,91760289,91760289,Kędzierzyn-Koźle,64400
3,91760290,91760290,Kędzierzyn-Koźle,64400
3,91760291,91760291,Kędzierzyn-Koźle,64402
3,91760292,91760292,Kędzierzyn-Koźle,64402
3,91760293,91760293,Kędzierzyn-Koźle,64404
3,91760294,91760294,Kędzierzyn-Koźle,64404
3,91760295,91760295,Kędzierzyn-Koźle,64406
3,91760296,91760296,Kędzierzyn-Koźle,64406
3,91502423,91502423,Kędzierzyn-Koźle,64406
3,91760297,91760297,Kędzierzyn-Koźle,64408
3,91760298,91760298,Kędzierzyn-Koźle,64408
3,91760299,91760299,Kędzierzyn-Koźle,64410
3,91760300,91760300,Kędzierzyn-Koźle,64410
3,91760301,91760301,Kędzierzyn-Koźle,64412
3,91760302,91760302,Kędzierzyn-Koźle,64412
3,91760303,91760303,Kędzierzyn-Koźle,64412
3,91502424,91502424,Kędzierzyn-Koźle,64412
3,91760304,91760304,Kędzierzyn-Koźle,64414
3,91760305,91760305,Kędzierzyn-Koźle,64414
3,91760306,91760306,Kędzierzyn-Koźle,64416
3,91760307,91760307,Kędzierzyn-Koźle,64416
3,91760310,91760310,Kędzierzyn-Koźle,64418
3,91760308,91760308,Kędzierzyn-Koźle,64418
3,91760309,91760309,Kędzierzyn-Koźle,64418
3,91502425,91502425,Kędzierzyn-Koźle,64418
3,91760311,91760311,Kędzierzyn-Koźle,64420
3,91760312,91760312,Kędzierzyn-Koźle,64420
3,91760313,91760313,Kędzierzyn-Koźle,64420
3,91760314,91760314,Rybnik,64510 Ignacy
3,91760315,91760315,Rybnik,64510 Ignacy
3,91760316,91760316,Lubliniec,64530
3,91760317,91760317,Lubliniec,64530
3,91760318,91760318,Lubliniec,64532
3,91760319,91760319,Lubliniec,64532
3,91760320,91760320,Lubliniec,64536
3,91760321,91760321,Lubliniec,64536
3,91760322,91760322,Lubliniec,64536
3,91502426,91502426,Lubliniec,64538
3,91760323,91760323,Lubliniec,64542
3,91760324,91760324,Lubliniec,64542
3,91760325,91760325,Lubliniec,64542
3,91502427,91502427,Lubliniec,64542
3,91760326,91760326,Lubliniec,64544
3,91760327,91760327,Lubliniec,64544
3,91760328,91760328,Lubliniec,64544
3,91502428,91502428,Lubliniec,64544
3,91760329,91760329,Lubliniec,64546
3,91760330,91760330,Lubliniec,64546
3,91502429,91502429,Lubliniec,64546
3,91760331,91760331,Lubliniec,64548
3,91760332,91760332,Lubliniec,64548
3,91502430,91502430,Lubliniec,64548
3,91502431,91502431,Częstochowa,64550
3,91760333,91760333,Częstochowa,64552
3,91760334,91760334,Częstochowa,64552
3,91760335,91760335,Częstochowa,64552
3,91760336,91760336,Częstochowa,64552
3,91760337,91760337,Częstochowa,64552
3,91760339,91760339,Kędzierzyn-Koźle,64620
3,91760338,91760338,Kędzierzyn-Koźle,64620
3,91502432,91502432,Kędzierzyn-Koźle,64620
3,91760340,91760340,Kędzierzyn-Koźle,64622
3,91760341,91760341,Kędzierzyn-Koźle,64622
3,91760343,91760343,Kędzierzyn-Koźle,64624
3,91760342,91760342,Kędzierzyn-Koźle,64624
3,91760344,91760344,Kędzierzyn-Koźle,64626
3,91760345,91760345,Kędzierzyn-Koźle,64626
3,91760346,91760346,Kędzierzyn-Koźle,64628
3,91760347,91760347,Kędzierzyn-Koźle,64628
3,91760348,91760348,Kędzierzyn-Koźle,64632
3,91760349,91760349,Kędzierzyn-Koźle,64632
3,91760350,91760350,Kędzierzyn-Koźle,64640
3,91760351,91760351,Kędzierzyn-Koźle,64640
3,91502433,91502433,Kędzierzyn-Koźle,64640
3,91760352,91760352,Kędzierzyn-Koźle,64642
3,91760353,91760353,Kędzierzyn-Koźle,64642
3,91502434,91502434,Kędzierzyn-Koźle,64642
3_BUS,91760354,91760354,Brzeg,66201
3_BUS,91760355,91760355,Brzeg,66201
3_BUS,91760356,91760356,Nysa,66202
3_BUS,91760357,91760357,Nysa,66202
3,91502435,91502435,Wrocław Główny,66209
3,91760358,91760358,Biskupice Oławskie,66217
3,91760359,91760359,Biskupice Oławskie,66217
3_BUS,91760360,91760360,Twardogóra,66234
3,91760361,91760361,Kluczbork,66236
3,91760362,91760362,Kluczbork,66236
3,91760363,91760363,Kluczbork,66236
3,91760364,91760364,Opole Główne,66240
3,91760365,91760365,Opole Główne,66240
3,91760366,91760366,Opole Główne,66242
3,91760367,91760367,Opole Główne,66242
3,91760368,91760368,Opole Główne,66246
3,91760369,91760369,Opole Główne,66246
3,91502436,91502436,Wrocław Główny,66252
3,91760372,91760372,Kluczbork,66258
3,91760370,91760370,Kluczbork,66258
3,91760371,91760371,Kluczbork,66258
3,91760373,91760373,Kluczbork,66260
3,91760374,91760374,Kluczbork,66260
3,91760375,91760375,Kluczbork,66260
3,91760376,91760376,Opole Główne,66262
3,91760377,91760377,Opole Główne,66262
3,91760378,91760378,Biskupice Oławskie,66263
3,91760379,91760379,Biskupice Oławskie,66263
3,91760380,91760380,Opole Główne,66264
3,91760381,91760381,Opole Główne,66264
3,91760382,91760382,Głuchołazy Miasto,66270
3,91760383,91760383,Głuchołazy Miasto,66270
3,91760384,91760384,Głuchołazy Miasto,66272
3,91760385,91760385,Głuchołazy Miasto,66272
3,91760386,91760386,Brzeg,66273
3,91760387,91760387,Brzeg,66273
3,91760388,91760388,Brzeg,66275
3,91760389,91760389,Brzeg,66275
3,91760390,91760390,Wrocław Główny,66277
3,91760391,91760391,Wrocław Główny,66277
3,91760392,91760392,Opole Główne,66279
3,91760393,91760393,Opole Główne,66279
3,91760394,91760394,Opole Główne,66279
3,91760395,91760395,Strzelce Opolskie,66282
3,91760396,91760396,Strzelce Opolskie,66282
3,91760397,91760397,Strzelce Opolskie,66282
3,91502437,91502437,Wrocław Główny,66303
3,91502438,91502438,Wrocław Główny,66305
3,91502439,91502439,Wrocław Główny,66309
3,91502440,91502440,Wrocław Główny,66317
3,91502441,91502441,Wrocław Główny,66319
3,91760398,91760398,Opole Główne,66400
3,91760399,91760399,Opole Główne,66400
3,91760400,91760400,Opole Główne,66402
3,91760401,91760401,Opole Główne,66402
3,91502442,91502442,Opole Główne,66408
3,91502443,91502443,Brzeg,66416
3,91502444,91502444,Brzeg,66420
3,91760402,91760402,Nysa,66611
3,91760403,91760403,Nysa,66611
3,91760404,91760404,Nysa,66613
3,91760405,91760405,Nysa,66613
3,91760406,91760406,Nysa,66613
3,91760407,91760407,Nysa,66613
3,91760408,91760408,Nysa,66615
3,91760409,91760409,Nysa,66615
3,91760410,91760410,Nysa,66617
3,91760411,91760411,Nysa,66617
3,91760412,91760412,Nysa,66619
3,91760413,91760413,Nysa,66619
3,91760414,91760414,Nysa,66619
3,91760415,91760415,Nysa,66621
3,91760416,91760416,Nysa,66621
3,91760417,91760417,Nysa,66623
3,91760418,91760418,Nysa,66623
3,91760419,91760419,Nysa,66625
3,91760420,91760420,Nysa,66625
3,91760421,91760421,Nysa,66625
3,91760422,91760422,Nysa,66627
3,91760423,91760423,Nysa,66627
3,91760424,91760424,Nysa,66629
3,91760425,91760425,Nysa,66629
3,91760426,91760426,Opole Główne,66630
3,91760427,91760427,Opole Główne,66630
3,91760428,91760428,Opole Główne,66632
3,91760429,91760429,Opole Główne,66632
3,91760430,91760430,Opole Główne,66634
3,91760431,91760431,Opole Główne,66634
3,91760432,91760432,Opole Główne,66634
3,91760433,91760433,Opole Główne,66636
3,91760434,91760434,Opole Główne,66636
3,91760436,91760436,Opole Główne,66638
3,91760435,91760435,Opole Główne,66638
3,91760437,91760437,Opole Główne,66640
3,91760438,91760438,Opole Główne,66640
3,91760440,91760440,Opole Główne,66642
3,91760439,91760439,Opole Główne,66642
3,91760441,91760441,Opole Główne,66644
3,91760442,91760442,Opole Główne,66644
3,91760443,91760443,Opole Główne,66646
3,91760444,91760444,Opole Główne,66646
3,91502445,91502445,Opole Główne,66800
3,91502446,91502446,Opole Główne,66802
3,91502447,91502447,Głuchołazy Miasto,66804
3,91502448,91502448,Głuchołazy Miasto,66806
3,91760445,91760445,Poznań Główny,67106 Kamieńczyk
3,91760446,91760446,Poznań Główny,67106 Kamieńczyk
3,91760447,91760447,Poznań Główny,67106 Kamieńczyk
3,91760448,91760448,Poznań Główny,67106 Kamieńczyk
3,91760449,91760449,Poznań Główny,67106 Kamieńczyk
3,91502449,91502449,Poznań Główny,67106 Kamieńczyk
3,91760450,91760450,Zielona Góra Główna,67210
3,91760451,91760451,Poznań Główny,67232 Kamieńczyk
3,91760452,91760452,Poznań Główny,67232 Kamieńczyk
3,91760453,91760453,Poznań Główny,67232 Kamieńczyk
3,91502450,91502450,Zielona Góra Główna,67240 Winnica
3,91502451,91502451,Zielona Góra Główna,67242 Śmielec
3,91760454,91760454,Zielona Góra Główna,67280
3,91760455,91760455,Zielona Góra Główna,67280
3,91760456,91760456,Zielona Góra Główna,67280
3,91502452,91502452,Zielona Góra Główna,67282
3,91760457,91760457,Zielona Góra Główna,67282 F7/D18
3,91760458,91760458,Zielona Góra Główna,67282 F7/D18
3,91760459,91760459,Zielona Góra Główna,67282 F7/D18
3,91760460,91760460,Zielona Góra Główna,67282 F7/D18
3,91502453,91502453,Zielona Góra Główna,67284
3,91760462,91760462,Zielona Góra Główna,67284 F7/D18
3,91760461,91760461,Zielona Góra Główna,67284 F7/D18
3,91760463,91760463,Zielona Góra Główna,67284 F7/D18
3,91502454,91502454,Zielona Góra Główna,67286
3,91760464,91760464,Zielona Góra Główna,67288 F7/D18
3,91760465,91760465,Zielona Góra Główna,67288 F7/D18
3,91760466,91760466,Zielona Góra Główna,67288 F7/D18
3,91502455,91502455,Zielona Góra Główna,67290
3,91760467,91760467,Zielona Góra Główna,67290 F7/D18
3,91760468,91760468,Zielona Góra Główna,67290 F7/D18
3,91760469,91760469,Zielona Góra Główna,67290 F7/D18
3,91502456,91502456,Zielona Góra Główna,67292
3,91760470,91760470,Zielona Góra Główna,67292 F7/D18
3,91760471,91760471,Zielona Góra Główna,67292 F7/D18
3,91760472,91760472,Zielona Góra Główna,67292 F7/D18
3,91760473,91760473,Żagań,67294 F7/D18
3,91760474,91760474,Żagań,67294 F7/D18
3,91760475,91760475,Żagań,67294 F7/D18
3,91502457,91502457,Zielona Góra Główna,67294
3,91502458,91502458,Żagań,67296
3,91502459,91502459,Leszno,67330
3,91502460,91502460,Leszno,67332
3,91502461,91502461,Leszno,67334
3,91502462,91502462,Leszno,67336
3,91502463,91502463,Leszno,67338
3,91502464,91502464,Leszno,67340
3,91760476,91760476,Poznań Główny,67503
3,91760477,91760477,Poznań Główny,67503
3,91760478,91760478,Ostrów Wielkopolski,67505
3,91760479,91760479,Ostrów Wielkopolski,67505
3,91502465,91502465,Ostrów Wielkopolski,67505
3,91760480,91760480,Ostrów Wielkopolski,67507
3,91760481,91760481,Ostrów Wielkopolski,67507
3,91760483,91760483,Ostrów Wielkopolski,67509
3,91760482,91760482,Ostrów Wielkopolski,67509
3,91760486,91760486,Ostrów Wielkopolski,67520
3,91760487,91760487,Ostrów Wielkopolski,67522
3,91760493,91760493,Ostrów Wielkopolski,67524
3,91760495,91760495,Ostrów Wielkopolski,67526
3,91760498,91760498,Ostrów Wielkopolski,67528
3,91760502,91760502,Ostrów Wielkopolski,67530
3,91760504,91760504,Zielona Góra Główna,67901
3,91760505,91760505,Zielona Góra Główna,67901
3,91760506,91760506,Zielona Góra Główna,67901
3,91760508,91760508,Zielona Góra Główna,67903
3,91760507,91760507,Zielona Góra Główna,67903
3,91760509,91760509,Zielona Góra Główna,67903
3,91760510,91760510,Zielona Góra Główna,67905
3,91760511,91760511,Zielona Góra Główna,67905
3,91760512,91760512,Zielona Góra Główna,67907
3,91760513,91760513,Zielona Góra Główna,67907
3,91760514,91760514,Zielona Góra Główna,67907
3,91760515,91760515,Zielona Góra Główna,67909
3,91760516,91760516,Zielona Góra Główna,67909
3,91760517,91760517,Zielona Góra Główna,67911
3,91760518,91760518,Zielona Góra Główna,67911
3,91760519,91760519,Zielona Góra Główna,67911
3,91760520,91760520,Poznań Główny,67921
3,91760521,91760521,Poznań Główny,67921
3,91502470,91502470,Poznań Główny,67921
3,91502471,91502471,Poznań Główny,67923
3,91760522,91760522,Poznań Główny,67923
3,91760523,91760523,Poznań Główny,67923
3,91760524,91760524,Poznań Główny,67925
3,91760525,91760525,Poznań Główny,67925
3,91502472,91502472,Poznań Główny,67925
3,91760526,91760526,Poznań Główny,67927
3,91760527,91760527,Poznań Główny,67927
3,91760528,91760528,Poznań Główny,67927
3,91502473,91502473,Poznań Główny,67927
3,91760529,91760529,Poznań Główny,67929
3,91760530,91760530,Poznań Główny,67929
3,91502474,91502474,Poznań Główny,67929
3,91760531,91760531,Leszno,67931
3,91760532,91760532,Leszno,67931
3,91760533,91760533,Leszno,67933
3,91760534,91760534,Leszno,67933
3,91502475,91502475,Leszno,67933
3,91760535,91760535,Leszno,67935
3,91760536,91760536,Leszno,67935
3,91760537,91760537,Leszno,67937
3,91760538,91760538,Leszno,67937
3,91502476,91502476,Leszno,67937
3,91760539,91760539,Poznań Główny,67939
3,91760540,91760540,Poznań Główny,67939
3,91760541,91760541,Poznań Główny,67939
3,91502477,91502477,Poznań Główny,67939
3,91760542,91760542,Leszno,67941
3,91760543,91760543,Leszno,67941
3,91502478,91502478,Leszno,67941
3,91760544,91760544,Leszno,67943
3,91502479,91502479,Rzepin,70217
3,91502480,91502480,Zbąszynek,70218
3,91502481,91502481,Rzepin,70227
3,91502482,91502482,Rzepin,70233
3,91760545,91760545,Zielona Góra Główna,70261
3,91760546,91760546,Zielona Góra Główna,70261
3,91760547,91760547,Zielona Góra Główna,70263
3,91760548,91760548,Zielona Góra Główna,70263
3,91760549,91760549,Zielona Góra Główna,70263
3,91502483,91502483,Leszno,70264
3,91502484,91502484,Żagań,70266
3,91760550,91760550,Zielona Góra Główna,70269
3,91760551,91760551,Zielona Góra Główna,70269
3,91760552,91760552,Zielona Góra Główna,70274
3,91760553,91760553,Zielona Góra Główna,70274
3,91502485,91502485,Poznań Główny,70283 PKM1
3,91502486,91502486,Leszno,70286 PKM1
3,91502487,91502487,Zbąszynek,70328
3,91502488,91502488,Zbąszynek,70332
3,91502489,91502489,Rzepin,70335
3,91502490,91502490,Zbąszynek,70336
3,91760554,91760554,Rzepin,70341
3,91760555,91760555,Rzepin,70341
3,91502491,91502491,Rzepin,70341
3,91760556,91760556,Rzepin,70343
3,91760557,91760557,Rzepin,70343
3,91760558,91760558,Rzepin,70345
3,91760559,91760559,Rzepin,70345
3,91760560,91760560,Rzepin,70347
3,91760561,91760561,Rzepin,70347
3,91760562,91760562,Rzepin,70349
3,91760565,91760565,Rzepin,70351
3,91760563,91760563,Rzepin,70351
3,91760564,91760564,Rzepin,70351
3,91760566,91760566,Rzepin,70353
3,91760567,91760567,Rzepin,70355
3,91760568,91760568,Rzepin,70357
3,91760569,91760569,Rzepin,70359
3,91760570,91760570,Poznań Główny,70400 Łącza
3,91760571,91760571,Poznań Główny,70400 Łącza
3,91760572,91760572,Poznań Główny,70400 Łącza
3,91502492,91502492,Poznań Główny,70400 Łącza
3,91760573,91760573,Poznań Główny,70402 Malta
3,91760574,91760574,Poznań Główny,70402 Malta
3,91760575,91760575,Poznań Główny,70402 Malta
3,91502493,91502493,Poznań Główny,70402 Malta
3,91760576,91760576,Poznań Główny,70404 Gęśnik
3,91760577,91760577,Poznań Główny,70404 Gęśnik
3,91760578,91760578,Poznań Główny,70404 Gęśnik
3,91502494,91502494,Poznań Główny,70404 Gęśnik
3,91760579,91760579,Poznań Główny,70406 Rusałka
3,91760580,91760580,Poznań Główny,70406 Rusałka
3,91760581,91760581,Poznań Główny,70406 Rusałka
3,91502495,91502495,Poznań Główny,70406 Rusałka
3,91760582,91760582,Zielona Góra Główna,70520
3,91760583,91760583,Zielona Góra Główna,70520
3,91760584,91760584,Zielona Góra Główna,70520
3,91502496,91502496,Zielona Góra Główna,70520
3,91760585,91760585,Zbąszynek,70532
3,91760586,91760586,Zbąszynek,70532
3,91760587,91760587,Zbąszynek,70532
3,91502497,91502497,Zbąszynek,70534
3,91760588,91760588,Zielona Góra Główna,70720
3,91760589,91760589,Zielona Góra Główna,70720
3,91760590,91760590,Rzepin,70721
3,91760591,91760591,Rzepin,70721
3,91760592,91760592,Rzepin,70721
3,91760593,91760593,Zielona Góra Główna,70722
3,91760594,91760594,Zielona Góra Główna,70722
3,91502498,91502498,Rzepin,70723
3,91760596,91760596,Rzepin,70725
3,91760595,91760595,Rzepin,70725
3,91502499,91502499,Rzepin,70725
3,91760605,91760605,Łódź Kaliska,71520
3,91760604,91760604,Łódź Kaliska,71520
3,91502502,91502502,Łódź Kaliska,71520
3,91760606,91760606,Łódź Kaliska,71522
3,91760607,91760607,Łódź Kaliska,71522
3,91502503,91502503,Łódź Kaliska,71522
3,91760608,91760608,Łódź Kaliska,71530
3,91760609,91760609,Łódź Kaliska,71530
3,91502504,91502504,Łódź Kaliska,71530
3,91760610,91760610,Łódź Kaliska,71532
3,91760611,91760611,Łódź Kaliska,71532
3,91502505,91502505,Łódź Kaliska,71532
3,91760612,91760612,Łódź Kaliska,71534
3,91760613,91760613,Łódź Kaliska,71534
3,91502506,91502506,Łódź Kaliska,71534
3,91760614,91760614,Toruń Wschodni,75202
3,91760615,91760615,Toruń Wschodni,75202
3,91760616,91760616,Toruń Wschodni,75203
3,91760618,91760618,Toruń Główny,75204
3,91760617,91760617,Toruń Główny,75204
3,91760619,91760619,Toruń Główny,75205
3,91760620,91760620,Toruń Główny,75310
3,91760621,91760621,Toruń Główny,75310
3,91760622,91760622,Toruń Główny,75310
3,91502507,91502507,Toruń Główny,75310
3,91760623,91760623,Toruń Wschodni,75312
3,91760624,91760624,Toruń Wschodni,75312
3,91760625,91760625,Toruń Wschodni,75312
3,91502508,91502508,Toruń Wschodni,75312
3,91760626,91760626,Bydgoszcz Główna,75314
3,91760627,91760627,Bydgoszcz Główna,75314
3,91760628,91760628,Toruń Wschodni,75316
3,91760629,91760629,Toruń Wschodni,75316
3,91760630,91760630,Toruń Wschodni,75316
3,91502509,91502509,Toruń Wschodni,75316
3,91760631,91760631,Toruń Wschodni,75318
3,91760632,91760632,Toruń Wschodni,75318
3,91760633,91760633,Toruń Wschodni,75318
3,91502510,91502510,Toruń Wschodni,75318
3,91760634,91760634,Toruń Wschodni,75320
3,91760635,91760635,Toruń Wschodni,75320
3,91760636,91760636,Toruń Wschodni,75320
3,91502511,91502511,Toruń Wschodni,75320
3,91760637,91760637,Bydgoszcz Główna,75322
3,91760638,91760638,Bydgoszcz Główna,75322
3,91502512,91502512,Bydgoszcz Główna,75322
3,91502513,91502513,Bydgoszcz Główna,75500
3,91760639,91760639,Szklarska Poręba Górna,76108 Kamieńczyk
3,91760640,91760640,Szklarska Poręba Górna,76108 Kamieńczyk
3,91760641,91760641,Szklarska Poręba Górna,76108 Kamieńczyk
3,91502514,91502514,Szklarska Poręba Górna,76108 Kamieńczyk
3,91502515,91502515,Görlitz,76204
3,91502516,91502516,Görlitz,76206
3,91502517,91502517,Görlitz,76208
3,91502518,91502518,Görlitz,76210
3,91502519,91502519,Wrocław Główny,76212
3,91760642,91760642,Wrocław Główny,76214
3,91760643,91760643,Wrocław Główny,76214
3,91760644,91760644,Węgliniec,76214
3,91760645,91760645,Węgliniec,76214
3,91502520,91502520,Zgorzelec,76214
3,91760646,91760646,Wrocław Główny,76216
3,91760647,91760647,Wrocław Główny,76216
3,91760648,91760648,Węgliniec,76216
3,91760649,91760649,Węgliniec,76216
3,91502521,91502521,Wrocław Główny,76216
3,91760650,91760650,Zgorzelec,76218
3,91760651,91760651,Zgorzelec,76218
3,91760652,91760652,Zgorzelec,76218
3,91760653,91760653,Zgorzelec,76218
3,91502522,91502522,Węgliniec,76218
3,91760654,91760654,Görlitz,76220 F7/D18
3,91760655,91760655,Görlitz,76220 F7/D18
3,91760656,91760656,Görlitz,76220 F7/D18
3,91502523,91502523,Görlitz,76220
3,91760657,91760657,Węgliniec,76222
3,91760658,91760658,Görlitz,76224 F7/D18
3,91760659,91760659,Görlitz,76224 F7/D18
3,91760660,91760660,Görlitz,76224 F7/D18
3,91760662,91760662,Görlitz,76226 F7/D18
3,91760661,91760661,Görlitz,76226 F7/D18
3,91760663,91760663,Görlitz,76226 F7/D18
3,91760664,91760664,Görlitz,76226 F7/D18
3,91760665,91760665,Görlitz,76228 F7/D18
3,91760666,91760666,Görlitz,76228 F7/D18
3,91760667,91760667,Görlitz,76228 F7/D18
3,91760668,91760668,Görlitz,76230 F7/D18
3,91760669,91760669,Görlitz,76230 F7/D18
3,91760670,91760670,Görlitz,76230 F7/D18
3,91760671,91760671,Wrocław Główny,76238
3,91760672,91760672,Wrocław Główny,76238
3,91502524,91502524,Jelenia Góra,76300 Winnica
3,91502525,91502525,Jelenia Góra,76302 Śmielec
3,91502526,91502526,Głogów,76331
3,91502527,91502527,Głogów,76333
3,91502528,91502528,Głogów,76335
3,91502529,91502529,Głogów,76337
3,91502530,91502530,Głogów,76339
3,91502531,91502531,Głogów,76341
3,91760673,91760673,Kluczbork,76510
3,91760674,91760674,Kluczbork,76510
3,91760675,91760675,Kluczbork,76512
3,91760676,91760676,Kluczbork,76512
3,91760677,91760677,Kluczbork,76514
3,91760678,91760678,Kluczbork,76514
3,91760679,91760679,Kluczbork,76516
3,91760680,91760680,Kluczbork,76516
3,91760681,91760681,Kluczbork,76516
3,91502532,91502532,Kluczbork,76516
3,91760684,91760684,Wrocław Główny,76530
3,91760687,91760687,Wrocław Główny,76532
3,91760690,91760690,Wrocław Główny,76534
3,91760693,91760693,Wrocław Główny,76536
3,91760694,91760694,Wrocław Główny,76538
3,91760697,91760697,Wrocław Główny,76540
3,91760701,91760701,Głogów,76900
3,91760702,91760702,Głogów,76900
3,91760703,91760703,Głogów,76900
3,91760704,91760704,Głogów,76902
3,91760705,91760705,Głogów,76902
3,91760706,91760706,Głogów,76904
3,91760707,91760707,Głogów,76904
3,91760710,91760710,Głogów,76906
3,91760708,91760708,Głogów,76906
3,91760709,91760709,Głogów,76906
3,91760711,91760711,Głogów,76908
3,91760712,91760712,Głogów,76908
3,91760713,91760713,Głogów,76910
3,91760714,91760714,Głogów,76910
3,91760715,91760715,Wrocław Główny,76924
3,91760716,91760716,Wrocław Główny,76924
3,91502537,91502537,Wrocław Główny,76924
3,91760717,91760717,Wrocław Główny,76926
3,91760718,91760718,Wrocław Główny,76930
3,91760719,91760719,Wrocław Główny,76930
3,91502538,91502538,Wrocław Główny,76930
3,91760720,91760720,Wrocław Główny,76932
3,91760721,91760721,Wrocław Główny,76932
3,91502539,91502539,Wrocław Główny,76932
3,91760722,91760722,Wrocław Główny,76934
3,91760723,91760723,Wrocław Główny,76934
3,91502540,91502540,Wrocław Główny,76934
3,91760724,91760724,Wrocław Główny,76936
3,91760725,91760725,Wrocław Główny,76936
3,91502541,91502541,Wrocław Główny,76936
3,91760726,91760726,Wrocław Główny,76938
3,91760727,91760727,Wrocław Główny,76938
3,91502542,91502542,Wrocław Główny,76938
3,91760728,91760728,Wrocław Główny,76940
3,91760729,91760729,Wrocław Główny,76940
3,91502543,91502543,Wrocław Główny,76940
3,91760730,91760730,Poznań Główny,77050
3,91760731,91760731,Rzepin,77201
3,91760732,91760732,Rzepin,77201
3,91502544,91502544,Frankfurt (Oder),77201 Rb91
3,91760733,91760733,Zbąszynek,77202
3,91760734,91760734,Zbąszynek,77204
3,91760735,91760735,Zbąszynek,77204
3,91502545,91502545,Zielona Góra Główna,77204
3,91760736,91760736,Zbąszynek,77206
3,91760737,91760737,Zbąszynek,77206
3,91760738,91760738,Zbąszynek,77208
3,91760739,91760739,Zbąszynek,77210
3,91760740,91760740,Zbąszynek,77210
3,91760741,91760741,Zbąszynek,77212
3,91760742,91760742,Zbąszynek,77212
3,91760743,91760743,Żagań,77212
3,91760744,91760744,Zbąszynek,77214
3,91760745,91760745,Zbąszynek,77216
3,91760746,91760746,Zbąszynek,77216
3,91760747,91760747,Zbąszynek,77218
3,91760748,91760748,Żagań,77220
3,91760749,91760749,Żagań,77220
3,91760750,91760750,Żagań,77223
3,91760751,91760751,Żagań,77223
3,91760752,91760752,Frankfurt (Oder),77229 Rb91
3,91760753,91760753,Frankfurt (Oder),77229 Rb91
3,91760754,91760754,Frankfurt (Oder),77229 Rb91
3,91502546,91502546,Leszno,77230 PKM1
3,91760755,91760755,Frankfurt (Oder),77231 Rb91
3,91760756,91760756,Frankfurt (Oder),77231 Rb91
3,91760757,91760757,Frankfurt (Oder),77235 Rb91
3,91760758,91760758,Frankfurt (Oder),77235 Rb91
3,91760759,91760759,Zielona Góra Główna,77238 Rb91
3,91760760,91760760,Zielona Góra Główna,77238 Rb91
3,91760761,91760761,Zielona Góra Główna,77240 Rb91
3,91760762,91760762,Zielona Góra Główna,77240 Rb91
3,91502547,91502547,Zielona Góra Główna,77248
3,91502548,91502548,Leszno,77454 PKM1
3,91502549,91502549,Poznań Główny,77491 PKM1
3,91760763,91760763,Ostrów Wielkopolski,77500 PKM4
3,91760764,91760764,Ostrów Wielkopolski,77500 PKM4
3,91760765,91760765,Ostrów Wielkopolski,77502 PKM4
3,91760766,91760766,Ostrów Wielkopolski,77502 PKM4
3,91760768,91760768,Ostrów Wielkopolski,77504 PKM4
3,91760767,91760767,Ostrów Wielkopolski,77504 PKM4
3,91760769,91760769,Ostrów Wielkopolski,77504 PKM4
3,91760770,91760770,Ostrów Wielkopolski,77504 PKM4
3,91760771,91760771,Poznań Główny,77551 PKM4
3,91760772,91760772,Poznań Główny,77551 PKM4
3,91760773,91760773,Poznań Główny,77553 PKM4
3,91760774,91760774,Poznań Główny,77553 PKM4
3,91760775,91760775,Poznań Główny,77553 PKM4
3,91760776,91760776,Poznań Główny,77553 PKM4
3,91760777,91760777,Kępno,77580
3,91760778,91760778,Kępno,77580
3,91760780,91760780,Kępno,77582
3,91760779,91760779,Kępno,77582
3,91760781,91760781,Zielona Góra Główna,77700 Rb91
3,91760782,91760782,Zielona Góra Główna,77700 Rb91
3,91502550,91502550,Frankfurt (Oder),77701 Rb91
3,91760784,91760784,Poznań Główny,77705 PKM1
3,91760783,91760783,Poznań Główny,77705 PKM1
3,91760785,91760785,Poznań Główny,77705 PKM1
3,91760786,91760786,Poznań Główny,77705 PKM1
3,91502551,91502551,Frankfurt (Oder),77705 Rb91
3,91760787,91760787,Poznań Główny,77707 PKM1
3,91760788,91760788,Poznań Główny,77709 PKM1
3,91760789,91760789,Poznań Główny,77709 PKM1
3,91502552,91502552,Frankfurt (Oder),77709 Rb91
3,91760790,91760790,Poznań Główny,77711 PKM1
3,91502553,91502553,Zielona Góra Główna,77712 Rb91
3,91760791,91760791,Poznań Główny,77713 PKM1
3,91760792,91760792,Poznań Główny,77713 PKM1
3,91760793,91760793,Poznań Główny,77715 PKM1
3,91760794,91760794,Poznań Główny,77717 PKM1
3,91760795,91760795,Rawicz,77720 PKM1
3,91760796,91760796,Rawicz,77720 PKM1
3,91760797,91760797,Rawicz,77722 PKM1
3,91760798,91760798,Rawicz,77724 PKM1
3,91760799,91760799,Rawicz,77724 PKM1
3,91760800,91760800,Rawicz,77726 PKM1
3,91760801,91760801,Rawicz,77728 PKM1
3,91760802,91760802,Rawicz,77728 PKM1
3,91760803,91760803,Rawicz,77730 PKM1
3,91760804,91760804,Leszno,77740 PKM1
3,91760805,91760805,Leszno,77742 PKM1
3,91760806,91760806,Leszno,77744 PKM1
3,91760807,91760807,Leszno,77746 PKM1
3,91760808,91760808,Leszno,77746 PKM1
3,91760809,91760809,Leszno,77746 PKM1
3,91760810,91760810,Leszno,77748 PKM1
3,91760811,91760811,Leszno,77748 PKM1
3,91760812,91760812,Leszno,77748 PKM1
3,91760813,91760813,Leszno,77748 PKM1
3,91760814,91760814,Leszno,77748 PKM1
3,91760815,91760815,Leszno,77748 PKM1
3,91760816,91760816,Poznań Główny,77751 PKM1
3,91760817,91760817,Poznań Główny,77751 PKM1
3,91760818,91760818,Poznań Główny,77753 PKM1
3,91760819,91760819,Poznań Główny,77753 PKM1
3,91760820,91760820,Poznań Główny,77753 PKM1
3,91502554,91502554,Zbąszynek,77754
3,91760821,91760821,Poznań Główny,77755 PKM1
3,91760822,91760822,Poznań Główny,77757 PKM1
3,91502555,91502555,Zielona Góra Główna,77770 Rb91
3,91502556,91502556,Zielona Góra Główna,77774 Rb91
3,91502557,91502557,Zielona Góra Główna,77778 Rb91
3,91760823,91760823,Leszno,77781
3,91760824,91760824,Leszno,77781
3,91760825,91760825,Rawicz,77782
3,91760826,91760826,Rawicz,77782
3,91760827,91760827,Rawicz,77782
3,91760828,91760828,Żagań,77800 Rb93
3,91760829,91760829,Żagań,77802 Rb93
3,91760830,91760830,Żagań,77802 Rb93
3,91760831,91760831,Żagań,77804 Rb93
3,91760832,91760832,Żagań,77804 Rb93
3,91760833,91760833,Żagań,77806 Rb93
3,91760834,91760834,Żagań,77806 Rb93
3,91760835,91760835,Żagań,77808 Rb93
3,91760836,91760836,Żagań,77808 Rb93
3,91760837,91760837,Forst (Lausitz),77811 Rb93
3,91760838,91760838,Forst (Lausitz),77811 Rb93
3,91760839,91760839,Forst (Lausitz),77813 Rb93
3,91760840,91760840,Forst (Lausitz),77813 Rb93
3,91760841,91760841,Forst (Lausitz),77815 Rb93
3,91760842,91760842,Forst (Lausitz),77815 Rb93
3,91760843,91760843,Forst (Lausitz),77817 Rb93
3,91760844,91760844,Forst (Lausitz),77817 Rb93
3,91760845,91760845,Forst (Lausitz),77817 Rb93
3,91760846,91760846,Forst (Lausitz),77819 Rb93
3,91760847,91760847,Forst (Lausitz),77819 Rb93
3,91760848,91760848,Guben,77831 Rb92
3,91760849,91760849,Guben,77831 Rb92
3,91502558,91502558,Guben,77831 Rb92
3,91502559,91502559,Guben,77833 Rb92
3,91760850,91760850,Guben,77833 Rb92
3,91760851,91760851,Guben,77833 Rb92
3,91760852,91760852,Guben,77835 Rb92
3,91502560,91502560,Guben,77837 Rb92
3,91760853,91760853,Guben,77837 Rb92
3,91760854,91760854,Guben,77837 Rb92
3,91760855,91760855,Guben,77839 Rb92
3,91760856,91760856,Guben,77839 Rb92
3,91502561,91502561,Guben,77839 Rb92
3,91760857,91760857,Guben,77843 Rb92
3,91760858,91760858,Guben,77843 Rb92
3,91502562,91502562,Guben,77843 Rb92
3,91760860,91760860,Zielona Góra Główna,77850 Rb92
3,91760859,91760859,Zielona Góra Główna,77850 Rb92
3,91760861,91760861,Zielona Góra Główna,77850 Rb92
3,91760862,91760862,Zielona Góra Główna,77850 Rb92
3,91502563,91502563,Zielona Góra Główna,77852 Rb92
3,91760864,91760864,Zielona Góra Główna,77854 Rb92
3,91760865,91760865,Zielona Góra Główna,77854 Rb92
3,91760863,91760863,Zielona Góra Główna,77854 Rb92
3,91760866,91760866,Zielona Góra Główna,77856 Rb92
3,91502564,91502564,Zielona Góra Główna,77856 Rb92
3,91760867,91760867,Zielona Góra Główna,77858 Rb92
3,91760868,91760868,Zielona Góra Główna,77858 Rb92
3,91502565,91502565,Zielona Góra Główna,77858 Rb92
3,91760869,91760869,Zielona Góra Główna,77860 Rb92
3,91760870,91760870,Zielona Góra Główna,77860 Rb92
3,91760871,91760871,Zielona Góra Główna,77862 Rb92
3,91760872,91760872,Zielona Góra Główna,77862 Rb92
3,91502566,91502566,Zielona Góra Główna,77862 Rb92
3,91502567,91502567,Zielona Góra Główna,77864 Rb92
3,91502568,91502568,Poznań Główny,77891 PKM1
3,91760873,91760873,Nowa Sól,77900
3,91760874,91760874,Nowa Sól,77900
3,91760875,91760875,Nowa Sól,77902
3,91760876,91760876,Nowa Sól,77902
3,91760877,91760877,Nowa Sól,77902
3,91760878,91760878,Nowa Sól,77908
3,91760879,91760879,Nowa Sól,77908
3,91502569,91502569,Zielona Góra Główna,77939
3,91760880,91760880,Zbąszynek,77940 Łagów
3,91760881,91760881,Toporów,77943 Łagów
3,91760882,91760882,Małomice,77950
3,91760883,91760883,Żagań,77952
3,91760884,91760884,Żagań,77956
3,91502570,91502570,Żagań,77956
3,91760886,91760886,Żagań,77958
3,91760887,91760887,Żagań,77958
3,91760888,91760888,Żagań,77958
3,91760889,91760889,Zielona Góra Główna,77960
3,91502571,91502571,Zielona Góra Główna,77960
3,91760890,91760890,Małomice,77962
3,91760891,91760891,Małomice,77962
3,91760893,91760893,Zielona Góra Główna,77962
3,91502572,91502572,Zielona Góra Główna,77962
3,91760894,91760894,Zielona Góra Główna,77964
3,91760895,91760895,Zielona Góra Główna,77964
3,91760897,91760897,Zielona Góra Główna,77964
3,91760898,91760898,Zielona Góra Główna,77966
3,91760899,91760899,Zielona Góra Główna,77966
3,91760900,91760900,Zielona Góra Główna,77968
3,91760901,91760901,Zielona Góra Główna,77970
3,91760902,91760902,Zielona Góra Główna,77972
3,91502573,91502573,Poznań Główny,77977 PKM4
3,91502574,91502574,Kępno,77978
3,91502575,91502575,Łęka Opatowska,77980
3,91502576,91502576,Ostrów Wielkopolski,77996 PKM4
3,91502577,91502577,Ostrów Wielkopolski,77998 PKM4
3,91760903,91760903,Kołobrzeg,78090 Riviera
3,91760904,91760904,Kołobrzeg,78093 Harpun
3,91760905,91760905,Świnoujście,78121 Orkan
3,91760906,91760906,Szczecin Główny,78131 Merkury
3,91760907,91760907,Szczecin Główny,78131 Merkury
3,91760908,91760908,Szczecin Główny,78131 Merkury
3,91760909,91760909,Szczecin Główny,78131 Merkury
3,91760910,91760910,Świnoujście,78150 Karsibór
3,91502578,91502578,Gorzów Wielkopolski,78203
3,91760911,91760911,Kostrzyn,78209
3,91760912,91760912,Kostrzyn,78209
3,91760913,91760913,Szczecin Główny,78301
3,91760914,91760914,Szczecin Główny,78301
3,91760915,91760915,Szczecin Główny,78303
3,91760916,91760916,Szczecin Główny,78303
3,91502579,91502579,Szczecin Główny,78303
3,91760917,91760917,Szczecin Główny,78305
3,91760918,91760918,Szczecin Główny,78305
3,91502580,91502580,Szczecin Główny,78305
3,91760919,91760919,Szczecin Główny,78307
3,91760920,91760920,Krzyż,78381 PKM4
3,91760921,91760921,Krzyż,78381 PKM4
3,91502581,91502581,Krzyż,78381 PKM4
3,91760922,91760922,Krzyż,78383 PKM4
3,91760923,91760923,Krzyż,78383 PKM4
3,91502582,91502582,Krzyż,78383 PKM4
3,91760924,91760924,Krzyż,78385 PKM4
3,91760925,91760925,Krzyż,78385 PKM4
3,91760926,91760926,Świnoujście,78400 Meduza
3,91760927,91760927,Świnoujście,78400 Meduza
3,91760928,91760928,Świnoujście,78400 Meduza
3,91502583,91502583,Świnoujście Port,78400 Meduza
3,91760929,91760929,Świnoujście,78404
3,91502584,91502584,Świnoujście Port,78406
3,91760930,91760930,Szczecin Główny,78501 Odrzanka
3,91760931,91760931,Szczecin Główny,78501 Odrzanka
3,91503270,91503270,Szczecin Główny,78501 Odrzanka
3,91503271,91503271,Szczecin Główny,78503 Regalica
3_BUS,91760932,91760932,Szczecin Główny,78505 Pliszka
3_BUS,91760933,91760933,Szczecin Główny,78505 Pliszka
3_BUS,91502585,91502585,Szczecin Główny,78505 Pliszka
3,91760934,91760934,Szczecin Główny,78507 Parnica
3,91760935,91760935,Szczecin Główny,78507 Parnica
3,91503272,91503272,Szczecin Główny,78507 Parnica
3,91760936,91760936,Szczecin Główny,78509 Parnica
3,91760937,91760937,Koszalin,78510 Regalica
3,91760938,91760938,Koszalin,78510 Regalica
3,91760939,91760939,Koszalin,78510 Regalica
3,91760940,91760940,Słupsk,78512 Regalica
3,91760944,91760944,Szczecin Główny,78521 Ilanka
3,91760945,91760945,Szczecin Główny,78521 Ilanka
3,91503273,91503273,Szczecin Główny,78521
3,91760946,91760946,Kostrzyn,78531 Ujście Warty
3,91760947,91760947,Kostrzyn,78531 Ujście Warty
3,91502586,91502586,Kostrzyn,78531 Ujście Warty
3,91760949,91760949,Kostrzyn,78533 Wilda
3,91760948,91760948,Kostrzyn,78533 Wilda
3,91502587,91502587,Kostrzyn,78533 Kłodawka
3,91760950,91760950,Kostrzyn,78535 Wilda
3,91760951,91760951,Kostrzyn,78535 Wilda
3,91502588,91502588,Kostrzyn,78535 Wilda
3,91760952,91760952,Gorzów Wielkopolski,78561
3,91760953,91760953,Gorzów Wielkopolski,78561
3,91760954,91760954,Gorzów Wielkopolski,78562
3,91760955,91760955,Gorzów Wielkopolski,78562
3,91760956,91760956,Gorzów Wielkopolski,78562
3,91760957,91760957,Gorzów Wielkopolski,78562
3,91502589,91502589,Gorzów Wielkopolski,78562
3,91760958,91760958,Gorzów Wielkopolski,78564
3,91760959,91760959,Gorzów Wielkopolski,78564
3,91760960,91760960,Gorzów Wielkopolski,78564
3,91760961,91760961,Gorzów Wielkopolski,78566
3,91760962,91760962,Gorzów Wielkopolski,78566
3,91502590,91502590,Gorzów Wielkopolski,78566
3,91760963,91760963,Gorzów Wielkopolski,78568
3,91760964,91760964,Gorzów Wielkopolski,78568
3,91760965,91760965,Gorzów Wielkopolski,78568
3,91502591,91502591,Gorzów Wielkopolski,78568
3,91760966,91760966,Gorzów Wielkopolski,78570
3,91760967,91760967,Gorzów Wielkopolski,78570
3,91760968,91760968,Gorzów Wielkopolski,78570
3,91760969,91760969,Gorzów Wielkopolski,78572
3,91760970,91760970,Gorzów Wielkopolski,78572
3,91760971,91760971,Gorzów Wielkopolski,78572
3,91502592,91502592,Gorzów Wielkopolski,78572
3,91760972,91760972,Gorzów Wielkopolski,78574
3,91760973,91760973,Gorzów Wielkopolski,78574
3,91760974,91760974,Gorzów Wielkopolski,78574
3,91502593,91502593,Gorzów Wielkopolski,78574
3,91760975,91760975,Gorzów Wielkopolski,78576
3,91760976,91760976,Gorzów Wielkopolski,78576
3,91502594,91502594,Kostrzyn,78605
3,91502595,91502595,Kostrzyn,78607
3,91760977,91760977,Kostrzyn,78701
3,91760978,91760978,Kostrzyn,78701
3,91760979,91760979,Kostrzyn,78703
3,91760980,91760980,Kostrzyn,78703
3,91760981,91760981,Kostrzyn,78707
3,91760982,91760982,Kostrzyn,78707
3,91760983,91760983,Kostrzyn,78709
3,91760984,91760984,Kostrzyn,78709
3,91760985,91760985,Kołobrzeg,78940 Muszelka
3,91760986,91760986,Kołobrzeg,78941 Muszelka
3,91760987,91760987,Kołobrzeg,78941 Muszelka
3,91502596,91502596,Kołobrzeg,78941 Muszelka
3,91760988,91760988,Kołobrzeg,78942 Radew
3,91760989,91760989,Kołobrzeg,78942 Radew
3,91760990,91760990,Kołobrzeg,78942 Radew
3,91760991,91760991,Kołobrzeg,78942 Radew
3,91760992,91760992,Kołobrzeg,78942 Radew
3,91760993,91760993,Kołobrzeg,78942 Radew
3,91760994,91760994,Kołobrzeg,78942 Radew
3,91760995,91760995,Kołobrzeg,78942 Radew
3,91502597,91502597,Kołobrzeg,78942 Radew
3,91760999,91760999,Kołobrzeg,78945 Kotwica
3,91760996,91760996,Kołobrzeg,78945 Kotwica
3,91760997,91760997,Kołobrzeg,78945 Kotwica
3,91502598,91502598,Kołobrzeg,78945 Kotwica
3,91761000,91761000,Kołobrzeg,78947 Gwda
3,91761001,91761001,Kołobrzeg,78947 Gwda
3,91502599,91502599,Kołobrzeg,78947 Gwda
3,91761003,91761003,Kołobrzeg,78949 Trygław
3,91761004,91761004,Kołobrzeg,78949 Trygław
3,91761005,91761005,Kołobrzeg,78949 Trygław
3,91761006,91761006,Kołobrzeg,78949 Trygław
3,91761008,91761008,Kołobrzeg,78949 Trygław
3,91502600,91502600,Szczecinek,78951 Trygław
3,91761010,91761010,Zielona Góra Główna,79100
3,91761011,91761011,Poznań Główny,79503
3,91761012,91761012,Poznań Główny,79503
3,91502601,91502601,Zielona Góra Główna,79600 Malta
3,91761013,91761013,Zielona Góra Główna,79600 Malta
3,91761014,91761014,Zielona Góra Główna,79600 Malta
3,91761015,91761015,Zielona Góra Główna,79600 Malta
3,91761016,91761016,Zielona Góra Główna,79602 Gęśnik
3,91761017,91761017,Zielona Góra Główna,79602 Gęśnik
3,91761018,91761018,Zielona Góra Główna,79602 Gęśnik
3,91761019,91761019,Zielona Góra Główna,79602 Gęśnik
3,91502602,91502602,Zielona Góra Główna,79602 Gęśnik
3,91502603,91502603,Zielona Góra Główna,79604 Rusałka
3,91761020,91761020,Zielona Góra Główna,79604 Rusałka
3,91761021,91761021,Zielona Góra Główna,79604 Rusałka
3,91761022,91761022,Zielona Góra Główna,79604 Rusałka
3,91761023,91761023,Zielona Góra Główna,79604 Rusałka
3,91761024,91761024,Zielona Góra Główna,79610 Łącza
3,91761025,91761025,Zielona Góra Główna,79610 Łącza
3,91761026,91761026,Zielona Góra Główna,79610 Łącza
3,91502604,91502604,Zielona Góra Główna,79610 Łącza
3,91763221,91763221,Kostrzyn,80200 Ina
3,91763222,91763222,Kostrzyn,80200 Ina
3,91763223,91763223,Kostrzyn,80200 Ina
3,91763225,91763225,Kostrzyn,80200 Ina
3,91503274,91503274,Kostrzyn,80200 Ina
3,91763229,91763229,Kostrzyn,80202 Sztorm
3,91763230,91763230,Kostrzyn,80202 Sztorm
3,91763231,91763231,Kostrzyn,80202 Sztorm
3,91763232,91763232,Kostrzyn,80202 Sztorm
3,91761027,91761027,Słupsk,80210 Ina
3,91761028,91761028,Słupsk,80210 Ina
3,91761031,91761031,Słupsk,80210 Ina
3,91503275,91503275,Słupsk,80210 Ina
3,91761033,91761033,Słupsk,80212 Sztorm
3,91761034,91761034,Słupsk,80212 Sztorm
3,91503276,91503276,Słupsk,80212 Sztorm
3,91763233,91763233,Słupsk,80220 Woświn
3,91763234,91763234,Słupsk,80220 Woświn
3,91763235,91763235,Słupsk,80220 Woświn
3,91503277,91503277,Słupsk,80220 Woświn
3,91763239,91763239,Koszalin,80222
3,91763238,91763238,Koszalin,80222
3,91763240,91763240,Koszalin,80224
3,91763241,91763241,Koszalin,80224
3,91763242,91763242,Koszalin,80224
3,91763243,91763243,Koszalin,80224
3,91503278,91503278,Koszalin,80224 Ina
3,91763244,91763244,Koszalin,80226
3,91763245,91763245,Koszalin,80226
3,91763246,91763246,Koszalin,80226
3,91503279,91503279,Koszalin,80226
3,91763247,91763247,Koszalin,80230
3,91763248,91763248,Koszalin,80230
3,91763249,91763249,Koszalin,80230
3,91763250,91763250,Koszalin,80230
3,91763252,91763252,Łobez,80232
3,91763251,91763251,Łobez,80232
3,91763253,91763253,Łobez,80232
3,91763255,91763255,Słupsk,80234 Dzierżęcinka
3,91763256,91763256,Słupsk,80234 Dzierżęcinka
3,91763258,91763258,Słupsk,80234 Dzierżęcinka
3,91763259,91763259,Szczecin Główny,80241
3,91763260,91763260,Szczecin Główny,80241
3,91763261,91763261,Szczecin Główny,80241
3,91763262,91763262,Szczecin Główny,80243
3,91763263,91763263,Szczecin Główny,80243
3,91763264,91763264,Szczecin Główny,80243
3,91503280,91503280,Szczecin Główny,80243
3,91763266,91763266,Szczecin Główny,80245
3,91763267,91763267,Szczecin Główny,80245
3,91763269,91763269,Szczecin Główny,80245
3,91763270,91763270,Szczecin Główny,80249
3,91503281,91503281,Szczecin Główny,80251
3,91763271,91763271,Szczecin Główny,80251 Sztorm
3,91763273,91763273,Szczecin Główny,80253 Woświn
3,91763275,91763275,Szczecin Główny,80255 Dzierżęcinka
3,91763276,91763276,Szczecin Główny,80255 Dzierżęcinka
3,91763278,91763278,Szczecin Główny,80255 Dzierżęcinka
3,91503282,91503282,Szczecin Główny,80255
3,91763279,91763279,Szczecin Główny,80257
3,91763280,91763280,Szczecin Główny,80257
3,91763281,91763281,Szczecin Główny,80257
3,91503283,91503283,Szczecin Główny,80257
3,91763285,91763285,Szczecin Główny,80259
3,91763284,91763284,Szczecin Główny,80259
3,91763282,91763282,Szczecin Główny,80259
3,91763283,91763283,Szczecin Główny,80259
3,91763287,91763287,Słupsk,80260
3,91763288,91763288,Słupsk,80260
3,91763289,91763289,Słupsk,80260
3,91763292,91763292,Koszalin,80262
3,91763291,91763291,Koszalin,80262
3,91763293,91763293,Koszalin,80262
3,91763295,91763295,Słupsk,80264
3,91763297,91763297,Koszalin,80270
3,91763298,91763298,Koszalin,80270
3,91763299,91763299,Koszalin,80270
3,91763301,91763301,Koszalin,80272
3,91763300,91763300,Koszalin,80272
3,91763302,91763302,Koszalin,80272
3,91763303,91763303,Koszalin,80272
3,91763304,91763304,Koszalin,80274
3,91763305,91763305,Koszalin,80274
3,91763306,91763306,Koszalin,80274
3,91763307,91763307,Koszalin,80274
3,91763309,91763309,Koszalin,80281
3,91763308,91763308,Koszalin,80281
3,91503284,91503284,Koszalin,80281
3,91763317,91763317,Kołobrzeg,80283
3,91763311,91763311,Kołobrzeg,80283
3,91763312,91763312,Kołobrzeg,80283
3,91763316,91763316,Koszalin,80283
3,91763318,91763318,Koszalin,80283
3,91763319,91763319,Kołobrzeg,80283
3,91763320,91763320,Koszalin,80283
3,91763321,91763321,Kołobrzeg,80283
3,91763325,91763325,Białogard,80287
3,91763327,91763327,Białogard,80287
3,91763328,91763328,Białogard,80287
3,91763329,91763329,Białogard,80287
3,91503285,91503285,Białogard,80287
3,91763330,91763330,Świdwin,80289
3,91763331,91763331,Świdwin,80289
3,91763332,91763332,Świdwin,80289
3,91763333,91763333,Świdwin,80289
3,91763334,91763334,Goleniów,80300
3,91763335,91763335,Goleniów,80300
3,91763336,91763336,Kamień Pomorski,80306
3,91763337,91763337,Kamień Pomorski,80306
3,91763338,91763338,Gryfino,80310
3,91763339,91763339,Gryfino,80312
3,91763340,91763340,Gryfino,80312
3,91763341,91763341,Chojna,80316
3,91763342,91763342,Gryfino,80318
3,91763343,91763343,Choszczno,80322
3,91763344,91763344,Choszczno,80322
3,91503286,91503286,Choszczno,80322
3,91763345,91763345,Stargard,80340
3,91763346,91763346,Stargard,80340
3,91763347,91763347,Stargard,80342
3,91763348,91763348,Stargard,80342
3,91763349,91763349,Szczecin Główny,80355
3,91763350,91763350,Szczecin Główny,80355
3,91763351,91763351,Szczecin Główny,80359 S1
3,91763352,91763352,Szczecin Główny,80359 S1
3,91503287,91503287,Szczecin Główny,80363
3,91763353,91763353,Stargard,80370
3,91763354,91763354,Stargard,80370
3,91763355,91763355,Stargard,80372
3,91763356,91763356,Stargard,80372
3,91763357,91763357,Stargard,80374
3,91763358,91763358,Stargard,80374
3,91763359,91763359,Stargard,80376
3,91763360,91763360,Stargard,80376
3,91763361,91763361,Stargard,80378
3_BUS,91761035,91761035,Kostrzyn,80381
3,91761036,91761036,Kostrzyn,80381
3,91761037,91761037,Kostrzyn,80383
3,91761038,91761038,Kostrzyn,80383
3,91502605,91502605,Kostrzyn,80383
3,91761039,91761039,Kostrzyn,80385
3,91761040,91761040,Kostrzyn,80385
3,91502606,91502606,Kostrzyn,80385
3,91761041,91761041,Kostrzyn,80387
3,91761042,91761042,Kostrzyn,80387
3,91761043,91761043,Kostrzyn,80389
3,91502607,91502607,Kostrzyn,80389
3,91761044,91761044,Kostrzyn,80391
3,91761045,91761045,Kostrzyn,80391
3,91761046,91761046,Kostrzyn,80393
3,91761047,91761047,Kostrzyn,80393
3,91761048,91761048,Kostrzyn,80395
3,91761049,91761049,Kostrzyn,80395
3,91502608,91502608,Kostrzyn,80395
3,91761050,91761050,Kostrzyn,80397
3,91761051,91761051,Kostrzyn,80397
3,91761052,91761052,Kostrzyn,80399
3,91761053,91761053,Kostrzyn,80399
3,91502609,91502609,Kostrzyn,80399
3,91761054,91761054,Kostrzyn,80401
3,91761055,91761055,Kostrzyn,80401
3,91761056,91761056,Kostrzyn,80403
3,91502610,91502610,Kostrzyn,80403
3,91761057,91761057,Kostrzyn,80405
3,91761058,91761058,Kostrzyn,80405
3,91502611,91502611,Kostrzyn,80405
3,91761059,91761059,Kostrzyn,80407
3,91761060,91761060,Kostrzyn,80407
3,91761061,91761061,Kostrzyn,80409
3,91761062,91761062,Kostrzyn,80411
3,91761063,91761063,Kostrzyn,80411
3,91502612,91502612,Kostrzyn,80411
3,91761064,91761064,Kostrzyn,80413
3,91761065,91761065,Kostrzyn,80413
3,91762449,91762449,Ustka Uroczysko,80421
3,91762450,91762450,Ustka Uroczysko,80421
3,91762451,91762451,Ustka Uroczysko,80423
3,91762452,91762452,Ustka Uroczysko,80423
3,91503008,91503008,Ustka Uroczysko,80423
3,91503009,91503009,Słupsk,80424
3,91762453,91762453,Ustka Uroczysko,80425
3,91762454,91762454,Ustka Uroczysko,80425
3,91503010,91503010,Ustka Uroczysko,80425
3,91503011,91503011,Słupsk,80426
3,91762455,91762455,Ustka Uroczysko,80427
3,91762456,91762456,Ustka Uroczysko,80427
3,91503012,91503012,Ustka Uroczysko,80427
3,91503013,91503013,Słupsk,80428
3,91762457,91762457,Ustka Uroczysko,80429
3,91762458,91762458,Ustka Uroczysko,80429
3,91503014,91503014,Ustka Uroczysko,80429
3,91762459,91762459,Ustka Uroczysko,80431
3,91762460,91762460,Ustka Uroczysko,80431
3,91762461,91762461,Ustka Uroczysko,80431
3,91762462,91762462,Ustka Uroczysko,80431
3,91503015,91503015,Ustka Uroczysko,80431
3,91503016,91503016,Słupsk,80432
3,91762463,91762463,Ustka Uroczysko,80433
3,91762464,91762464,Ustka Uroczysko,80433
3,91762465,91762465,Ustka Uroczysko,80433
3,91503017,91503017,Ustka Uroczysko,80433
3,91503018,91503018,Słupsk,80434
3,91762466,91762466,Ustka Uroczysko,80435
3,91762467,91762467,Ustka Uroczysko,80435
3,91762468,91762468,Ustka Uroczysko,80435
3,91503019,91503019,Ustka Uroczysko,80435
3,91503020,91503020,Słupsk,80436
3,91762469,91762469,Ustka Uroczysko,80437
3,91762470,91762470,Ustka Uroczysko,80437
3,91762471,91762471,Ustka Uroczysko,80437
3,91503021,91503021,Ustka Uroczysko,80437
3,91503022,91503022,Słupsk,80438
3,91762472,91762472,Ustka Uroczysko,80439
3,91762473,91762473,Ustka Uroczysko,80439
3,91762474,91762474,Ustka Uroczysko,80439
3,91503023,91503023,Ustka Uroczysko,80439
3,91503024,91503024,Słupsk,80440
3,91762475,91762475,Ustka Uroczysko,80441
3,91762476,91762476,Ustka Uroczysko,80441
3,91762477,91762477,Ustka Uroczysko,80441
3,91503025,91503025,Słupsk,80442
3,91762478,91762478,Ustka Uroczysko,80443
3,91762479,91762479,Ustka Uroczysko,80443
3,91762480,91762480,Ustka Uroczysko,80443
3,91503026,91503026,Słupsk,80444
3,91762481,91762481,Ustka Uroczysko,80445
3,91762482,91762482,Ustka Uroczysko,80445
3,91762483,91762483,Ustka Uroczysko,80445
3,91503027,91503027,Ustka Uroczysko,80445
3,91503028,91503028,Słupsk,80446
3,91762484,91762484,Ustka Uroczysko,80447
3,91762485,91762485,Ustka Uroczysko,80447
3,91762486,91762486,Ustka Uroczysko,80447
3,91762487,91762487,Słupsk,80448
3,91762488,91762488,Ustka Uroczysko,80449
3,91763362,91763362,Gryfino,80500
3,91763363,91763363,Gryfino,80500
3,91763364,91763364,Gryfino,80504 S3
3,91763365,91763365,Gryfino,80504 S3
3,91763366,91763366,Gryfino,80506
3,91763367,91763367,Gryfino,80506
3,91503288,91503288,Gryfino,80506
3,91763368,91763368,Gryfino,80508
3,91763369,91763369,Gryfino,80508
3,91503289,91503289,Gryfino,80508
3,91763370,91763370,Gryfino,80510
3,91763371,91763371,Gryfino,80510
3,91503290,91503290,Gryfino,80510
3,91763372,91763372,Gryfino,80512 S3
3,91763373,91763373,Gryfino,80512 S3
3,91763374,91763374,Gryfino,80514 S3
3,91763375,91763375,Gryfino,80514 S3
3,91763377,91763377,Gryfino,80516
3,91763376,91763376,Gryfino,80516
3,91503291,91503291,Gryfino,80516
3,91763379,91763379,Gryfino,80518 S3
3,91763378,91763378,Gryfino,80518 S3
3,91762489,91762489,Słupsk,80522
3,91503292,91503292,Gryfino,80522
3,91763380,91763380,Gryfino,80524 S3
3,91763381,91763381,Gryfino,80524 S3
3,91763382,91763382,Gryfino,80526
3,91503293,91503293,Gryfino,80526
3,91762490,91762490,Słupsk,80528
3,91762491,91762491,Słupsk,80530
3,91762492,91762492,Słupsk,80532
3,91762493,91762493,Słupsk,80532
3,91762494,91762494,Słupsk,80534
3,91762495,91762495,Słupsk,80536
3,91762496,91762496,Słupsk,80536
3,91762497,91762497,Słupsk,80538
3,91762498,91762498,Słupsk,80540
3,91762499,91762499,Słupsk,80542
3,91762500,91762500,Słupsk,80544
3,91763383,91763383,Szczecin Główny,80545
3,91763384,91763384,Szczecin Główny,80545
3,91503294,91503294,Szczecin Główny,80545
3,91762501,91762501,Słupsk,80546
3,91763385,91763385,Szczecin Główny,80547
3,91763386,91763386,Szczecin Główny,80547
3,91762502,91762502,Słupsk,80548
3,91763387,91763387,Szczecin Główny,80549
3,91763388,91763388,Szczecin Główny,80549
3,91503295,91503295,Szczecin Główny,80549
3,91762503,91762503,Słupsk,80550
3,91762504,91762504,Słupsk,80550
3,91503296,91503296,Szczecin Główny,80551 S3
3,91762505,91762505,Słupsk,80552
3,91763389,91763389,Szczecin Główny,80555 S3
3,91763390,91763390,Szczecin Główny,80555 S3
3,91763391,91763391,Szczecin Główny,80557 S3
3,91763392,91763392,Szczecin Główny,80557 S3
3,91763393,91763393,Szczecin Główny,80559
3,91763394,91763394,Szczecin Główny,80559
3,91763395,91763395,Szczecin Główny,80561 S3
3,91763396,91763396,Szczecin Główny,80561 S3
3,91503297,91503297,Szczecin Główny,80561
3,91763397,91763397,Szczecin Główny,80567
3,91763398,91763398,Szczecin Główny,80567
3,91503298,91503298,Szczecin Główny,80567
3,91503299,91503299,Szczecin Główny,80569
3,91503300,91503300,Szczecin Główny,80622 Stadttore-Linie
3,91503301,91503301,Szczecin Główny,80624 Stadttore-Linie
3,91503302,91503302,Szczecin Główny,80626 Stadttore-Linie
3,91503303,91503303,Szczecin Główny,80628 Stadttore-Linie
3,91503304,91503304,Szczecin Główny,80630 Stadttore-Linie
3,91503305,91503305,Szczecin Główny,80632 Stadttore-Linie
3,91503306,91503306,Szczecin Główny,80634 Stadttore-Linie
3,91503307,91503307,Bützow,80643 Stadttore-Linie
3,91503308,91503308,Bützow,80645 Stadttore-Linie
3,91503309,91503309,Bützow,80647 Stadttore-Linie
3,91503310,91503310,Bützow,80649 Stadttore-Linie
3,91503311,91503311,Bützow,80651 Stadttore-Linie
3,91503312,91503312,Bützow,80653 Stadttore-Linie
3,91503313,91503313,Bad Kleinen,80655 Stadttore-Linie
3,91503314,91503314,Neubrandenburg,80657 Stadttore-Linie
3_BUS,91503315,91503315,Szczecin Główny,80658
3_BUS,91503316,91503316,Szczecin Główny,80660
3_BUS,91503317,91503317,Szczecin Główny,80662
3_BUS,91503318,91503318,Szczecin Główny,80664
3_BUS,91503319,91503319,Szczecin Główny,80666
3_BUS,91503320,91503320,Szczecin Główny,80668
3_BUS,91503321,91503321,Szczecin Główny,80670
3_BUS,91503322,91503322,Szczecin Główny,80672
3_BUS,91503323,91503323,Szczecin Główny,80674
3_BUS,91503324,91503324,Szczecin Główny,80676
3_BUS,91503325,91503325,Szczecin Główny,80678
3_BUS,91503326,91503326,Angermünde,80681
3_BUS,91503327,91503327,Angermünde,80683
3_BUS,91503328,91503328,Angermünde,80685
3_BUS,91503329,91503329,Angermünde,80687
3_BUS,91503330,91503330,Angermünde,80689
3_BUS,91503331,91503331,Angermünde,80691
3_BUS,91503332,91503332,Angermünde,80693
3_BUS,91503333,91503333,Angermünde,80695
3_BUS,91503334,91503334,Angermünde,80697
3_BUS,91503335,91503335,Angermünde,80699
3,91761066,91761066,Świnoujście Port,80700
3,91761067,91761067,Świnoujście Port,80700
3,91763399,91763399,Świnoujście Port,80702
3,91763400,91763400,Świnoujście Port,80704
3,91763401,91763401,Świnoujście Port,80704
3,91763402,91763402,Świnoujście Port,80706
3,91763403,91763403,Świnoujście Port,80706
3,91761068,91761068,Świnoujście Port,80708
3,91761069,91761069,Świnoujście Port,80708
3,91761070,91761070,Świnoujście Port,80708
3,91761071,91761071,Świnoujście Port,80708
3,91761072,91761072,Świnoujście Port,80708
3,91503336,91503336,Koszalin,80708
3,91763404,91763404,Świnoujście Port,80710
3,91763405,91763405,Świnoujście Port,80710
3,91763406,91763406,Świnoujście Port,80710
3,91763407,91763407,Świnoujście Port,80710
3,91763410,91763410,Koszalin,80712
3,91763408,91763408,Koszalin,80712
3,91763409,91763409,Koszalin,80712
3,91763411,91763411,Koszalin,80712
3,91763412,91763412,Koszalin,80712
3,91763413,91763413,Gryfino,80714
3,91763414,91763414,Gryfino,80714
3,91763415,91763415,Gryfino,80714
3,91763416,91763416,Chojna,80716
3,91763418,91763418,Goleniów,80718 Woświn
3,91763419,91763419,Port Lotniczy Szczecin Goleniów,80720 S2
3,91763420,91763420,Port Lotniczy Szczecin Goleniów,80720 S2
3,91763421,91763421,Goleniów,80722 S2
3,91763422,91763422,Goleniów,80722 S2
3,91763425,91763425,Port Lotniczy Szczecin Goleniów,80724 S2
3,91763423,91763423,Port Lotniczy Szczecin Goleniów,80724 S2
3,91763424,91763424,Port Lotniczy Szczecin Goleniów,80724 S2
3,91763426,91763426,Port Lotniczy Szczecin Goleniów,80726 S2
3,91763427,91763427,Port Lotniczy Szczecin Goleniów,80726 S2
3,91763428,91763428,Szczecin Główny,80738 S2
3,91763429,91763429,Szczecin Główny,80738 S2
3,91763430,91763430,Szczecin Główny,80740 S2
3,91763431,91763431,Szczecin Główny,80740 S2
3,91763432,91763432,Szczecin Główny,80740 S2
3,91503337,91503337,Port Lotniczy Szczecin Goleniów,80740 S2
3,91763433,91763433,Szczecin Główny,80742 S2
3,91763434,91763434,Szczecin Główny,80746 S2
3,91763435,91763435,Szczecin Główny,80746 S2
3,91763436,91763436,Szczecin Główny,80746 S2
3,91763437,91763437,Szczecin Główny,80746 S2
3,91763438,91763438,Szczecin Główny,80748 S2
3_BUS,91763439,91763439,Szczecin Główny,80750
3_BUS,91763440,91763440,Szczecin Główny,80750
3,91503338,91503338,Port Lotniczy Szczecin Goleniów,80750 S2
3_BUS,91763441,91763441,Szczecin Główny,80752
3,91503339,91503339,Port Lotniczy Szczecin Goleniów,80752 S2
3_BUS,91763442,91763442,Szczecin Główny,80754
3,91503340,91503340,Port Lotniczy Szczecin Goleniów,80754 S2
3_BUS,91763443,91763443,Szczecin Główny,80756
3,91503341,91503341,Port Lotniczy Szczecin Goleniów,80756 S2
3_BUS,91763444,91763444,Szczecin Główny,80758
3_BUS,91763445,91763445,Szczecin Główny,80760
3_BUS,91763446,91763446,Szczecin Główny,80762
3_BUS,91763447,91763447,Szczecin Główny,80764
3_BUS,91763448,91763448,Szczecin Główny,80766
3_BUS,91763449,91763449,Szczecin Główny,80768
3_BUS,91763450,91763450,Szczecin Główny,80770
3,91503342,91503342,Szczecin Główny,80780 S2
3_BUS,91763451,91763451,Angermünde,80781
3_BUS,91763452,91763452,Angermünde,80783
3_BUS,91763453,91763453,Angermünde,80785
3_BUS,91763454,91763454,Angermünde,80787
3_BUS,91763455,91763455,Angermünde,80789
3,91503343,91503343,Szczecin Główny,80790 S2
3_BUS,91763456,91763456,Angermünde,80791
3,91503344,91503344,Szczecin Główny,80792 S2
3_BUS,91763457,91763457,Angermünde,80793
3,91503345,91503345,Szczecin Główny,80794 S2
3_BUS,91763458,91763458,Angermünde,80795
3,91503346,91503346,Szczecin Główny,80796 S2
3_BUS,91763459,91763459,Angermünde,80797
3_BUS,91763460,91763460,Angermünde,80799
3,91763461,91763461,Darłowo,80801
3,91763462,91763462,Darłowo,80801
3,91763463,91763463,Darłowo,80803
3,91763464,91763464,Darłowo,80803
3,91503347,91503347,Darłowo,80803
3,91763465,91763465,Darłowo,80805
3,91763466,91763466,Darłowo,80807
3,91763467,91763467,Darłowo,80811
3,91763468,91763468,Darłowo,80811
3,91503348,91503348,Darłowo,80811
3,91763469,91763469,Sławno,80820
3,91763470,91763470,Sławno,80820
3,91763471,91763471,Sławno,80822
3,91763472,91763472,Sławno,80826
3,91763473,91763473,Sławno,80826
3,91763474,91763474,Sławno,80826
3,91503349,91503349,Sławno,80826
3,91763475,91763475,Sławno,80828
3,91763476,91763476,Sławno,80828
3,91503350,91503350,Sławno,80828
3,91763477,91763477,Słupsk,80840
3,91763478,91763478,Słupsk,80842
3,91763480,91763480,Słupsk,80844
3,91763481,91763481,Słupsk,80844
3,91763482,91763482,Sławno,80844
3,91763483,91763483,Sławno,80844
3,91503351,91503351,Słupsk,80844
3,91763484,91763484,Darłowo,80851
3,91763485,91763485,Darłowo,80853
3,91763488,91763488,Darłowo,80855
3,91763487,91763487,Darłowo,80855
3,91763490,91763490,Darłowo,80855
3,91503352,91503352,Darłowo,80855
3,91763491,91763491,Szczecin Główny,80860 Stadttore-Linie
3,91763492,91763492,Szczecin Główny,80860 Stadttore-Linie
3,91763494,91763494,Szczecin Główny,80862 Stadttore-Linie
3,91763493,91763493,Szczecin Główny,80862 Stadttore-Linie
3,91763495,91763495,Szczecin Główny,80864 Stadttore-Linie
3,91763496,91763496,Szczecin Główny,80864 Stadttore-Linie
3,91763497,91763497,Szczecin Główny,80866 Stadttore-Linie
3,91763498,91763498,Szczecin Główny,80866 Stadttore-Linie
3,91763499,91763499,Szczecin Główny,80868 Stadttore-Linie
3,91763500,91763500,Szczecin Główny,80868 Stadttore-Linie
3,91763501,91763501,Szczecin Główny,80870 Stadttore-Linie
3,91763502,91763502,Szczecin Główny,80870 Stadttore-Linie
3,91763503,91763503,Szczecin Główny,80872 Stadttore-Linie
3,91763504,91763504,Szczecin Główny,80872 Stadttore-Linie
3,91763505,91763505,Szczecin Główny,80874 Stadttore-Linie
3,91763506,91763506,Szczecin Główny,80874 Stadttore-Linie
3,91763507,91763507,Bützow,80881 Stadttore-Linie
3,91763508,91763508,Bützow,80883 Stadttore-Linie
3,91763509,91763509,Bützow,80885 Stadttore-Linie
3,91763510,91763510,Bützow,80887 Stadttore-Linie
3,91763511,91763511,Bützow,80889 Stadttore-Linie
3,91763512,91763512,Bützow,80891 Stadttore-Linie
3,91763513,91763513,Bützow,80893 Stadttore-Linie
3,91763514,91763514,Schwerin Hauptbahnhof,80895 Stadttore-Linie
3,91763515,91763515,Neubrandenburg,80897 Stadttore-Linie
3,91763516,91763516,Koszalin,80900
3,91763517,91763517,Koszalin,80902
3,91763518,91763518,Koszalin,80904
3,91763519,91763519,Koszalin,80906
3,91763520,91763520,Koszalin,80908
3,91763521,91763521,Koszalin,80910
3,91763522,91763522,Koszalin,80912
3,91763523,91763523,Koszalin,80914
3,91763524,91763524,Koszalin,80916
3,91763525,91763525,Koszalin,80918
3,91763526,91763526,Koszalin,80920
3,91763527,91763527,Mielno Koszalińskie,80941
3,91763528,91763528,Mielno Koszalińskie,80943
3,91763529,91763529,Mielno Koszalińskie,80945
3,91763530,91763530,Mielno Koszalińskie,80947
3,91763531,91763531,Mielno Koszalińskie,80949
3,91763532,91763532,Mielno Koszalińskie,80951
3,91763533,91763533,Mielno Koszalińskie,80953
3,91763534,91763534,Mielno Koszalińskie,80955
3,91763535,91763535,Mielno Koszalińskie,80957
3,91763536,91763536,Mielno Koszalińskie,80959
3,91763537,91763537,Mielno Koszalińskie,80961
3,91762506,91762506,Szczecinek,80981
3,91762507,91762507,Szczecinek,80981
3,91503029,91503029,Szczecinek,80981
3,91762508,91762508,Szczecinek,80983
3,91762509,91762509,Szczecinek,80983
3,91762510,91762510,Szczecinek,80985
3,91503030,91503030,Szczecinek,80985
3,91762511,91762511,Szczecinek,80987
3,91503031,91503031,Szczecinek,80987
3,91763538,91763538,Chojnice,80990
3,91763539,91763539,Chojnice,80990
3,91763540,91763540,Chojnice,80992
3,91763541,91763541,Chojnice,80992
3,91763542,91763542,Chojnice,80994
3,91763543,91763543,Chojnice,80994
3,91503032,91503032,Chojnice,80994
3,91763544,91763544,Toruń Wschodni,85050 Rybitwa
3,91762512,91762512,Elbląg,85200
3,91762513,91762513,Elbląg,85200
3,91762514,91762514,Elbląg,85200
3,91762515,91762515,Elbląg,85200
3,91762519,91762519,Bydgoszcz Główna,85202
3,91762517,91762517,Bydgoszcz Główna,85202
3,91762516,91762516,Bydgoszcz Główna,85202
3,91762518,91762518,Bydgoszcz Główna,85202
3,91762520,91762520,Gdynia Główna,85204
3,91762521,91762521,Gdynia Główna,85204
3,91762522,91762522,Gdynia Główna,85204
3,91762523,91762523,Gdynia Główna,85204
3,91762524,91762524,Gdynia Główna,85204
3,91762525,91762525,Gdynia Główna,85204
3,91762526,91762526,Gdynia Główna,85206
3,91762527,91762527,Gdynia Główna,85206
3,91762528,91762528,Gdynia Główna,85206
3,91762529,91762529,Gdynia Główna,85206
3,91762533,91762533,Tczew,85208
3,91762530,91762530,Tczew,85208
3,91762531,91762531,Tczew,85208
3,91762532,91762532,Tczew,85208
3,91762537,91762537,Gdynia Główna,85210
3,91762534,91762534,Gdynia Główna,85210
3,91762535,91762535,Gdynia Główna,85210
3,91762536,91762536,Gdynia Główna,85210
3,91762538,91762538,Gdynia Główna,85212
3,91762539,91762539,Gdynia Główna,85212
3,91762540,91762540,Gdynia Główna,85212
3,91762541,91762541,Gdynia Główna,85212
3,91762542,91762542,Gdynia Główna,85212
3,91762543,91762543,Gdynia Główna,85214
3,91762544,91762544,Gdynia Główna,85214
3,91762545,91762545,Gdynia Główna,85214
3,91762546,91762546,Gdynia Główna,85214
3,91762549,91762549,Elbląg,85216
3,91762547,91762547,Elbląg,85216
3,91762548,91762548,Elbląg,85216
3,91762550,91762550,Elbląg,85216
3,91762551,91762551,Elbląg,85216
3,91762552,91762552,Gdynia Główna,85218
3,91762553,91762553,Gdynia Główna,85218
3,91762554,91762554,Gdynia Główna,85218
3,91762555,91762555,Gdynia Główna,85218
3,91762556,91762556,Gdynia Główna,85222
3,91762557,91762557,Gdynia Główna,85222
3,91762558,91762558,Gdynia Główna,85222
3,91762559,91762559,Gdynia Główna,85222
3,91762560,91762560,Gdynia Główna,85222
3,91762561,91762561,Gdynia Główna,85228
3,91503043,91503043,Gdynia Główna,85228
3,91763545,91763545,Bydgoszcz Główna,85322 Barnim
3,91763546,91763546,Bydgoszcz Główna,85322 Barnim
3,91761073,91761073,Bydgoszcz Główna,85420
3,91761074,91761074,Bydgoszcz Główna,85420
3,91761075,91761075,Bydgoszcz Główna,85422
3,91761076,91761076,Bydgoszcz Główna,85422
3,91502613,91502613,Bydgoszcz Główna,85422
3,91761077,91761077,Toruń Główny,85424
3,91761078,91761078,Toruń Główny,85424
3,91502614,91502614,Toruń Główny,85424
3,91761079,91761079,Bydgoszcz Główna,85426
3,91761080,91761080,Bydgoszcz Główna,85426
3,91502615,91502615,Bydgoszcz Główna,85426
3,91761081,91761081,Bydgoszcz Główna,85428
3,91761082,91761082,Bydgoszcz Główna,85428
3,91502616,91502616,Bydgoszcz Główna,85428
3,91761083,91761083,Bydgoszcz Główna,85430
3,91761084,91761084,Bydgoszcz Główna,85430
3,91761085,91761085,Bydgoszcz Główna,85432
3,91761086,91761086,Bydgoszcz Główna,85432
3,91502617,91502617,Bydgoszcz Główna,85432
3,91761087,91761087,Bydgoszcz Główna,85434
3,91761088,91761088,Bydgoszcz Główna,85434
3,91502618,91502618,Toruń Wschodni,85434
3,91761089,91761089,Toruń Wschodni,85436
3,91761090,91761090,Toruń Wschodni,85436
3,91761091,91761091,Toruń Wschodni,85436
3,91761092,91761092,Toruń Wschodni,85436
3,91762562,91762562,Tczew,85714
3,91503044,91503044,Tczew,85714
3,91761093,91761093,Chojnice,85720
3,91502619,91502619,Chojnice,85720
3,91761094,91761094,Chojnice,85722
3,91761095,91761095,Chojnice,85722
3,91502620,91502620,Chojnice,85722
3,91761096,91761096,Chojnice,85724
3,91761097,91761097,Chojnice,85724
3,91502621,91502621,Chojnice,85724
3,91761098,91761098,Chojnice,85726
3,91761099,91761099,Chojnice,85726
3,91502622,91502622,Chojnice,85726
3,91761100,91761100,Chojnice,85728
3,91761101,91761101,Chojnice,85728
3,91761102,91761102,Chojnice,85728
3,91502623,91502623,Chojnice,85728
3,91761103,91761103,Chojnice,85730
3,91761104,91761104,Chojnice,85730
3,91763548,91763548,Bydgoszcz Główna,85920
3,91763549,91763549,Bydgoszcz Główna,85920
3,91763550,91763550,Poznań Główny,87090 Harpun
3,91763551,91763551,Zielona Góra Główna,87092 Riwiera
3,91763552,91763552,Poznań Główny,87120 Orkan
3,91763553,91763553,Poznań Główny,87130 Merkury
3,91763554,91763554,Poznań Główny,87130 Merkury
3,91763555,91763555,Zielona Góra Główna,87150 Karsibór
3,91763556,91763556,Poznań Główny,87300
3,91763557,91763557,Poznań Główny,87300
3,91763558,91763558,Poznań Główny,87302
3,91763559,91763559,Poznań Główny,87302
3,91503354,91503354,Poznań Główny,87302
3,91763560,91763560,Poznań Główny,87306
3,91763561,91763561,Poznań Główny,87306
3,91503355,91503355,Poznań Główny,87306
3,91763562,91763562,Poznań Główny,87308
3,91763563,91763563,Poznań Główny,87308
3,91503356,91503356,Poznań Główny,87308
3,91763564,91763564,Poznań Główny,87310
3,91763565,91763565,Poznań Główny,87310
3,91503357,91503357,Poznań Główny,87310
3,91761105,91761105,Poznań Główny,87380 PKM4
3,91761106,91761106,Poznań Główny,87380 PKM4
3,91502624,91502624,Poznań Główny,87380 PKM4
3,91761107,91761107,Poznań Główny,87382 PKM4
3,91761108,91761108,Poznań Główny,87382 PKM4
3,91763566,91763566,Poznań Główny,87400
3,91763567,91763567,Poznań Główny,87400
3,91763568,91763568,Poznań Główny,87404 Meduza
3,91763569,91763569,Poznań Główny,87404 Meduza
3,91503358,91503358,Poznań Główny,87404 Meduza
3,91763570,91763570,Poznań Główny,87408
3,91763571,91763571,Poznań Główny,87420 Merkury
3,91763572,91763572,Poznań Główny,87420 Merkury
3,91763573,91763573,Zielona Góra Główna,87500 Parnica
3,91763574,91763574,Zielona Góra Główna,87500 Parnica
3,91503359,91503359,Zielona Góra Główna,87500 Parnica
3_BUS,91763575,91763575,Zielona Góra Główna,87502 Pliszka
3_BUS,91763576,91763576,Zielona Góra Główna,87502 Pliszka
3_BUS,91503360,91503360,Zielona Góra Główna,87502 Pliszka
3,91763577,91763577,Zielona Góra Główna,87506 Odrzanka
3,91763578,91763578,Zielona Góra Główna,87506 Odrzanka
3,91503361,91503361,Zielona Góra Główna,87506 Odrzanka
3,91763590,91763590,Zielona Góra Główna,87510 Regalica
3,91763579,91763579,Zielona Góra Główna,87510 Regalica
3,91763580,91763580,Zielona Góra Główna,87510 Regalica
3,91763581,91763581,Zielona Góra Główna,87510 Regalica
3,91763582,91763582,Zielona Góra Główna,87510 Regalica
3,91763584,91763584,Zielona Góra Główna,87510 Regalica
3,91763589,91763589,Zielona Góra Główna,87510 Regalica
3,91763591,91763591,Zielona Góra Główna,87510 Regalica
3,91763592,91763592,Zielona Góra Główna,87510 Regalica
3,91503362,91503362,Zielona Góra Główna,87510
3,91763595,91763595,Nowa Sól,87512 Regalica
3,91763596,91763596,Rzepin,87520 Ilanka
3,91763597,91763597,Rzepin,87520 Ilanka
3,91763598,91763598,Rzepin,87522
3,91763599,91763599,Rzepin,87522
3,91761110,91761110,Poznań Główny,87530 Ujście Warty
3,91761109,91761109,Poznań Główny,87530 Ujście Warty
3,91502625,91502625,Poznań Główny,87530 Ujście Warty
3,91761111,91761111,Poznań Główny,87532 Wilda
3,91761112,91761112,Poznań Główny,87532 Wilda
3,91502626,91502626,Poznań Główny,87532 Kłodawka
3,91761113,91761113,Poznań Główny,87534 Wilda
3,91761114,91761114,Poznań Główny,87534 Wilda
3,91502627,91502627,Poznań Główny,87534 Wilda
3,91761115,91761115,Zielona Góra Główna,87560
3,91761116,91761116,Zielona Góra Główna,87560
3,91761117,91761117,Zielona Góra Główna,87560
3,91761118,91761118,Zielona Góra Główna,87562
3,91761119,91761119,Zielona Góra Główna,87562
3,91761120,91761120,Zielona Góra Główna,87562
3,91761121,91761121,Zielona Góra Główna,87562
3,91502628,91502628,Zielona Góra Główna,87562
3,91761122,91761122,Zielona Góra Główna,87564
3,91761123,91761123,Zielona Góra Główna,87564
3,91761124,91761124,Zielona Góra Główna,87564
3,91761125,91761125,Zielona Góra Główna,87564
3,91502629,91502629,Zielona Góra Główna,87564
3,91761126,91761126,Zielona Góra Główna,87566
3,91761127,91761127,Zielona Góra Główna,87566
3,91761128,91761128,Zielona Góra Główna,87566
3,91761129,91761129,Zielona Góra Główna,87568
3,91761130,91761130,Zielona Góra Główna,87568
3,91502630,91502630,Zielona Góra Główna,87568
3,91761131,91761131,Zielona Góra Główna,87570
3,91761132,91761132,Zielona Góra Główna,87570
3,91761133,91761133,Zielona Góra Główna,87570
3,91502631,91502631,Zielona Góra Główna,87570
3,91761135,91761135,Zielona Góra Główna,87572
3,91761134,91761134,Zielona Góra Główna,87572
3,91761136,91761136,Zielona Góra Główna,87572
3,91761137,91761137,Zielona Góra Główna,87574
3,91761138,91761138,Zielona Góra Główna,87574
3,91761139,91761139,Zielona Góra Główna,87574
3,91761140,91761140,Zbąszynek,87576
3,91761141,91761141,Zbąszynek,87576
3,91502632,91502632,Zielona Góra Główna,87576
3,91502633,91502633,Zbąszynek,87578
3,91761142,91761142,Rzepin,87600
3,91761143,91761143,Rzepin,87600
3,91503363,91503363,Rzepin,87600
3,91502634,91502634,Rzepin,87602
3,91761144,91761144,Zielona Góra Główna,87602 Parnica
3,91761145,91761145,Zielona Góra Główna,87602 Parnica
3,91761146,91761146,Zielona Góra Główna,87604
3,91761147,91761147,Zielona Góra Główna,87604
3,91761148,91761148,Zielona Góra Główna,87604
3,91502635,91502635,Rzepin,87604
3,91761149,91761149,Rzepin,87606
3,91761150,91761150,Rzepin,87606
3,91763601,91763601,Poznań Główny,87930 Radew
3,91763602,91763602,Poznań Główny,87930 Radew
3,91502636,91502636,Poznań Główny,87930 Radew
3,91763603,91763603,Poznań Główny,87940 Trygław
3,91763604,91763604,Poznań Główny,87940 Trygław
3,91763605,91763605,Poznań Główny,87940 Trygław
3,91763606,91763606,Poznań Główny,87940 Trygław
3,91763607,91763607,Poznań Główny,87940 Trygław
3,91763608,91763608,Poznań Główny,87940 Trygław
3,91503364,91503364,Poznań Główny,87940 Trygław
3,91763609,91763609,Poznań Główny,87942 Gwda
3,91503365,91503365,Poznań Główny,87942 Gwda
3,91763610,91763610,Poznań Główny,87942 Gwda
3,91763611,91763611,Poznań Główny,87942 Gwda
3,91763613,91763613,Poznań Główny,87944 Muszelka
3,91763614,91763614,Poznań Główny,87944 Muszelka
3,91503366,91503366,Poznań Główny,87944 Muszelka
3,91763615,91763615,Poznań Główny,87950 Kotwica
3,91763616,91763616,Poznań Główny,87950 Kotwica
3,91763617,91763617,Poznań Główny,87950 Kotwica
3,91763618,91763618,Poznań Główny,87950 Kotwica
3,91763619,91763619,Poznań Główny,87950 Kotwica
3,91503367,91503367,Poznań Główny,87950 Kotwica
3,91763620,91763620,Gryfice,88104 Szybkie Gryfice
3,91763621,91763621,Gryfice,88104 Szybkie Gryfice
3,91763622,91763622,Szczecin Główny,88108 Szybkie Gryfice
3,91763623,91763623,Szczecin Główny,88108 Szybkie Gryfice
3,91763624,91763624,Świnoujście,88110 Błękitny
3,91763625,91763625,Świnoujście,88112 Błękitny Bis
3,91763626,91763626,Świnoujście,88114 Świna
3,91763627,91763627,Świnoujście,88116 Wyspiarz
3,91763628,91763628,Świnoujście,88118 Bielik
3,91763629,91763629,Szczecin Główny,88120 Błękitny
3,91763630,91763630,Szczecin Główny,88122 Błękitny Bis
3,91763631,91763631,Szczecin Główny,88124 Świna
3,91763632,91763632,Szczecin Główny,88126 Wyspiarz
3,91763633,91763633,Szczecin Główny,88128 Bielik
3,91763634,91763634,Kamień Pomorski,88130 Kamyk
3,91763635,91763635,Szczecin Główny,88140 Kamyk
3,91762563,91762563,Słupsk,88200
3,91762564,91762564,Słupsk,88201
3,91762565,91762565,Słupsk,88202
3,91762566,91762566,Słupsk,88204
3,91762567,91762567,Słupsk,88204
3,91762568,91762568,Słupsk,88206
3,91762569,91762569,Słupsk,88206
3_BUS,91503045,91503045,Lębork,88206
3,91762570,91762570,Słupsk,88208
3,91503046,91503046,Słupsk,88209
3,91502637,91502637,Gorzów Wielkopolski,88210
3,91762571,91762571,Słupsk,88212
3,91502638,91502638,Kostrzyn,88213
3_BUS,91503047,91503047,Lębork,88214
3,91762572,91762572,Słupsk,88216
3_BUS,91503048,91503048,Lębork,88216
3_BUS,91503049,91503049,Lębork,88218
3,91763636,91763636,Szczecinek,88220
3,91763637,91763637,Szczecinek,88220
3,91503368,91503368,Szczecinek,88220
3,91763638,91763638,Szczecinek,88222 Zielone Pomorze
3,91763639,91763639,Szczecinek,88222 Zielone Pomorze
3,91503369,91503369,Szczecinek,88222 Zielone Pomorze
3_BUS,91503050,91503050,Lębork,88224
3,91763640,91763640,Szczecinek,88226 Drawa
3,91763641,91763641,Szczecinek,88226 Drawa
3,91763642,91763642,Szczecinek,88226 Drawa
3,91503370,91503370,Szczecinek,88226 Drawa
3,91763643,91763643,Szczecinek,88228
3,91763644,91763644,Szczecinek,88228
3,91503371,91503371,Szczecinek,88228
3,91763645,91763645,Szczecinek,88230
3,91763646,91763646,Szczecinek,88230
3_BUS,91503051,91503051,Lębork,88232
3,91503052,91503052,Słupsk,88235
3_BUS,91503053,91503053,Lębork,88236
3_BUS,91503054,91503054,Lębork,88238
3,91763647,91763647,Szczecin Główny,88241
3,91763648,91763648,Szczecin Główny,88241
3,91763649,91763649,Szczecin Główny,88241
3,91763650,91763650,Szczecin Główny,88243 Drawa
3,91763651,91763651,Szczecin Główny,88243 Drawa
3,91503372,91503372,Szczecin Główny,88243 Drawa
3,91763652,91763652,Szczecin Główny,88245
3,91763653,91763653,Szczecin Główny,88245
3,91763654,91763654,Szczecin Główny,88245
3,91503373,91503373,Szczecin Główny,88245
3,91763655,91763655,Szczecin Główny,88247 Zielone Pomorze
3,91763656,91763656,Szczecin Główny,88247 Zielone Pomorze
3,91503374,91503374,Szczecin Główny,88247 Zielone Pomorze
3,91763657,91763657,Szczecin Główny,88249
3,91763658,91763658,Szczecin Główny,88249
3_BUS,91503055,91503055,Lębork,88250
3_BUS,91503056,91503056,Lębork,88252
3,91763660,91763660,Szczecin Główny,88253
3,91763659,91763659,Szczecin Główny,88253
3,91762574,91762574,Słupsk,88255
3,91762575,91762575,Słupsk,88255
3,91762576,91762576,Słupsk,88256
3,91762577,91762577,Słupsk,88256
3,91762578,91762578,Słupsk,88258
3,91762579,91762579,Słupsk,88258
3,91762580,91762580,Słupsk,88260
3,91762581,91762581,Słupsk,88260
3,91762582,91762582,Słupsk,88260
3,91763661,91763661,Miastko,88264
3,91763662,91763662,Miastko,88264
3_BUS,91503057,91503057,Słupsk,88267
3_BUS,91503058,91503058,Słupsk,88269
3,91763663,91763663,Słupsk,88270
3,91763667,91763667,Szczecinek,88270
3,91763666,91763666,Szczecinek,88270
3,91763664,91763664,Słupsk,88270
3,91763665,91763665,Słupsk,88270
3,91763668,91763668,Szczecinek,88274
3,91763669,91763669,Szczecinek,88274
3,91503375,91503375,Szczecinek,88274
3_BUS,91503059,91503059,Słupsk,88279
3_BUS,91503060,91503060,Słupsk,88281
3_BUS,91503061,91503061,Słupsk,88283
3_BUS,91503062,91503062,Słupsk,88285
3,91762583,91762583,Słupsk,88288
3,91762584,91762584,Słupsk,88288
3,91762585,91762585,Słupsk,88290
3,91762586,91762586,Słupsk,88290
3,91763670,91763670,Runowo Pomorskie,88293
3,91763671,91763671,Runowo Pomorskie,88293
3,91503376,91503376,Runowo Pomorskie,88293
3,91763673,91763673,Runowo Pomorskie,88295
3,91763672,91763672,Runowo Pomorskie,88295
3,91763674,91763674,Szczecinek,88296
3,91763675,91763675,Szczecinek,88296
3,91762587,91762587,Słupsk,88298
3,91762588,91762588,Słupsk,88298
3,91762589,91762589,Słupsk,88300
3,91762590,91762590,Słupsk,88300
3,91762591,91762591,Słupsk,88302
3,91762592,91762592,Słupsk,88302
3,91503063,91503063,Ustka Uroczysko,88303
3,91762593,91762593,Słupsk,88304
3,91762594,91762594,Słupsk,88304
3,91503064,91503064,Ustka Uroczysko,88305
3,91763676,91763676,Piła Główna,88306
3,91763677,91763677,Piła Główna,88306
3,91763678,91763678,Szczecin Główny,88308
3,91763679,91763679,Szczecin Główny,88308
3,91761151,91761151,Szczecin Główny,88311
3,91761152,91761152,Szczecin Główny,88311
3,91761153,91761153,Szczecin Główny,88311
3,91761154,91761154,Szczecin Główny,88311
3,91762595,91762595,Słupsk,88312
3,91762596,91762596,Słupsk,88312
3,91761155,91761155,Szczecin Główny,88315
3,91761156,91761156,Szczecin Główny,88315
3,91761157,91761157,Szczecin Główny,88317
3,91761158,91761158,Szczecin Główny,88317
3,91762597,91762597,Słupsk,88318
3,91762598,91762598,Słupsk,88318
3,91763680,91763680,Piła Główna,88320
3,91763681,91763681,Piła Główna,88320
3,91503381,91503381,Piła Główna,88320
3,91762599,91762599,Słupsk,88322
3,91763682,91763682,Piła Główna,88324
3,91763683,91763683,Piła Główna,88324
3,91763684,91763684,Szczecinek,88328
3,91763685,91763685,Szczecinek,88328
3,91763686,91763686,Szczecinek,88328
3,91763687,91763687,Piła Główna,88330
3,91763688,91763688,Piła Główna,88330
3,91763689,91763689,Piła Główna,88330
3,91763690,91763690,Piła Główna,88330
3,91763691,91763691,Piła Główna,88330
3,91761163,91761163,Wałcz,88333
3,91761161,91761161,Wałcz,88333
3,91761159,91761159,Wałcz,88333
3,91761160,91761160,Wałcz,88333
3,91761162,91761162,Wałcz,88333
3,91761164,91761164,Wałcz,88333
3,91762600,91762600,Słupsk,88335
3,91763692,91763692,Piła Główna,88338
3,91763693,91763693,Piła Główna,88338
3,91761165,91761165,Gorzów Wielkopolski,88340
3,91761167,91761167,Krzyż,88342
3,91761166,91761166,Krzyż,88342
3,91502639,91502639,Krzyż,88342
3,91761168,91761168,Krzyż,88344
3,91761169,91761169,Krzyż,88344
3,91761170,91761170,Krzyż,88346
3,91761171,91761171,Gorzów Wielkopolski,88346
3,91502640,91502640,Krzyż,88346
3,91761172,91761172,Krzyż,88348
3,91761173,91761173,Krzyż,88348
3,91761174,91761174,Krzyż,88350
3,91761175,91761175,Krzyż,88350
3,91502641,91502641,Krzyż,88350
3,91761176,91761176,Krzyż,88352
3,91761177,91761177,Krzyż,88352
3,91761178,91761178,Krzyż,88354
3,91761179,91761179,Krzyż,88354
3,91502642,91502642,Krzyż,88354
3,91761180,91761180,Krzyż,88356
3,91761181,91761181,Krzyż,88356
3,91502643,91502643,Krzyż,88356
3,91761182,91761182,Krzyż,88358
3,91761183,91761183,Krzyż,88358
3,91502644,91502644,Krzyż,88358
3,91761184,91761184,Krzyż,88360
3,91761185,91761185,Krzyż,88360
3,91502645,91502645,Krzyż,88360
3,91761186,91761186,Krzyż,88362
3,91761187,91761187,Krzyż,88362
3,91502646,91502646,Krzyż,88362
3,91761188,91761188,Krzyż,88364
3,91761189,91761189,Krzyż,88364
3,91761190,91761190,Krzyż,88366
3,91761191,91761191,Gorzów Wielkopolski,88366
3,91761192,91761192,Krzyż,88368
3,91761193,91761193,Gorzów Wielkopolski,88368
3,91761194,91761194,Gorzów Wielkopolski,88370
3,91761195,91761195,Gorzów Wielkopolski,88370
3,91503385,91503385,Szczecin Główny,88371
3,91761196,91761196,Krzyż,88372
3,91761197,91761197,Krzyż,88372
3,91761198,91761198,Krzyż,88374
3,91761199,91761199,Krzyż,88374
3,91763694,91763694,Kalisz Pomorski,88380
3,91763695,91763695,Kalisz Pomorski,88380
3,91503386,91503386,Piła Główna,88382
3,91503387,91503387,Piła Główna,88384
3,91763696,91763696,Szczecin Główny,88391
3,91763697,91763697,Szczecin Główny,88393
3,91503388,91503388,Wałcz,88393
3,91763698,91763698,Port Lotniczy Szczecin Goleniów,88394
3,91503389,91503389,Wałcz,88395
3,91763699,91763699,Port Lotniczy Szczecin Goleniów,88396
3,91502647,91502647,Szczecin Główny,88403
3,91761200,91761200,Szczecin Główny,88403
3,91761201,91761201,Szczecin Główny,88403
3,91761202,91761202,Szczecin Główny,88405
3,91761203,91761203,Szczecin Główny,88405
3,91763700,91763700,Krzyż,88420
3,91763701,91763701,Krzyż,88420
3,91503065,91503065,Słupsk,88430
3,91502648,91502648,Piła Główna,88452
3,91502649,91502649,Piła Główna,88454
3,91502650,91502650,Krzyż,88471
3,91502651,91502651,Krzyż,88477
3,91502652,91502652,Krzyż,88479
3,91761204,91761204,Krzyż,88481
3,91761205,91761205,Krzyż,88481
3,91761206,91761206,Lipka Krajeńska,88482
3,91761207,91761207,Lipka Krajeńska,88482
3,91761208,91761208,Piła Główna,88491
3_BUS,91762602,91762602,Lębork,88500
3_BUS,91762603,91762603,Lębork,88500
3,91762604,91762604,Lębork,88500
3_BUS,91503066,91503066,Lębork,88500
3,91762605,91762605,Słupsk,88511
3,91762606,91762606,Słupsk,88511
3,91762607,91762607,Słupsk,88511
3,91762608,91762608,Słupsk,88511
3_BUS,91503067,91503067,Słupsk,88511
3,91763702,91763702,Kostrzyn,88520
3,91763703,91763703,Kostrzyn,88520
3,91763704,91763704,Kostrzyn,88528
3,91763705,91763705,Kostrzyn,88528
3,91503390,91503390,Kostrzyn,88528
3,91761209,91761209,Szczecin Główny,88541
3,91761210,91761210,Szczecin Główny,88541
3,91502653,91502653,Szczecin Główny,88541
3,91763706,91763706,Chojna,88560
3,91763707,91763707,Szczecin Główny,88583
3,91763708,91763708,Szczecin Główny,88583
3,91763709,91763709,Nowogard,88614
3,91763710,91763710,Nowogard,88614
3,91763711,91763711,Szczecin Główny,88616
3,91763712,91763712,Szczecin Główny,88616
3,91763713,91763713,Kołobrzeg,88620
3,91763714,91763714,Kołobrzeg,88620
3,91763715,91763715,Kołobrzeg,88620
3,91763716,91763716,Kołobrzeg,88624
3,91763717,91763717,Kołobrzeg,88624
3,91503391,91503391,Kołobrzeg,88624
3,91763718,91763718,Kołobrzeg,88626
3,91763719,91763719,Kołobrzeg,88626
3,91503392,91503392,Kołobrzeg,88626
3,91763720,91763720,Kołobrzeg,88628
3,91763721,91763721,Kołobrzeg,88628
3,91503393,91503393,Kołobrzeg,88628
3,91763722,91763722,Kołobrzeg,88630
3,91763723,91763723,Kołobrzeg,88630
3,91763724,91763724,Kołobrzeg,88630
3,91763725,91763725,Kołobrzeg,88632
3,91763726,91763726,Kołobrzeg,88632
3,91503394,91503394,Kołobrzeg,88632
3,91763727,91763727,Kołobrzeg,88634
3,91763728,91763728,Kołobrzeg,88634
3,91763729,91763729,Kołobrzeg,88634
3,91503395,91503395,Kołobrzeg,88634
3,91763730,91763730,Kołobrzeg,88636
3,91763731,91763731,Kołobrzeg,88636
3,91763732,91763732,Kołobrzeg,88638 Solny
3,91763733,91763733,Szczecin Główny,88640
3,91763734,91763734,Szczecin Główny,88640
3,91763735,91763735,Szczecin Główny,88640
3,91763736,91763736,Szczecin Główny,88640
3,91503396,91503396,Szczecin Główny,88640
3,91763737,91763737,Szczecin Główny,88642
3,91763738,91763738,Szczecin Główny,88642
3,91763739,91763739,Szczecin Główny,88642
3,91503397,91503397,Szczecin Główny,88642
3,91763740,91763740,Szczecin Główny,88644
3,91763741,91763741,Szczecin Główny,88644
3,91763742,91763742,Szczecin Główny,88644
3,91763743,91763743,Szczecin Główny,88644
3,91503398,91503398,Szczecin Główny,88644
3,91763744,91763744,Szczecin Główny,88648
3,91763745,91763745,Szczecin Główny,88648
3,91763746,91763746,Szczecin Główny,88648
3,91503399,91503399,Szczecin Główny,88648
3,91763747,91763747,Szczecin Główny,88650
3,91763748,91763748,Szczecin Główny,88650
3,91763749,91763749,Szczecin Główny,88650
3,91503400,91503400,Szczecin Główny,88650
3,91763750,91763750,Szczecin Główny,88652
3,91763751,91763751,Szczecin Główny,88652
3,91503401,91503401,Szczecin Główny,88652
3,91763752,91763752,Szczecin Główny,88654 Solny
3,91763753,91763753,Szczecin Główny,88658
3,91763754,91763754,Szczecin Główny,88658
3,91763755,91763755,Szczecin Główny,88658
3,91503402,91503402,Słupsk,88660
3,91763758,91763758,Słupsk,88662
3,91763760,91763760,Słupsk,88662
3,91763762,91763762,Słupsk,88662
3,91503403,91503403,Słupsk,88662
3,91763763,91763763,Słupsk,88664
3,91763764,91763764,Słupsk,88664
3,91763767,91763767,Darłowo,88664
3,91763768,91763768,Darłowo,88664
3,91763769,91763769,Darłowo,88664
3,91763770,91763770,Darłowo,88664
3,91503404,91503404,Darłowo,88664
3,91763771,91763771,Koszalin,88666
3,91763772,91763772,Koszalin,88666
3,91763773,91763773,Koszalin,88666
3,91763774,91763774,Koszalin,88666
3,91763775,91763775,Koszalin,88666
3,91763776,91763776,Koszalin,88666
3,91763777,91763777,Kołobrzeg,88669
3,91763778,91763778,Kołobrzeg,88669
3,91763779,91763779,Kołobrzeg,88669
3,91763780,91763780,Kołobrzeg,88669
3,91763787,91763787,Koszalin,88670
3,91763781,91763781,Koszalin,88670
3,91763782,91763782,Koszalin,88670
3,91763783,91763783,Koszalin,88670
3,91763784,91763784,Koszalin,88670
3,91763785,91763785,Koszalin,88670
3,91763786,91763786,Koszalin,88670
3,91763788,91763788,Koszalin,88672 Rega
3,91763789,91763789,Koszalin,88672 Rega
3,91763790,91763790,Koszalin,88672 Rega
3,91763791,91763791,Koszalin,88672 Rega
3,91763792,91763792,Koszalin,88672 Rega
3,91503405,91503405,Koszalin,88672 Rega
3,91763795,91763795,Koszalin,88674 Pomerania
3,91763793,91763793,Koszalin,88674 Pomerania
3,91763794,91763794,Koszalin,88674 Pomerania
3,91763796,91763796,Koszalin,88674 Pomerania
3,91763797,91763797,Koszalin,88674 Pomerania
3,91763798,91763798,Koszalin,88674 Pomerania
3,91763799,91763799,Koszalin,88674 Pomerania
3,91763800,91763800,Koszalin,88674 Pomerania
3,91503406,91503406,Koszalin,88674 Pomerania
3,91763801,91763801,Koszalin,88676
3,91763802,91763802,Koszalin,88676
3,91763803,91763803,Koszalin,88676
3,91763804,91763804,Koszalin,88676
3,91763805,91763805,Koszalin,88676
3,91503407,91503407,Koszalin,88676
3,91763816,91763816,Kołobrzeg,88681
3,91763806,91763806,Kołobrzeg,88681
3,91763807,91763807,Kołobrzeg,88681
3,91763808,91763808,Kołobrzeg,88681
3,91763809,91763809,Kołobrzeg,88681
3,91763810,91763810,Kołobrzeg,88681
3,91763811,91763811,Kołobrzeg,88681
3,91763812,91763812,Kołobrzeg,88681
3,91763813,91763813,Kołobrzeg,88681
3,91763814,91763814,Kołobrzeg,88681
3,91763815,91763815,Kołobrzeg,88681
3,91763817,91763817,Kołobrzeg,88681
3,91763818,91763818,Kołobrzeg,88683
3,91763819,91763819,Kołobrzeg,88683
3,91763820,91763820,Kołobrzeg,88683
3,91763821,91763821,Kołobrzeg,88684
3,91763822,91763822,Kołobrzeg,88684
3,91763823,91763823,Kołobrzeg,88684
3,91763824,91763824,Kołobrzeg,88684
3,91763825,91763825,Kołobrzeg,88684
3,91503408,91503408,Kołobrzeg,88684
3,91763828,91763828,Koszalin,88686
3,91763826,91763826,Koszalin,88686
3,91763827,91763827,Koszalin,88686
3,91763829,91763829,Koszalin,88688
3,91763830,91763830,Koszalin,88688
3,91763831,91763831,Koszalin,88688
3,91763832,91763832,Koszalin,88688
3,91763833,91763833,Koszalin,88688
3,91503409,91503409,Koszalin,88688
3,91763838,91763838,Szczecin Główny,88690
3,91763834,91763834,Szczecin Główny,88690
3,91763835,91763835,Szczecin Główny,88690
3,91763836,91763836,Szczecin Główny,88690
3,91763837,91763837,Szczecin Główny,88690
3,91763839,91763839,Szczecin Główny,88690
3,91503410,91503410,Szczecin Główny,88690
3,91763846,91763846,Szczecin Główny,88692 Rega
3,91763840,91763840,Szczecin Główny,88692 Rega
3,91763841,91763841,Szczecin Główny,88692 Rega
3,91763842,91763842,Szczecin Główny,88692 Rega
3,91763843,91763843,Szczecin Główny,88692 Rega
3,91763844,91763844,Szczecin Główny,88692 Rega
3,91763845,91763845,Szczecin Główny,88692 Rega
3,91503411,91503411,Szczecin Główny,88692 Rega
3,91503412,91503412,Kołobrzeg,88695
3,91763847,91763847,Szczecin Główny,88696 Pomerania
3,91763848,91763848,Szczecin Główny,88696 Pomerania
3,91763849,91763849,Szczecin Główny,88696 Pomerania
3,91763850,91763850,Szczecin Główny,88696 Pomerania
3,91763851,91763851,Szczecin Główny,88696 Pomerania
3,91503413,91503413,Szczecin Główny,88696 Pomerania
3,91763855,91763855,Kołobrzeg,88699
3,91763852,91763852,Kołobrzeg,88699
3,91763853,91763853,Kołobrzeg,88699
3,91763854,91763854,Kołobrzeg,88699
3,91763856,91763856,Kołobrzeg,88699
3,91503414,91503414,Kołobrzeg,88699
3,91763857,91763857,Świnoujście Port,88700
3,91763858,91763858,Świnoujście Port,88700
3,91763859,91763859,Świnoujście Port,88700
3,91763860,91763860,Świnoujście Port,88700
3,91763861,91763861,Świnoujście Port,88702
3,91763862,91763862,Świnoujście Port,88702
3,91503415,91503415,Świnoujście Port,88702
3,91763863,91763863,Świnoujście Port,88706 Dziwna
3,91763864,91763864,Świnoujście Port,88706 Dziwna
3,91763865,91763865,Świnoujście Port,88706 Dziwna
3,91503416,91503416,Świnoujście,88706 Dziwna
3,91763866,91763866,Świnoujście Port,88708
3,91763867,91763867,Świnoujście Port,88708
3,91503417,91503417,Świnoujście Port,88708
3,91763870,91763870,Świnoujście Port,88710
3,91763868,91763868,Świnoujście Port,88710
3,91763869,91763869,Świnoujście Port,88710
3,91503418,91503418,Świnoujście Port,88712
3,91763873,91763873,Świnoujście Port,88714
3,91763871,91763871,Świnoujście Port,88714
3,91763872,91763872,Świnoujście Port,88714
3,91503419,91503419,Świnoujście Port,88714
3,91763874,91763874,Świnoujście Port,88718
3,91763875,91763875,Świnoujście Port,88718
3,91503420,91503420,Świnoujście Port,88718 Wiatrak
3,91763876,91763876,Świnoujście Port,88720
3,91763877,91763877,Świnoujście Port,88722 Wiatrak
3,91763878,91763878,Świnoujście Port,88722 Wiatrak
3,91763879,91763879,Szczecin Główny,88740
3,91763880,91763880,Szczecin Główny,88740
3,91763881,91763881,Szczecin Główny,88742
3,91763882,91763882,Szczecin Główny,88742
3,91503421,91503421,Szczecin Główny,88742
3,91763883,91763883,Szczecin Główny,88744
3,91763884,91763884,Szczecin Główny,88744
3,91503422,91503422,Szczecin Główny,88746
3,91763885,91763885,Szczecin Główny,88748
3,91763886,91763886,Szczecin Główny,88748
3,91763887,91763887,Szczecin Główny,88748
3,91763888,91763888,Szczecin Główny,88750
3,91763889,91763889,Szczecin Główny,88750
3,91503423,91503423,Szczecin Główny,88750
3,91763890,91763890,Szczecin Główny,88752
3,91763891,91763891,Szczecin Główny,88752
3,91763892,91763892,Szczecin Główny,88752
3,91763893,91763893,Szczecin Główny,88754
3,91763894,91763894,Szczecin Główny,88754
3,91503424,91503424,Szczecin Główny,88754
3,91763895,91763895,Szczecin Główny,88756
3,91763896,91763896,Szczecin Główny,88756
3,91763897,91763897,Szczecin Główny,88756
3,91763898,91763898,Szczecin Główny,88758
3,91763899,91763899,Szczecin Główny,88758
3,91503425,91503425,Szczecin Główny,88758 Dziwna
3,91503426,91503426,Szczecin Główny,88760 Wiatrak
3,91763901,91763901,Szczecin Główny,88760 Dziwna
3,91763900,91763900,Szczecin Główny,88760 Dziwna
3,91763902,91763902,Szczecin Główny,88762 Wiatrak
3,91763903,91763903,Szczecin Główny,88762 Wiatrak
3,91763904,91763904,Kamień Pomorski,88802
3,91763905,91763905,Kamień Pomorski,88802
3,91763906,91763906,Szczecin Główny,88810
3,91763907,91763907,Szczecin Główny,88810
3,91763908,91763908,Szczecin Główny,88812
3,91763909,91763909,Szczecin Główny,88812
3,91763910,91763910,Kamień Pomorski,88821
3,91763911,91763911,Kamień Pomorski,88821
3,91763912,91763912,Kamień Pomorski,88823
3,91763913,91763913,Kamień Pomorski,88823
3,91763914,91763914,Kamień Pomorski,88825
3,91503427,91503427,Kamień Pomorski,88825
3,91763915,91763915,Kamień Pomorski,88827
3,91763916,91763916,Kamień Pomorski,88827
3,91763917,91763917,Kamień Pomorski,88829
3,91763918,91763918,Kamień Pomorski,88829
3,91503428,91503428,Kamień Pomorski,88829
3,91763919,91763919,Kamień Pomorski,88831
3,91763920,91763920,Kamień Pomorski,88831
3,91503429,91503429,Kamień Pomorski,88831
3,91763921,91763921,Kamień Pomorski,88833
3,91763922,91763922,Kamień Pomorski,88833
3,91503430,91503430,Kamień Pomorski,88833
3,91763923,91763923,Kamień Pomorski,88835
3,91763924,91763924,Kamień Pomorski,88835
3,91763925,91763925,Kamień Pomorski,88837
3,91763926,91763926,Kamień Pomorski,88837
3,91763927,91763927,Kamień Pomorski,88837
3,91503431,91503431,Kamień Pomorski,88837
3,91763928,91763928,Kamień Pomorski,88839
3,91763929,91763929,Kamień Pomorski,88839
3,91503432,91503432,Kamień Pomorski,88839
3,91763930,91763930,Kamień Pomorski,88841
3,91763931,91763931,Kamień Pomorski,88841
3,91763932,91763932,Kamień Pomorski,88843
3,91763933,91763933,Wysoka Kamieńska,88860
3,91763934,91763934,Wysoka Kamieńska,88862
3,91763935,91763935,Wysoka Kamieńska,88862
3,91503433,91503433,Wysoka Kamieńska,88862
3,91763936,91763936,Wysoka Kamieńska,88864
3,91763937,91763937,Wysoka Kamieńska,88864
3,91763938,91763938,Wysoka Kamieńska,88866
3,91763939,91763939,Wysoka Kamieńska,88866
3,91503434,91503434,Wysoka Kamieńska,88866
3,91763940,91763940,Wysoka Kamieńska,88868
3,91763941,91763941,Wysoka Kamieńska,88868
3,91503435,91503435,Wysoka Kamieńska,88868
3,91763942,91763942,Wysoka Kamieńska,88870
3,91763943,91763943,Wysoka Kamieńska,88870
3,91763944,91763944,Wysoka Kamieńska,88872
3,91503436,91503436,Wysoka Kamieńska,88872
3,91763945,91763945,Wysoka Kamieńska,88874
3,91763946,91763946,Wysoka Kamieńska,88874
3,91503437,91503437,Wysoka Kamieńska,88874
3,91763947,91763947,Wysoka Kamieńska,88876
3,91763948,91763948,Wysoka Kamieńska,88876
3,91503438,91503438,Wysoka Kamieńska,88876
3,91763949,91763949,Wysoka Kamieńska,88878
3,91763950,91763950,Wysoka Kamieńska,88878
3,91763951,91763951,Wysoka Kamieńska,88880
3,91763952,91763952,Wysoka Kamieńska,88880
3,91763953,91763953,Wysoka Kamieńska,88882
3,91762610,91762610,Szczecinek,88902
3,91503068,91503068,Szczecinek,88902
3,91762611,91762611,Miastko,88904
3,91503069,91503069,Miastko,88904
3,91762614,91762614,Szczecinek,88906
3,91762615,91762615,Szczecinek,88906
3,91503070,91503070,Szczecinek,88906
3,91762617,91762617,Chojnice,88908
3,91503071,91503071,Chojnice,88908
3,91762619,91762619,Chojnice,88910
3,91503072,91503072,Chojnice,88910
3,91762621,91762621,Chojnice,88912
3,91762622,91762622,Chojnice,88912
3,91503073,91503073,Chojnice,88912
3,91762623,91762623,Miastko,88914
3,91762624,91762624,Miastko,88914
3,91762626,91762626,Miastko,88914
3,91503074,91503074,Miastko,88914
3,91762627,91762627,Miastko,88916
3,91762628,91762628,Miastko,88916
3,91762629,91762629,Miastko,88916
3,91503075,91503075,Miastko,88916
3,91762632,91762632,Słupsk,88919
3,91503076,91503076,Słupsk,88919
3,91762633,91762633,Słupsk,88923
3,91762634,91762634,Słupsk,88923
3,91762635,91762635,Słupsk,88923
3,91503077,91503077,Słupsk,88923
3,91762639,91762639,Słupsk,88925
3,91762637,91762637,Słupsk,88925
3,91762638,91762638,Słupsk,88925
3,91503078,91503078,Słupsk,88925
3,91763955,91763955,Słupsk,88931
3,91763957,91763957,Słupsk,88931
3,91503079,91503079,Słupsk,88931
3,91763959,91763959,Słupsk,88933
3,91763961,91763961,Słupsk,88933
3,91503080,91503080,Słupsk,88933
3,91763962,91763962,Słupsk,88935
3,91763964,91763964,Słupsk,88935
3,91503081,91503081,Słupsk,88935
3,91763966,91763966,Kołobrzeg,88943
3,91763967,91763967,Kołobrzeg,88943
3,91503439,91503439,Kołobrzeg,88943
3,91763969,91763969,Szczecinek,88952
3,91763970,91763970,Szczecinek,88952
3,91763971,91763971,Szczecinek,88952
3_BUS,91763972,91763972,Białogard,88960
3_BUS,91763973,91763973,Białogard,88962
3_BUS,91763974,91763974,Białogard,88964
3,91763975,91763975,Białogard,88964
3,91763976,91763976,Białogard,88964
3_BUS,91763977,91763977,Białogard,88966
3,91763978,91763978,Białogard,88966
3,91503440,91503440,Białogard,88966
3,91763979,91763979,Białogard,88968
3,91763980,91763980,Białogard,88968
3_BUS,91763981,91763981,Białogard,88970
3,91763982,91763982,Białogard,88970
3,91763983,91763983,Białogard,88970
3,91763984,91763984,Słupsk,88976
3,91763985,91763985,Słupsk,88976
3_BUS,91763988,91763988,Kołobrzeg,88979
3_BUS,91763991,91763991,Kołobrzeg,88981
3,91763989,91763989,Kołobrzeg,88981
3,91763990,91763990,Kołobrzeg,88981
3,91763994,91763994,Kołobrzeg,88983
3,91763992,91763992,Kołobrzeg,88983
3_BUS,91763993,91763993,Kołobrzeg,88983
3,91763995,91763995,Kołobrzeg,88985
3,91761211,91761211,Olsztyn Główny,90100 Motława
3,91761212,91761212,Olsztyn Główny,90100 Motława
3,91502654,91502654,Olsztyn Główny,90100 Motława
3,91761213,91761213,Gdynia Główna,90112 Motława
3,91761214,91761214,Gdynia Główna,90112 Motława
3,91502655,91502655,Gdynia Główna,90112 Motława
3,91761215,91761215,Jabłonowo Pomorskie,90200
3,91761216,91761216,Jabłonowo Pomorskie,90200
3,91761217,91761217,Jabłonowo Pomorskie,90202
3,91761218,91761218,Jabłonowo Pomorskie,90202
3,91502656,91502656,Olsztyn Główny,90205
3,91761219,91761219,Olsztyn Główny,90205
3,91761220,91761220,Olsztyn Główny,90205
3,91761221,91761221,Iława Główna,90207
3,91761222,91761222,Iława Główna,90207
3,91761223,91761223,Olsztyn Główny,90209
3,91761224,91761224,Olsztyn Główny,90209
3,91761225,91761225,Olsztyn Główny,90220
3,91761226,91761226,Olsztyn Główny,90220
3,91761227,91761227,Olsztyn Główny,90221
3,91502657,91502657,Olsztyn Główny,90221
3,91761228,91761228,Olsztyn Główny,90222
3,91761229,91761229,Olsztyn Główny,90222
3,91502658,91502658,Olsztyn Główny,90222
3,91761230,91761230,Olsztyn Główny,90224
3,91761231,91761231,Olsztyn Główny,90224
3,91502659,91502659,Olsztyn Główny,90225
3,91761232,91761232,Olsztyn Główny,90227
3,91761233,91761233,Olsztyn Główny,90227
3,91502660,91502660,Olsztyn Główny,90227
3,91761234,91761234,Bydgoszcz Główna,90240
3,91761235,91761235,Bydgoszcz Główna,90240
3,91761236,91761236,Bydgoszcz Główna,90240
3,91502661,91502661,Bydgoszcz Główna,90240
3,91761237,91761237,Bydgoszcz Główna,90242
3,91761238,91761238,Bydgoszcz Główna,90242
3,91502662,91502662,Toruń Główny,90242
3,91761239,91761239,Toruń Główny,90244
3,91761240,91761240,Toruń Główny,90244
3,91502663,91502663,Toruń Główny,90244
3,91761241,91761241,Inowrocław,90246
3,91761242,91761242,Inowrocław,90246
3,91761243,91761243,Inowrocław,90246
3,91502664,91502664,Inowrocław,90246
3,91761244,91761244,Jabłonowo Pomorskie,90250
3,91762641,91762641,Hel,90301
3,91762642,91762642,Hel,90301
3,91762643,91762643,Hel,90301
3,91762644,91762644,Hel,90301
3,91503082,91503082,Hel,90301
3,91762647,91762647,Hel,90303
3,91762645,91762645,Hel,90303
3,91762646,91762646,Hel,90303
3,91762648,91762648,Hel,90303
3,91503083,91503083,Hel,90303
3,91762649,91762649,Hel,90305
3,91762650,91762650,Hel,90305
3,91762651,91762651,Hel,90305
3,91762652,91762652,Hel,90305
3,91503084,91503084,Hel,90305
3,91762653,91762653,Hel,90307
3,91762654,91762654,Hel,90307
3,91503085,91503085,Hel,90307
3,91762655,91762655,Hel,90309
3,91762656,91762656,Hel,90309
3,91762657,91762657,Hel,90309
3,91503086,91503086,Hel,90309
3,91762658,91762658,Hel,90311
3,91762659,91762659,Hel,90311
3,91762660,91762660,Hel,90311
3,91762661,91762661,Hel,90311
3,91762662,91762662,Hel,90311
3,91503087,91503087,Hel,90311
3,91762663,91762663,Hel,90313
3,91762664,91762664,Hel,90313
3,91762665,91762665,Hel,90313
3,91762666,91762666,Hel,90313
3,91503088,91503088,Hel,90313
3,91762668,91762668,Hel,90315
3,91762667,91762667,Hel,90315
3,91762669,91762669,Hel,90315
3,91762670,91762670,Hel,90315
3,91503089,91503089,Hel,90315
3,91762672,91762672,Hel,90317
3,91762671,91762671,Hel,90317
3,91762673,91762673,Hel,90317
3,91762674,91762674,Hel,90317
3,91503090,91503090,Hel,90317
3,91762675,91762675,Hel,90319
3,91762676,91762676,Hel,90319
3,91762677,91762677,Hel,90319
3,91762678,91762678,Hel,90319
3,91503091,91503091,Hel,90319
3,91762682,91762682,Hel,90321
3,91762679,91762679,Hel,90321
3,91762680,91762680,Hel,90321
3,91762681,91762681,Hel,90321
3,91503092,91503092,Hel,90321
3,91762683,91762683,Władysławowo,90323
3,91762684,91762684,Władysławowo,90323
3,91762686,91762686,Gdynia Główna,90400
3,91762685,91762685,Gdynia Główna,90400
3,91762687,91762687,Gdynia Główna,90400
3,91503093,91503093,Gdynia Główna,90400
3,91762691,91762691,Gdynia Główna,90402
3,91762688,91762688,Gdynia Główna,90402
3,91762689,91762689,Gdynia Główna,90402
3,91762690,91762690,Gdynia Główna,90402
3,91503094,91503094,Gdynia Główna,90402
3,91762692,91762692,Gdynia Główna,90404
3,91762693,91762693,Gdynia Główna,90404
3,91762694,91762694,Gdynia Główna,90404
3,91762695,91762695,Gdynia Główna,90404
3,91503095,91503095,Gdynia Główna,90404
3,91762696,91762696,Gdynia Główna,90406
3,91762697,91762697,Gdynia Główna,90406
3,91762698,91762698,Gdynia Główna,90406
3,91762699,91762699,Gdynia Główna,90406
3,91503096,91503096,Gdynia Główna,90406
3,91762700,91762700,Gdynia Główna,90408
3,91762701,91762701,Gdynia Główna,90408
3,91762702,91762702,Gdynia Główna,90408
3,91762703,91762703,Gdynia Główna,90408
3,91503097,91503097,Gdynia Główna,90408
3,91762704,91762704,Gdynia Główna,90410
3,91762705,91762705,Gdynia Główna,90410
3,91762706,91762706,Gdynia Główna,90410
3,91503098,91503098,Gdynia Główna,90410
3,91762707,91762707,Gdynia Główna,90412
3,91762708,91762708,Gdynia Główna,90412
3,91762709,91762709,Gdynia Główna,90412
3,91762710,91762710,Gdynia Główna,90412
3,91503099,91503099,Gdynia Główna,90412
3,91762711,91762711,Gdynia Główna,90414
3,91762712,91762712,Gdynia Główna,90414
3,91762713,91762713,Gdynia Główna,90414
3,91762714,91762714,Gdynia Główna,90414
3,91503100,91503100,Gdynia Główna,90414
3,91762715,91762715,Gdynia Główna,90416
3,91762716,91762716,Gdynia Główna,90416
3,91762717,91762717,Gdynia Główna,90416
3,91762718,91762718,Gdynia Główna,90416
3,91503101,91503101,Gdynia Główna,90416
3,91762719,91762719,Gdynia Główna,90418
3,91762720,91762720,Gdynia Główna,90418
3,91762721,91762721,Gdynia Główna,90418
3,91762722,91762722,Gdynia Główna,90418
3,91503102,91503102,Gdynia Główna,90418
3,91762723,91762723,Gdynia Główna,90420
3,91762724,91762724,Gdynia Główna,90420
3,91762725,91762725,Gdynia Główna,90420
3,91503103,91503103,Gdynia Główna,90420
3,91762726,91762726,Gdynia Główna,90422
3,91762727,91762727,Gdynia Główna,90422
3,91762728,91762728,Gdynia Główna,90422
3,91762729,91762729,Gdynia Główna,90422
3,91503104,91503104,Gdynia Główna,90422
3,91761245,91761245,Działdowo,90600
3,91761246,91761246,Działdowo,90600
3,91761247,91761247,Działdowo,90602
3,91761248,91761248,Działdowo,90602
3,91502665,91502665,Działdowo,90602
3,91761249,91761249,Działdowo,90604
3,91761250,91761250,Działdowo,90604
3,91761251,91761251,Działdowo,90606
3,91761252,91761252,Działdowo,90606
3,91502666,91502666,Działdowo,90606
3,91761254,91761254,Działdowo,90608
3,91761255,91761255,Działdowo,90608
3,91502667,91502667,Działdowo,90608
3,91761256,91761256,Olsztyn Główny,90611
3,91761257,91761257,Olsztyn Główny,90611
3,91761258,91761258,Olsztyn Główny,90613
3,91761259,91761259,Olsztyn Główny,90613
3,91502668,91502668,Olsztyn Główny,90613
3,91761260,91761260,Olsztyn Główny,90615
3,91761261,91761261,Olsztyn Główny,90615
3,91761262,91761262,Olsztyn Główny,90617
3,91761263,91761263,Olsztyn Główny,90617
3,91502669,91502669,Olsztyn Główny,90617
3,91761264,91761264,Olsztyn Główny,90619
3,91761265,91761265,Olsztyn Główny,90619
3,91502670,91502670,Olsztyn Główny,90619
3,91761266,91761266,Iława Główna,90621
3,91761267,91761267,Iława Główna,90621
3,91761268,91761268,Iława Główna,90623
3,91761269,91761269,Iława Główna,90623
3,91502671,91502671,Iława Główna,90623
3,91761270,91761270,Iława Główna,90625
3,91761271,91761271,Iława Główna,90625
3,91761272,91761272,Iława Główna,90625
3,91761273,91761273,Iława Główna,90627
3,91761274,91761274,Iława Główna,90627
3,91761275,91761275,Działdowo,90630
3,91761276,91761276,Działdowo,90630
3,91761277,91761277,Działdowo,90630
3,91761278,91761278,Działdowo,90632
3,91761279,91761279,Działdowo,90632
3,91761281,91761281,Działdowo,90634
3,91761280,91761280,Działdowo,90634
3,91761282,91761282,Działdowo,90634
3,91761283,91761283,Działdowo,90634
3,91761284,91761284,Działdowo,90636
3,91761285,91761285,Działdowo,90636
3,91761286,91761286,Działdowo,90636
3,91502672,91502672,Działdowo,90636
3,91761287,91761287,Malbork,90641
3,91761288,91761288,Malbork,90641
3,91502673,91502673,Malbork,90641
3,91761289,91761289,Malbork,90643
3,91502674,91502674,Malbork,90643
3,91761290,91761290,Malbork,90645
3,91761291,91761291,Malbork,90645
3,91502675,91502675,Malbork,90645
3,91761292,91761292,Malbork,90647
3,91761293,91761293,Malbork,90649
3,91761294,91761294,Malbork,90649
3,91761295,91761295,Iława Główna,90650
3,91761296,91761296,Iława Główna,90650
3,91502676,91502676,Iława Główna,90650
3,91761297,91761297,Iława Główna,90652
3,91502677,91502677,Iława Główna,90652
3,91761298,91761298,Iława Główna,90654
3,91502678,91502678,Iława Główna,90654
3,91761299,91761299,Iława Główna,90656
3,91761300,91761300,Iława Główna,90656
3,91502679,91502679,Iława Główna,90656
3,91761301,91761301,Iława Główna,90658
3,91761302,91761302,Iława Główna,90660
3,91761303,91761303,Iława Główna,90660
3,91502680,91502680,Iława Główna,90660
3,91761304,91761304,Elbląg,90700
3,91761305,91761305,Elbląg,90700
3,91502681,91502681,Elbląg,90702
3,91761306,91761306,Elbląg,90702
3,91761307,91761307,Elbląg,90702
3,91761308,91761308,Elbląg,90702
3,91761309,91761309,Elbląg,90704
3,91761310,91761310,Elbląg,90704
3,91761311,91761311,Elbląg,90704
3,91761312,91761312,Elbląg,90706
3,91761313,91761313,Elbląg,90706
3,91502682,91502682,Elbląg,90706
3,91761314,91761314,Elbląg,90708
3,91761315,91761315,Elbląg,90708
3,91502683,91502683,Elbląg,90708
3,91761316,91761316,Morąg,90711
3,91761317,91761317,Morąg,90711
3,91761318,91761318,Olsztyn Główny,90712
3,91761319,91761319,Olsztyn Główny,90712
3,91502684,91502684,Olsztyn Główny,90712
3,91761321,91761321,Olsztyn Główny,90714
3,91761320,91761320,Olsztyn Główny,90714
3,91502685,91502685,Olsztyn Główny,90714
3,91761322,91761322,Olsztyn Główny,90716
3,91761323,91761323,Olsztyn Główny,90716
3,91761324,91761324,Olsztyn Główny,90718
3,91761325,91761325,Olsztyn Główny,90718
3,91761326,91761326,Olsztyn Główny,90718
3,91502686,91502686,Olsztyn Główny,90718
3,91761327,91761327,Olsztyn Główny,90720
3,91761328,91761328,Olsztyn Główny,90720
3,91761329,91761329,Olsztyn Główny,90720
3,91761330,91761330,Olsztyn Główny,90722
3,91761331,91761331,Olsztyn Główny,90722
3,91502687,91502687,Olsztyn Główny,90722
3,91761332,91761332,Iława Główna,90730
3,91761333,91761333,Iława Główna,90730
3,91502688,91502688,Iława Główna,90730
3,91761334,91761334,Iława Główna,90732
3,91761335,91761335,Iława Główna,90732
3,91502689,91502689,Iława Główna,90732
3,91761336,91761336,Olsztyn Główny,90741
3,91761337,91761337,Olsztyn Główny,90741
3,91761338,91761338,Olsztyn Główny,90741
3,91761339,91761339,Olsztyn Główny,90741
3,91761341,91761341,Olsztyn Główny,90743
3,91761340,91761340,Olsztyn Główny,90743
3,91761342,91761342,Olsztyn Główny,90745
3,91761343,91761343,Olsztyn Główny,90745
3,91761344,91761344,Olsztyn Główny,90745
3,91761345,91761345,Olsztyn Główny,90745
3,91761346,91761346,Malbork,90751
3,91761347,91761347,Malbork,90751
3,91502690,91502690,Malbork,90751
3,91761350,91761350,Ełk,90800
3,91761351,91761351,Ełk,90800
3,91761352,91761352,Ełk,90800
3,91761353,91761353,Ełk,90802
3,91761354,91761354,Ełk,90802
3,91761357,91761357,Ełk,90802
3,91761358,91761358,Ełk,90804
3,91761359,91761359,Ełk,90804
3,91761362,91761362,Ełk,90804
3,91761365,91761365,Ełk,90806
3,91761366,91761366,Ełk,90806
3,91761367,91761367,Ełk,90806
3,91761370,91761370,Olsztyn Główny,90810
3,91761371,91761371,Olsztyn Główny,90810
3,91761372,91761372,Olsztyn Główny,90810
3,91761373,91761373,Olsztyn Główny,90812
3,91761374,91761374,Olsztyn Główny,90812
3,91761375,91761375,Olsztyn Główny,90812
3,91761378,91761378,Olsztyn Główny,90814
3,91761380,91761380,Olsztyn Główny,90814
3,91761381,91761381,Olsztyn Główny,90814
3,91761383,91761383,Olsztyn Główny,90816
3,91761384,91761384,Olsztyn Główny,90816
3,91761385,91761385,Olsztyn Główny,90816
3,91761388,91761388,Olsztyn Główny,90820
3,91761389,91761389,Olsztyn Główny,90820
3,91502698,91502698,Olsztyn Główny,90820
3,91761390,91761390,Olsztyn Główny,90822
3,91761391,91761391,Olsztyn Główny,90822
3,91502699,91502699,Olsztyn Główny,90822
3,91761392,91761392,Olsztyn Główny,90824
3,91761393,91761393,Olsztyn Główny,90824
3,91761394,91761394,Olsztyn Główny,90824
3,91761395,91761395,Olsztyn Główny,90824
3,91761398,91761398,Ełk,90830
3,91761399,91761399,Ełk,90830
3,91761400,91761400,Ełk,90830
3_BUS,91502700,91502700,Ełk,90830
3,91761401,91761401,Olsztyn Główny,90832
3,91761402,91761402,Olsztyn Główny,90832
3,91761403,91761403,Olsztyn Główny,90832
3,91761406,91761406,Korsze,90835
3,91761407,91761407,Korsze,90835
3,91502701,91502701,Korsze,90835
3,91761408,91761408,Korsze,90837
3,91761409,91761409,Korsze,90837
3,91502702,91502702,Korsze,90837
3,91761410,91761410,Ełk,90838
3,91761411,91761411,Ełk,90838
3,91761412,91761412,Korsze,90839
3,91761413,91761413,Korsze,90839
3,91502703,91502703,Korsze,90839
3,91761414,91761414,Szczytno,90921
3,91761415,91761415,Szczytno,90921
3,91761416,91761416,Olsztyn Główny,90930
3,91761417,91761417,Olsztyn Główny,90930
3,91502704,91502704,Olsztyn Główny,90930
3,91761418,91761418,Olsztyn Główny,90932
3,91761419,91761419,Braniewo,90934
3,91761420,91761420,Braniewo,90934
3,91502705,91502705,Braniewo,90934
3,91761421,91761421,Olsztyn Główny,90936
3,91761422,91761422,Olsztyn Główny,90936
3,91502706,91502706,Olsztyn Główny,90936
3,91761423,91761423,Ełk,90941
3,91761424,91761424,Ełk,90941
3,91502707,91502707,Ełk,90941
3,91761425,91761425,Pisz,90943
3,91502708,91502708,Ełk,90943
3,91761426,91761426,Ełk,90945
3,91761427,91761427,Ełk,90947
3,91761428,91761428,Ełk,90947
3,91502709,91502709,Ełk,90947
3,91761429,91761429,Olsztyn Główny,90950
3,91502710,91502710,Olsztyn Główny,90950
3,91761430,91761430,Olsztyn Główny,90952
3,91761431,91761431,Olsztyn Główny,90952
3,91502711,91502711,Olsztyn Główny,90952
3,91761432,91761432,Olsztyn Główny,90954
3,91761433,91761433,Olsztyn Główny,90954
3,91502712,91502712,Olsztyn Główny,90954
3,91761434,91761434,Olsztyn Główny,90956
3,91761435,91761435,Olsztyn Główny,90956
3,91761436,91761436,Szymany Lotnisko,90962
3,91761437,91761437,Szymany Lotnisko,90964
3,91761438,91761438,Szymany Lotnisko,90968
3,91761439,91761439,Olsztyn Główny,90972
3,91761440,91761440,Olsztyn Główny,90974
3,91761441,91761441,Olsztyn Główny,90976
3,91761442,91761442,Gliwice,94902
3,91761443,91761443,Gliwice,94902
3,91502713,91502713,Gliwice,94902
3,91761444,91761444,Gliwice,94904
3,91761445,91761445,Gliwice,94904
3,91761446,91761446,Gliwice,94906
3,91761447,91761447,Gliwice,94906
3,91502714,91502714,Gliwice,94906
3,91761448,91761448,Gliwice,94908
3,91761449,91761449,Gliwice,94908
3,91761450,91761450,Gliwice,94910
3,91761451,91761451,Gliwice,94910
3,91502715,91502715,Gliwice,94910
3,91761452,91761452,Gliwice,94912
3,91761453,91761453,Gliwice,94912
3,91502716,91502716,Gliwice,94912
3,91761454,91761454,Gliwice,94914
3,91761455,91761455,Gliwice,94914
3,91761456,91761456,Gliwice,94916
3,91761457,91761457,Gliwice,94916
3,91502717,91502717,Gliwice,94916
3,91761458,91761458,Gliwice,94918
3,91761459,91761459,Gliwice,94918
3,91761460,91761460,Gliwice,94920
3,91761461,91761461,Gliwice,94920
3,91502718,91502718,Gliwice,94920
3,91761462,91761462,Gliwice,94922
3,91761463,91761463,Gliwice,94922
3,91761464,91761464,Gliwice,94924
3,91761465,91761465,Gliwice,94924
3,91761466,91761466,Gliwice,94926
3,91761467,91761467,Gliwice,94926
3,91761468,91761468,Gliwice,94926
3,91761469,91761469,Gliwice,94926
3,91761470,91761470,Kędzierzyn-Koźle,94931
3,91761471,91761471,Kędzierzyn-Koźle,94931
3,91502719,91502719,Kędzierzyn-Koźle,94933
3,91761472,91761472,Kędzierzyn-Koźle,94933
3,91761473,91761473,Kędzierzyn-Koźle,94933
3,91761474,91761474,Kędzierzyn-Koźle,94935
3,91761475,91761475,Kędzierzyn-Koźle,94935
3,91761477,91761477,Kędzierzyn-Koźle,94937
3,91761476,91761476,Kędzierzyn-Koźle,94937
3,91502720,91502720,Kędzierzyn-Koźle,94937
3,91761478,91761478,Kędzierzyn-Koźle,94939
3,91761479,91761479,Kędzierzyn-Koźle,94939
3,91761480,91761480,Kędzierzyn-Koźle,94939
3,91502721,91502721,Kędzierzyn-Koźle,94939
3,91761481,91761481,Kędzierzyn-Koźle,94941
3,91761482,91761482,Kędzierzyn-Koźle,94941
3,91761483,91761483,Kędzierzyn-Koźle,94943
3,91761484,91761484,Kędzierzyn-Koźle,94943
3,91502722,91502722,Kędzierzyn-Koźle,94943
3,91761485,91761485,Kędzierzyn-Koźle,94945
3,91761486,91761486,Kędzierzyn-Koźle,94945
3,91761488,91761488,Kędzierzyn-Koźle,94947
3,91761487,91761487,Kędzierzyn-Koźle,94947
3,91502723,91502723,Kędzierzyn-Koźle,94947
3,91761489,91761489,Kędzierzyn-Koźle,94949
3,91761490,91761490,Kędzierzyn-Koźle,94949
3,91761491,91761491,Kędzierzyn-Koźle,94951
3,91761492,91761492,Kędzierzyn-Koźle,94951
3,91502724,91502724,Kędzierzyn-Koźle,94951
3,91761493,91761493,Kędzierzyn-Koźle,94953
3,91761494,91761494,Kędzierzyn-Koźle,94953
3,91761495,91761495,Kędzierzyn-Koźle,94953
3,91761496,91761496,Kędzierzyn-Koźle,94953
3,91761497,91761497,Kędzierzyn-Koźle,94955
3,91761498,91761498,Kędzierzyn-Koźle,94955
3,91761499,91761499,Racibórz,94971
3,91761500,91761500,Racibórz,94971
3,91761501,91761501,Racibórz,94973
3,91761502,91761502,Racibórz,94973
3,91761503,91761503,Kędzierzyn-Koźle,94982
3,91761504,91761504,Kędzierzyn-Koźle,94982
3,91761505,91761505,Kędzierzyn-Koźle,94984
3,91761506,91761506,Kędzierzyn-Koźle,94984
3,91761507,91761507,Olsztyn Główny,95613
3,91761508,91761508,Olsztyn Główny,95613
3,91761510,91761510,Olsztyn Główny,95619
3,91761511,91761511,Olsztyn Główny,95619
3,91761512,91761512,Iława Główna,95623
3,91761513,91761513,Działdowo,95636
3,91762730,91762730,Malbork,95821
3,91762731,91762731,Malbork,95821
3,91503105,91503105,Malbork,95821
3,91762732,91762732,Malbork,95823
3,91762733,91762733,Malbork,95823
3,91762734,91762734,Tczew,95825
3,91762735,91762735,Tczew,95825
3,91503106,91503106,Tczew,95825
3,91762736,91762736,Malbork,95827
3,91762737,91762737,Malbork,95827
3,91503107,91503107,Malbork,95827
3,91762738,91762738,Malbork,95829
3,91762739,91762739,Malbork,95829
3,91503108,91503108,Malbork,95829
3,91762740,91762740,Malbork,95831
3,91762741,91762741,Malbork,95831
3,91503109,91503109,Malbork,95831
3,91762742,91762742,Malbork,95833
3,91762743,91762743,Malbork,95833
3,91503110,91503110,Malbork,95833
3,91762744,91762744,Malbork,95835
3,91762745,91762745,Malbork,95835
3,91503111,91503111,Malbork,95835
3,91503112,91503112,Malbork,95837
3,91762746,91762746,Malbork,95839
3,91762747,91762747,Malbork,95839
3,91503113,91503113,Malbork,95839
3,91762748,91762748,Tczew,95841
3,91762749,91762749,Tczew,95841
3,91503114,91503114,Tczew,95841
3,91762750,91762750,Malbork,95843
3,91762751,91762751,Malbork,95843
3,91503115,91503115,Malbork,95843
3,91762752,91762752,Kwidzyn,95860
3,91762753,91762753,Kwidzyn,95860
3,91762754,91762754,Grudziądz,95862
3,91762755,91762755,Grudziądz,95862
3,91503116,91503116,Grudziądz,95862
3,91762756,91762756,Kwidzyn,95864
3,91762757,91762757,Kwidzyn,95864
3,91503117,91503117,Kwidzyn,95864
3,91762758,91762758,Kwidzyn,95866
3,91762759,91762759,Kwidzyn,95866
3,91503118,91503118,Kwidzyn,95866
3,91762760,91762760,Grudziądz,95868
3,91762761,91762761,Grudziądz,95868
3,91503119,91503119,Grudziądz,95868
3,91762762,91762762,Kwidzyn,95870
3,91762763,91762763,Kwidzyn,95870
3,91503120,91503120,Kwidzyn,95870
3,91503121,91503121,Kwidzyn,95872
3,91762764,91762764,Malbork,95873
3,91762765,91762765,Malbork,95873
3,91762766,91762766,Grudziądz,95874
3,91762767,91762767,Grudziądz,95874
3,91503122,91503122,Grudziądz,95874
3,91762768,91762768,Kwidzyn,95876
3,91762769,91762769,Kwidzyn,95876
3,91503123,91503123,Kwidzyn,95876
3,91762770,91762770,Grudziądz,95878
3,91762771,91762771,Grudziądz,95878
3,91503124,91503124,Grudziądz,95878
3,91762772,91762772,Grudziądz,95880
3,91762773,91762773,Grudziądz,95880
3,91503125,91503125,Grudziądz,95880
3,91762774,91762774,Kwidzyn,95882
3,91762775,91762775,Kwidzyn,95882
3,91503126,91503126,Kwidzyn,95882
3,91762776,91762776,Tczew,95884
3,91762777,91762777,Tczew,95884
3,91762778,91762778,Tczew,95884
3,91762779,91762779,Tczew,95886
3,91762780,91762780,Tczew,95886
3,91762781,91762781,Tczew,95886
3,91762782,91762782,Tczew,95888
3,91762783,91762783,Tczew,95888
3,91762784,91762784,Tczew,95888
3,91762785,91762785,Pruszcz Gdański,95890
3,91762786,91762786,Pruszcz Gdański,95890
3,91762787,91762787,Gdańsk Główny,95892
3,91762788,91762788,Gdańsk Główny,95892
3,91762789,91762789,Pruszcz Gdański,95894
3,91762790,91762790,Pruszcz Gdański,95894
3,91761514,91761514,Braniewo,95901
3,91761515,91761515,Braniewo,95901
3,91761516,91761516,Braniewo,95903
3,91761517,91761517,Braniewo,95903
3,91502725,91502725,Braniewo,95903
3,91761518,91761518,Braniewo,95907
3,91761519,91761519,Braniewo,95907
3,91761520,91761520,Braniewo,95909
3,91761521,91761521,Braniewo,95909
3,91761522,91761522,Szczytno,95910
3,91761523,91761523,Szczytno,95910
3,91502726,91502726,Szczytno,95910
3,91761524,91761524,Olsztyn Główny,95912
3,91761525,91761525,Olsztyn Główny,95912
3,91761526,91761526,Chorzele,95914
3,91761527,91761527,Chorzele,95914
3,91502727,91502727,Chorzele,95914
3,91761528,91761528,Olsztyn Główny,95916
3,91761529,91761529,Olsztyn Główny,95916
3,91502728,91502728,Olsztyn Główny,95916
3,91761530,91761530,Szczytno,95918
3,91761531,91761531,Szczytno,95918
3_BUS,91762791,91762791,Kościerzyna,95921
3_BUS,91762792,91762792,Kościerzyna,95921
3_BUS,91503127,91503127,Kościerzyna,95921
3_BUS,91762793,91762793,Kościerzyna,95923
3_BUS,91503128,91503128,Kościerzyna,95923
3_BUS,91762794,91762794,Kościerzyna,95925
3_BUS,91503129,91503129,Kościerzyna,95925
3_BUS,91762795,91762795,Kościerzyna,95927
3_BUS,91503130,91503130,Kościerzyna,95927
3,91761532,91761532,Olsztyn Główny,95934
3,91502729,91502729,Szczytno,95934
3_BUS,91762796,91762796,Chojnice,95982
3_BUS,91503131,91503131,Chojnice,95982
3_BUS,91503132,91503132,Chojnice,95984
3_BUS,91762797,91762797,Chojnice,95984
3_BUS,91762798,91762798,Chojnice,95986
3_BUS,91762799,91762799,Chojnice,95986
3_BUS,91503133,91503133,Chojnice,95986
3_BUS,91762800,91762800,Chojnice,95988
3_BUS,91503134,91503134,Chojnice,95988
3,91762801,91762801,Gdynia Główna,95992
3,91762802,91762802,Gdynia Główna,95992
3,91762803,91762803,Gdynia Główna,95992
3,91503135,91503135,Malbork,95992
3,91762804,91762804,Gdańsk Wrzeszcz,96202
3,91762805,91762805,Gdańsk Wrzeszcz,96202
3,91503136,91503136,Gdańsk Wrzeszcz,96202
3,91762806,91762806,Gdańsk Wrzeszcz,96204
3,91762807,91762807,Gdańsk Wrzeszcz,96204
3,91762808,91762808,Gdańsk Wrzeszcz,96204
3,91762809,91762809,Gdańsk Wrzeszcz,96204
3,91762810,91762810,Gdańsk Wrzeszcz,96204
3,91762811,91762811,Gdańsk Wrzeszcz,96204
3,91503137,91503137,Gdańsk Wrzeszcz,96204
3,91762812,91762812,Gdańsk Wrzeszcz,96206
3,91762813,91762813,Gdańsk Wrzeszcz,96206
3,91503138,91503138,Gdańsk Wrzeszcz,96206
3,91762814,91762814,Gdańsk Wrzeszcz,96208
3,91762815,91762815,Gdańsk Wrzeszcz,96208
3,91762816,91762816,Gdańsk Wrzeszcz,96208
3,91762817,91762817,Gdańsk Wrzeszcz,96208
3,91762818,91762818,Gdańsk Wrzeszcz,96208
3,91762819,91762819,Gdańsk Wrzeszcz,96208
3,91503139,91503139,Gdańsk Wrzeszcz,96208
3,91762820,91762820,Gdańsk Wrzeszcz,96210
3,91762821,91762821,Gdańsk Wrzeszcz,96210
3,91503140,91503140,Gdańsk Wrzeszcz,96210
3,91762822,91762822,Gdańsk Wrzeszcz,96212
3,91762823,91762823,Gdańsk Wrzeszcz,96212
3,91762824,91762824,Gdańsk Wrzeszcz,96212
3,91762825,91762825,Gdańsk Wrzeszcz,96212
3,91762826,91762826,Gdańsk Wrzeszcz,96212
3,91503141,91503141,Gdańsk Wrzeszcz,96212
3,91762827,91762827,Gdańsk Wrzeszcz,96214
3,91762828,91762828,Gdańsk Wrzeszcz,96214
3,91762829,91762829,Gdańsk Wrzeszcz,96214
3,91503142,91503142,Gdańsk Wrzeszcz,96214
3,91762830,91762830,Gdańsk Wrzeszcz,96216
3,91762831,91762831,Gdańsk Wrzeszcz,96216
3,91503143,91503143,Gdańsk Wrzeszcz,96216
3,91762832,91762832,Gdańsk Wrzeszcz,96218
3,91762833,91762833,Gdańsk Wrzeszcz,96218
3,91503144,91503144,Gdańsk Wrzeszcz,96218
3,91762834,91762834,Gdańsk Wrzeszcz,96220
3,91762835,91762835,Gdańsk Wrzeszcz,96220
3,91503145,91503145,Gdańsk Wrzeszcz,96220
3,91762836,91762836,Gdańsk Wrzeszcz,96222
3,91762837,91762837,Gdańsk Wrzeszcz,96222
3,91503146,91503146,Gdańsk Wrzeszcz,96222
3,91762838,91762838,Gdańsk Wrzeszcz,96224
3,91762839,91762839,Gdańsk Wrzeszcz,96224
3,91503147,91503147,Gdańsk Wrzeszcz,96224
3,91762840,91762840,Gdańsk Wrzeszcz,96226
3,91762841,91762841,Gdańsk Wrzeszcz,96226
3,91503148,91503148,Gdańsk Wrzeszcz,96226
3,91762842,91762842,Gdańsk Wrzeszcz,96228
3,91762843,91762843,Gdańsk Wrzeszcz,96228
3,91503149,91503149,Gdańsk Wrzeszcz,96228
3,91762844,91762844,Gdańsk Wrzeszcz,96230
3,91762845,91762845,Gdańsk Wrzeszcz,96230
3,91503150,91503150,Gdańsk Wrzeszcz,96230
3,91762846,91762846,Gdańsk Wrzeszcz,96232
3,91762847,91762847,Gdańsk Wrzeszcz,96232
3,91503151,91503151,Gdańsk Wrzeszcz,96232
3,91762848,91762848,Gdańsk Wrzeszcz,96234
3,91762849,91762849,Gdańsk Wrzeszcz,96234
3,91503152,91503152,Gdańsk Wrzeszcz,96234
3,91762850,91762850,Gdańsk Wrzeszcz,96236
3,91762851,91762851,Gdańsk Wrzeszcz,96236
3,91503153,91503153,Gdańsk Wrzeszcz,96236
3,91762852,91762852,Gdańsk Wrzeszcz,96238
3,91762853,91762853,Gdańsk Wrzeszcz,96238
3,91503154,91503154,Gdańsk Wrzeszcz,96238
3,91762854,91762854,Gdańsk Wrzeszcz,96240
3,91762855,91762855,Gdańsk Wrzeszcz,96240
3,91762856,91762856,Gdańsk Wrzeszcz,96240
3,91762857,91762857,Gdańsk Wrzeszcz,96240
3,91762858,91762858,Gdańsk Wrzeszcz,96240
3,91762859,91762859,Gdańsk Wrzeszcz,96240
3,91503155,91503155,Gdańsk Wrzeszcz,96240
3,91762863,91762863,Gdańsk Wrzeszcz,96242
3,91762860,91762860,Gdańsk Wrzeszcz,96242
3,91762861,91762861,Gdańsk Wrzeszcz,96242
3,91762862,91762862,Gdańsk Wrzeszcz,96242
3,91762864,91762864,Gdańsk Wrzeszcz,96242
3,91762865,91762865,Gdańsk Wrzeszcz,96242
3,91503156,91503156,Gdańsk Wrzeszcz,96242
3,91762867,91762867,Gdańsk Wrzeszcz,96282
3,91762866,91762866,Gdańsk Wrzeszcz,96282
3,91762868,91762868,Gdańsk Wrzeszcz,96282
3,91762869,91762869,Gdańsk Wrzeszcz,96282
3,91762870,91762870,Gdańsk Wrzeszcz,96282
3,91503157,91503157,Gdańsk Wrzeszcz,96282
3,91762874,91762874,Gdańsk Wrzeszcz,96286
3,91762871,91762871,Gdańsk Wrzeszcz,96286
3,91762872,91762872,Gdańsk Wrzeszcz,96286
3,91762873,91762873,Gdańsk Wrzeszcz,96286
3,91762875,91762875,Gdańsk Wrzeszcz,96286
3,91503158,91503158,Gdańsk Wrzeszcz,96286
3,91762878,91762878,Gdańsk Wrzeszcz,96288
3,91762876,91762876,Gdańsk Wrzeszcz,96288
3,91762877,91762877,Gdańsk Wrzeszcz,96288
3,91762879,91762879,Gdańsk Wrzeszcz,96288
3,91762880,91762880,Gdańsk Wrzeszcz,96288
3,91503159,91503159,Gdańsk Wrzeszcz,96288
3,91762882,91762882,Gdańsk Wrzeszcz,96290
3,91762881,91762881,Gdańsk Wrzeszcz,96290
3,91762883,91762883,Gdańsk Wrzeszcz,96290
3,91762884,91762884,Gdańsk Wrzeszcz,96290
3,91762885,91762885,Gdańsk Wrzeszcz,96290
3,91503160,91503160,Gdańsk Wrzeszcz,96290
3,91762886,91762886,Gdańsk Wrzeszcz,96292
3,91762887,91762887,Gdańsk Wrzeszcz,96292
3,91762888,91762888,Gdańsk Wrzeszcz,96292
3,91762889,91762889,Gdańsk Wrzeszcz,96292
3,91503161,91503161,Gdańsk Wrzeszcz,96292
3,91762890,91762890,Gdańsk Wrzeszcz,96294
3,91762891,91762891,Gdańsk Wrzeszcz,96294
3,91762892,91762892,Gdańsk Wrzeszcz,96294
3,91762893,91762893,Gdańsk Wrzeszcz,96294
3,91503162,91503162,Gdańsk Wrzeszcz,96294
3,91762894,91762894,Gdańsk Wrzeszcz,96296
3,91762895,91762895,Gdańsk Wrzeszcz,96296
3,91762896,91762896,Gdańsk Wrzeszcz,96296
3,91762897,91762897,Gdańsk Wrzeszcz,96296
3,91503163,91503163,Gdańsk Wrzeszcz,96296
3,91762898,91762898,Gdańsk Wrzeszcz,96298
3,91762899,91762899,Gdańsk Wrzeszcz,96298
3,91762900,91762900,Gdańsk Wrzeszcz,96298
3,91762901,91762901,Gdańsk Wrzeszcz,96298
3,91503164,91503164,Gdańsk Wrzeszcz,96298
3,91762902,91762902,Gdynia Główna,96301
3,91762903,91762903,Gdynia Główna,96301
3,91503165,91503165,Gdynia Główna,96301
3,91762904,91762904,Gdynia Główna,96303
3,91762905,91762905,Gdynia Główna,96303
3,91503166,91503166,Gdynia Główna,96303
3,91762906,91762906,Gdynia Główna,96305
3,91762907,91762907,Gdynia Główna,96305
3,91762908,91762908,Gdynia Główna,96305
3,91762909,91762909,Gdynia Główna,96305
3,91762910,91762910,Gdynia Główna,96305
3,91762911,91762911,Gdynia Główna,96305
3,91762912,91762912,Gdynia Główna,96305
3,91503167,91503167,Gdynia Główna,96305
3,91762913,91762913,Gdynia Główna,96307
3,91762914,91762914,Gdynia Główna,96307
3,91503168,91503168,Gdynia Główna,96307
3,91762915,91762915,Gdynia Główna,96309
3,91762916,91762916,Gdynia Główna,96309
3,91503169,91503169,Gdynia Główna,96309
3,91762917,91762917,Gdynia Główna,96311
3,91762918,91762918,Gdynia Główna,96311
3,91503170,91503170,Gdynia Główna,96311
3,91762920,91762920,Gdynia Główna,96313
3,91503171,91503171,Gdynia Główna,96313
3,91762919,91762919,Gdynia Główna,96313
3,91762924,91762924,Gdynia Główna,96315
3,91503172,91503172,Gdynia Główna,96315
3,91762921,91762921,Gdynia Główna,96315
3,91762922,91762922,Gdynia Główna,96315
3,91762923,91762923,Gdynia Główna,96315
3,91762925,91762925,Gdynia Główna,96315
3,91762926,91762926,Gdynia Główna,96317
3,91762927,91762927,Gdynia Główna,96317
3,91503173,91503173,Gdynia Główna,96317
3,91762929,91762929,Gdynia Główna,96319
3,91762928,91762928,Gdynia Główna,96319
3,91503174,91503174,Gdynia Główna,96319
3,91762930,91762930,Gdynia Główna,96321
3,91762931,91762931,Gdynia Główna,96321
3,91503175,91503175,Gdynia Główna,96321
3,91762933,91762933,Gdynia Główna,96323
3,91762932,91762932,Gdynia Główna,96323
3,91503176,91503176,Gdynia Główna,96323
3,91762934,91762934,Gdynia Główna,96327
3,91762935,91762935,Gdynia Główna,96327
3,91503177,91503177,Gdynia Główna,96327
3,91762936,91762936,Gdynia Główna,96329
3,91762937,91762937,Gdynia Główna,96329
3,91762938,91762938,Gdynia Główna,96329
3,91762939,91762939,Gdynia Główna,96329
3,91503178,91503178,Gdynia Główna,96329
3,91762940,91762940,Gdynia Główna,96331
3,91762941,91762941,Gdynia Główna,96331
3,91503179,91503179,Gdynia Główna,96331
3,91762942,91762942,Gdynia Główna,96333
3,91762943,91762943,Gdynia Główna,96333
3,91503180,91503180,Gdynia Główna,96333
3,91762944,91762944,Gdynia Główna,96335
3,91762945,91762945,Gdynia Główna,96335
3,91503181,91503181,Gdynia Główna,96335
3,91762946,91762946,Gdynia Główna,96337
3,91762947,91762947,Gdynia Główna,96337
3,91503182,91503182,Gdynia Główna,96339
3,91762954,91762954,Gdynia Główna,96341
3,91762948,91762948,Gdynia Główna,96341
3,91762949,91762949,Gdynia Główna,96341
3,91762950,91762950,Gdynia Główna,96341
3,91762951,91762951,Gdynia Główna,96341
3,91762952,91762952,Gdynia Główna,96341
3,91762953,91762953,Gdynia Główna,96341
3,91503183,91503183,Gdynia Główna,96341
3,91762955,91762955,Gdynia Główna,96343
3,91762956,91762956,Gdynia Główna,96343
3,91762957,91762957,Gdynia Główna,96343
3,91762958,91762958,Gdynia Główna,96343
3,91762959,91762959,Gdynia Główna,96343
3,91762960,91762960,Gdynia Główna,96343
3,91762961,91762961,Gdynia Główna,96343
3,91503184,91503184,Gdynia Główna,96343
3,91762962,91762962,Gdynia Główna,96345
3,91762963,91762963,Gdynia Główna,96345
3,91762964,91762964,Gdynia Główna,96345
3,91503185,91503185,Gdynia Główna,96345
3,91762969,91762969,Gdynia Główna,96349
3,91762965,91762965,Gdynia Główna,96349
3,91762966,91762966,Gdynia Główna,96349
3,91762967,91762967,Gdynia Główna,96349
3,91762968,91762968,Gdynia Główna,96349
3,91762970,91762970,Gdynia Główna,96349
3,91762971,91762971,Gdynia Główna,96349
3,91503186,91503186,Gdynia Główna,96349
3,91762972,91762972,Gdynia Główna,96371
3,91762973,91762973,Gdynia Główna,96371
3,91762974,91762974,Gdynia Główna,96371
3,91762975,91762975,Gdynia Główna,96371
3,91762976,91762976,Gdynia Główna,96371
3,91762977,91762977,Gdynia Główna,96371
3,91503187,91503187,Gdynia Główna,96371
3,91762982,91762982,Gdynia Główna,96373
3,91762978,91762978,Gdynia Główna,96373
3,91762979,91762979,Gdynia Główna,96373
3,91762980,91762980,Gdynia Główna,96373
3,91762981,91762981,Gdynia Główna,96373
3,91762983,91762983,Gdynia Główna,96373
3,91503188,91503188,Gdynia Główna,96373
3,91762984,91762984,Gdynia Główna,96375
3,91762985,91762985,Gdynia Główna,96375
3,91762986,91762986,Gdynia Główna,96375
3,91762987,91762987,Gdynia Główna,96375
3,91762988,91762988,Gdynia Główna,96375
3,91762989,91762989,Gdynia Główna,96375
3,91503189,91503189,Gdynia Główna,96375
3,91762995,91762995,Gdynia Główna,96377
3,91762990,91762990,Gdynia Główna,96377
3,91762991,91762991,Gdynia Główna,96377
3,91762992,91762992,Gdynia Główna,96377
3,91762993,91762993,Gdynia Główna,96377
3,91762994,91762994,Gdynia Główna,96377
3,91503190,91503190,Gdynia Główna,96377
3,91762996,91762996,Gdynia Główna,96381
3,91762997,91762997,Gdynia Główna,96381
3,91762998,91762998,Gdynia Główna,96381
3,91762999,91762999,Gdynia Główna,96381
3,91763000,91763000,Gdynia Główna,96381
3,91763001,91763001,Gdynia Główna,96381
3,91763002,91763002,Gdynia Główna,96381
3,91503191,91503191,Gdynia Główna,96381
3,91763006,91763006,Gdynia Główna,96383
3,91763003,91763003,Gdynia Główna,96383
3,91763004,91763004,Gdynia Główna,96383
3,91763005,91763005,Gdynia Główna,96383
3,91763007,91763007,Gdynia Główna,96383
3,91763008,91763008,Gdynia Główna,96383
3,91503192,91503192,Gdynia Główna,96383
3,91763010,91763010,Gdynia Główna,96385
3,91763009,91763009,Gdańsk Osowa,96385
3,91763011,91763011,Gdańsk Osowa,96385
3,91763012,91763012,Gdynia Główna,96385
3,91763013,91763013,Gdynia Główna,96385
3,91763014,91763014,Gdynia Główna,96385
3,91763015,91763015,Gdynia Główna,96385
3,91763016,91763016,Gdynia Główna,96385
3,91763017,91763017,Gdynia Główna,96385
3,91503193,91503193,Gdynia Główna,96385
3,91763018,91763018,Gdynia Główna,96387
3,91763019,91763019,Gdynia Główna,96387
3,91763020,91763020,Gdynia Główna,96387
3,91763021,91763021,Gdynia Główna,96387
3,91763022,91763022,Gdynia Główna,96387
3,91503194,91503194,Gdynia Główna,96387
3,91763023,91763023,Gdynia Główna,96389
3,91763024,91763024,Gdynia Główna,96389
3,91763025,91763025,Gdynia Główna,96389
3,91763026,91763026,Gdynia Główna,96389
3,91763027,91763027,Gdynia Główna,96389
3,91503195,91503195,Gdynia Główna,96389
3,91763029,91763029,Gdynia Główna,96391
3,91763030,91763030,Gdynia Główna,96391
3,91763031,91763031,Gdynia Główna,96391
3,91763028,91763028,Gdynia Główna,96391
3,91763032,91763032,Gdynia Główna,96391
3,91503196,91503196,Gdynia Główna,96391
3,91763033,91763033,Gdynia Główna,96393
3,91763034,91763034,Gdynia Główna,96393
3,91763035,91763035,Gdynia Główna,96393
3,91763036,91763036,Gdynia Główna,96393
3,91763037,91763037,Gdynia Główna,96393
3,91503197,91503197,Gdynia Główna,96393
3,91763038,91763038,Gdynia Główna,96395
3,91763039,91763039,Gdynia Główna,96395
3,91763040,91763040,Gdynia Główna,96395
3,91763041,91763041,Gdynia Główna,96395
3,91763042,91763042,Gdynia Główna,96395
3,91503198,91503198,Gdynia Główna,96395
3,91763043,91763043,Gdynia Główna,96397
3,91763044,91763044,Gdynia Główna,96397
3,91763045,91763045,Gdynia Główna,96397
3,91763046,91763046,Gdynia Główna,96397
3,91763047,91763047,Gdynia Główna,96397
3,91503199,91503199,Gdynia Główna,96397
3,91763048,91763048,Gdynia Główna,96399
3,91763049,91763049,Gdynia Główna,96399
3,91763050,91763050,Gdynia Główna,96399
3,91763051,91763051,Gdynia Główna,96399
3,91763052,91763052,Gdynia Główna,96399
3,91763053,91763053,Gdynia Główna,96399
3,91503200,91503200,Gdynia Główna,96399
3,91763054,91763054,Kartuzy,96400
3,91503201,91503201,Kartuzy,96400
3,91763055,91763055,Kartuzy,96401
3,91763056,91763056,Kartuzy,96401
3,91763057,91763057,Kartuzy,96402
3,91503202,91503202,Kartuzy,96402
3,91763058,91763058,Kartuzy,96403
3,91763059,91763059,Kartuzy,96404
3,91503203,91503203,Kartuzy,96404
3,91763060,91763060,Kartuzy,96405
3,91763061,91763061,Kartuzy,96405
3,91763062,91763062,Kartuzy,96406
3,91503204,91503204,Kartuzy,96406
3,91763063,91763063,Kartuzy,96407
3,91763064,91763064,Kartuzy,96407
3,91763065,91763065,Kartuzy,96408
3,91503205,91503205,Kartuzy,96408
3,91763066,91763066,Kartuzy,96409
3,91763067,91763067,Kartuzy,96410
3,91503206,91503206,Kartuzy,96410
3,91763068,91763068,Kartuzy,96411
3,91763069,91763069,Kartuzy,96411
3,91763070,91763070,Gdańsk Główny,96450
3,91763071,91763071,Gdańsk Główny,96450
3,91503207,91503207,Gdańsk Główny,96450
3,91763072,91763072,Gdańsk Wrzeszcz,96452
3,91763073,91763073,Gdańsk Wrzeszcz,96452
3,91503208,91503208,Gdańsk Wrzeszcz,96452
3,91763075,91763075,Gdańsk Wrzeszcz,96454
3,91763074,91763074,Gdańsk Wrzeszcz,96454
3,91503209,91503209,Gdańsk Wrzeszcz,96454
3,91763076,91763076,Gdańsk Główny,96456
3,91763077,91763077,Gdańsk Główny,96456
3,91763078,91763078,Gdańsk Główny,96456
3,91503210,91503210,Gdańsk Główny,96456
3,91763079,91763079,Gdańsk Wrzeszcz,96458
3,91763080,91763080,Gdańsk Wrzeszcz,96458
3,91503211,91503211,Gdańsk Wrzeszcz,96458
3,91763081,91763081,Gdańsk Wrzeszcz,96460
3,91763082,91763082,Gdańsk Wrzeszcz,96460
3,91763083,91763083,Gdańsk Wrzeszcz,96460
3,91503212,91503212,Gdańsk Wrzeszcz,96460
3,91763084,91763084,Kartuzy,96502
3,91763085,91763085,Kartuzy,96502
3,91503213,91503213,Kartuzy,96502
3,91763086,91763086,Kartuzy,96504
3,91763087,91763087,Kartuzy,96504
3,91503214,91503214,Kartuzy,96504
3,91763089,91763089,Kartuzy,96506
3,91763088,91763088,Kartuzy,96506
3,91503215,91503215,Kartuzy,96506
3,91763092,91763092,Kartuzy,96508
3,91763090,91763090,Kartuzy,96508
3,91763091,91763091,Kartuzy,96508
3,91503216,91503216,Kartuzy,96508
3,91763093,91763093,Kartuzy,96510
3,91763094,91763094,Kartuzy,96510
3,91503217,91503217,Kartuzy,96510
3,91763095,91763095,Kartuzy,96512
3,91763096,91763096,Kartuzy,96512
3,91503218,91503218,Kartuzy,96512
3,91763097,91763097,Kartuzy,96514
3,91763098,91763098,Kartuzy,96514
3,91503219,91503219,Kartuzy,96514
3,91763099,91763099,Kartuzy,96516
3,91763100,91763100,Kartuzy,96516
3,91503220,91503220,Kartuzy,96516
3,91763101,91763101,Kartuzy,96518
3,91763102,91763102,Kartuzy,96518
3,91503221,91503221,Kartuzy,96518
3,91763104,91763104,Kartuzy,96520
3,91763103,91763103,Kartuzy,96520
3,91763105,91763105,Kartuzy,96520
3,91503222,91503222,Kartuzy,96520
3,91763106,91763106,Kartuzy,96522
3,91763107,91763107,Kartuzy,96522
3,91503223,91503223,Kartuzy,96522
3,91763108,91763108,Kartuzy,96524
3,91763109,91763109,Kartuzy,96524
3,91503224,91503224,Kartuzy,96524
3,91763110,91763110,Kartuzy,96526
3,91763111,91763111,Kartuzy,96526
3,91763112,91763112,Kartuzy,96526
3,91503225,91503225,Kartuzy,96526
3,91763113,91763113,Kartuzy,96528
3,91763114,91763114,Kartuzy,96528
3,91503226,91503226,Kartuzy,96528
3,91763115,91763115,Kartuzy,96530
3,91763116,91763116,Kartuzy,96530
3,91503227,91503227,Kartuzy,96530
3,91763117,91763117,Gdańsk Wrzeszcz,96550
3,91763118,91763118,Gdańsk Wrzeszcz,96550
3,91503228,91503228,Gdańsk Wrzeszcz,96550
3,91763119,91763119,Gdańsk Wrzeszcz,96552
3,91763120,91763120,Gdańsk Wrzeszcz,96552
3,91503229,91503229,Gdańsk Wrzeszcz,96552
3,91763121,91763121,Gdańsk Wrzeszcz,96554
3,91763122,91763122,Gdańsk Główny,96554
3,91503230,91503230,Gdańsk Wrzeszcz,96554
3,91763123,91763123,Gdańsk Wrzeszcz,96556
3,91763124,91763124,Gdańsk Wrzeszcz,96556
3,91503231,91503231,Gdańsk Wrzeszcz,96556
3,91763125,91763125,Gdańsk Wrzeszcz,96558
3,91763126,91763126,Gdańsk Wrzeszcz,96558
3,91503232,91503232,Gdańsk Wrzeszcz,96558
3,91763127,91763127,Gdańsk Wrzeszcz,96560
3,91763128,91763128,Gdańsk Wrzeszcz,96560
3,91503233,91503233,Gdańsk Wrzeszcz,96560
3,91763129,91763129,Gdańsk Wrzeszcz,96562
3,91763130,91763130,Gdańsk Wrzeszcz,96562
3,91763131,91763131,Gdańsk Wrzeszcz,96562
3,91503234,91503234,Gdańsk Wrzeszcz,96562
3,91763132,91763132,Gdańsk Wrzeszcz,96564
3,91763133,91763133,Gdańsk Wrzeszcz,96564
3,91503235,91503235,Gdańsk Wrzeszcz,96564
3,91763134,91763134,Gdańsk Wrzeszcz,96566
3,91763135,91763135,Gdańsk Wrzeszcz,96566
3,91503236,91503236,Gdańsk Wrzeszcz,96566
3,91763136,91763136,Gdańsk Wrzeszcz,96568
3,91503237,91503237,Gdańsk Wrzeszcz,96568
3,91763137,91763137,Gdańsk Wrzeszcz,96570
3,91763138,91763138,Gdańsk Wrzeszcz,96570
3,91503238,91503238,Gdańsk Wrzeszcz,96570
3,91763139,91763139,Gdańsk Wrzeszcz,96572
3,91763140,91763140,Gdańsk Wrzeszcz,96572
3,91503239,91503239,Gdańsk Wrzeszcz,96572
3,91763141,91763141,Gdańsk Wrzeszcz,96574
3,91763142,91763142,Gdańsk Wrzeszcz,96574
3,91503240,91503240,Gdańsk Wrzeszcz,96574
3,91763143,91763143,Gdańsk Wrzeszcz,96576
3,91763144,91763144,Gdańsk Wrzeszcz,96576
3,91763145,91763145,Gdańsk Wrzeszcz,96576
3,91503241,91503241,Gdańsk Wrzeszcz,96576
3,91763146,91763146,Gdańsk Wrzeszcz,96578
3,91763147,91763147,Gdańsk Wrzeszcz,96578
3,91503242,91503242,Gdańsk Wrzeszcz,96578
3,91763148,91763148,Gdańsk Wrzeszcz,96584
3,91763149,91763149,Gdańsk Wrzeszcz,96584
3,91503243,91503243,Gdańsk Wrzeszcz,96584
3,91763150,91763150,Kartuzy,96594
3,91503244,91503244,Kartuzy,96594
3,91763151,91763151,Kartuzy,96596
3,91763153,91763153,Kartuzy,96596
3,91503245,91503245,Kartuzy,96596
3,91763154,91763154,Kartuzy,96598
3,91763155,91763155,Kartuzy,96598
3,91503246,91503246,Kartuzy,96598
3,91763156,91763156,Gdynia Główna,96715
3,91503247,91503247,Gdańsk Wrzeszcz,96806
3,91763157,91763157,Gdańsk Wrzeszcz,96806
3,91763158,91763158,Gdańsk Wrzeszcz,96806
3,91763159,91763159,Gdańsk Wrzeszcz,96806
3,91763160,91763160,Gdańsk Wrzeszcz,96806
3,91763161,91763161,Gdynia Główna,96815
3,91763162,91763162,Gdynia Główna,96815
3,91763163,91763163,Gdynia Główna,96815
3,91763164,91763164,Gdynia Główna,96815
3,91763165,91763165,Gdynia Główna,96815
3,91763166,91763166,Gdańsk Osowa,96815
3,91763167,91763167,Gdynia Główna,96815
3,91763168,91763168,Gdynia Główna,96815
3,91763169,91763169,Gdańsk Osowa,96815
3,91503248,91503248,Gdynia Główna,96815
3,91763170,91763170,Gdynia Główna,96816
3,91763171,91763171,Gdynia Główna,96816
3,91503249,91503249,Gdynia Główna,96816
3,91763172,91763172,Gdynia Główna,96818
3,91763173,91763173,Gdynia Główna,96818
3,91503250,91503250,Gdynia Główna,96818
3,91763179,91763179,Gdańsk Wrzeszcz,96832
3,91763174,91763174,Gdańsk Wrzeszcz,96832
3,91763175,91763175,Gdańsk Wrzeszcz,96832
3,91763176,91763176,Gdańsk Wrzeszcz,96832
3,91763177,91763177,Gdańsk Wrzeszcz,96832
3,91763178,91763178,Gdańsk Wrzeszcz,96832
3,91763180,91763180,Gdańsk Wrzeszcz,96832
3,91503251,91503251,Gdańsk Wrzeszcz,96832
3,91763181,91763181,Gdańsk Port Lotniczy,96865
3,91763182,91763182,Gdańsk Port Lotniczy,96865
3,91763183,91763183,Gdańsk Port Lotniczy,96865
3,91763184,91763184,Gdańsk Port Lotniczy,96867
3,91763185,91763185,Gdańsk Port Lotniczy,96867
3,91763186,91763186,Gdańsk Port Lotniczy,96867
3,91763187,91763187,Gdańsk Port Lotniczy,96869
3,91763188,91763188,Gdańsk Port Lotniczy,96869
3,91763189,91763189,Gdańsk Port Lotniczy,96869
3,91763190,91763190,Gdańsk Port Lotniczy,96871
3,91763191,91763191,Gdańsk Port Lotniczy,96871
3,91763192,91763192,Gdańsk Port Lotniczy,96873
3,91763193,91763193,Gdańsk Port Lotniczy,96873
3,91763194,91763194,Gdańsk Port Lotniczy,96873
3,91763195,91763195,Gdańsk Port Lotniczy,96875
3,91763196,91763196,Gdańsk Port Lotniczy,96875
3_BUS,91763197,91763197,Kościerzyna,96900 Kz2
3_BUS,91763198,91763198,Kościerzyna,96902 Kz2
3_BUS,91503252,91503252,Kościerzyna,96902 Kz2
3_BUS,91763199,91763199,Kościerzyna,96904 Kz2
3_BUS,91503253,91503253,Kościerzyna,96904 Kz2
3_BUS,91763200,91763200,Kościerzyna,96906 Kz2
3_BUS,91503254,91503254,Kościerzyna,96906 Kz2
3_BUS,91763201,91763201,Kościerzyna,96908 Kz2
3_BUS,91763202,91763202,Kościerzyna,96910 Kz2
3_BUS,91503255,91503255,Kościerzyna,96910 Kz2
3_BUS,91763203,91763203,Kościerzyna,96912 Kz2
3_BUS,91503256,91503256,Kościerzyna,96912 Kz2
3_BUS,91763204,91763204,Kościerzyna,96914 Kz2
3_BUS,91503257,91503257,Kościerzyna,96914 Kz2
3_BUS,91763205,91763205,Kościerzyna,96916 Kz2
3_BUS,91503258,91503258,Kościerzyna,96916 Kz2
3_BUS,91763206,91763206,Kościerzyna,96918 Kz2
3_BUS,91503259,91503259,Kościerzyna,96918 Kz2
3_BUS,91763207,91763207,Kartuzy,96950 Kz2
3_BUS,91763208,91763208,Kartuzy,96952 Kz2
3_BUS,91503260,91503260,Kartuzy,96952 Kz2
3_BUS,91763209,91763209,Kartuzy,96954 Kz2
3_BUS,91503261,91503261,Kartuzy,96954 Kz2
3_BUS,91763210,91763210,Kartuzy,96956 Kz2
3_BUS,91503262,91503262,Kartuzy,96956 Kz2
3_BUS,91763211,91763211,Kartuzy,96958 Kz2
3_BUS,91503263,91503263,Kartuzy,96958 Kz2
3_BUS,91763212,91763212,Kartuzy,96960 Kz2
3_BUS,91503264,91503264,Kartuzy,96960 Kz2
3_BUS,91763213,91763213,Kartuzy,96962 Kz2
3_BUS,91503265,91503265,Kartuzy,96962 Kz2
3_BUS,91763214,91763214,Kartuzy,96964 Kz2
3_BUS,91503266,91503266,Kartuzy,96964 Kz2
3_BUS,91763215,91763215,Kartuzy,96984 Kz2
3_BUS,91503267,91503267,Kartuzy,96984 Kz2
3_BUS,91763216,91763216,Kartuzy,96986 Kz2
3_BUS,91763217,91763217,Kartuzy,96988 Kz2
3_BUS,91503268,91503268,Kartuzy,96988 Kz2
3_BUS,91763218,91763218,Kościerzyna,96996 Kz2
3,91758168_0,91758168,Kielce Główne,20734
3_BUS,91758168_1,91758168,Kielce Główne,20734
3,91758233_0,91758233,Rzeszów Główny,23430
3_BUS,91758233_1,91758233,Rzeszów Główny,23430
3,91758233_2,91758233,Rzeszów Główny,23430
3,91758234_0,91758234,Rzeszów Główny,23430
3_BUS,91758234_1,91758234,Rzeszów Główny,23430
3,91758234_2,91758234,Rzeszów Główny,23430
3,91758235_0,91758235,Rzeszów Główny,23430
3_BUS,91758235_1,91758235,Rzeszów Główny,23430
3,91758235_2,91758235,Rzeszów Główny,23430
3,91758237_0,91758237,Rzeszów Główny,23430
3_BUS,91758237_1,91758237,Rzeszów Główny,23430
3,91758237_2,91758237,Rzeszów Główny,23430
3,91758238_0,91758238,Rzeszów Główny,23430
3_BUS,91758238_1,91758238,Rzeszów Główny,23430
3,91758238_2,91758238,Rzeszów Główny,23430
3,91758239_0,91758239,Rzeszów Główny,23430
3_BUS,91758239_1,91758239,Rzeszów Główny,23430
3,91758239_2,91758239,Rzeszów Główny,23430
3,91501905_0,91501905,Rzeszów Główny,23430
3_BUS,91501905_1,91501905,Rzeszów Główny,23430
3,91501905_2,91501905,Rzeszów Główny,23430
3,91758242_0,91758242,Rzeszów Główny,23432
3_BUS,91758242_1,91758242,Rzeszów Główny,23432
3,91758242_2,91758242,Rzeszów Główny,23432
3,91758241_0,91758241,Rzeszów Główny,23432
3_BUS,91758241_1,91758241,Rzeszów Główny,23432
3,91758241_2,91758241,Rzeszów Główny,23432
3,91501906_0,91501906,Rzeszów Główny,23432
3_BUS,91501906_1,91501906,Rzeszów Główny,23432
3,91501906_2,91501906,Rzeszów Główny,23432
3,91758244_0,91758244,Rzeszów Główny,23434
3_BUS,91758244_1,91758244,Rzeszów Główny,23434
3,91758244_2,91758244,Rzeszów Główny,23434
3,91758245_0,91758245,Rzeszów Główny,23434
3_BUS,91758245_1,91758245,Rzeszów Główny,23434
3,91758245_2,91758245,Rzeszów Główny,23434
3,91758246_0,91758246,Rzeszów Główny,23434
3_BUS,91758246_1,91758246,Rzeszów Główny,23434
3,91758246_2,91758246,Rzeszów Główny,23434
3,91758248_0,91758248,Rzeszów Główny,23434
3_BUS,91758248_1,91758248,Rzeszów Główny,23434
3,91758248_2,91758248,Rzeszów Główny,23434
3,91758249_0,91758249,Rzeszów Główny,23434
3_BUS,91758249_1,91758249,Rzeszów Główny,23434
3,91758249_2,91758249,Rzeszów Główny,23434
3,91758252_0,91758252,Rzeszów Główny,23438
3_BUS,91758252_1,91758252,Rzeszów Główny,23438
3,91758252_2,91758252,Rzeszów Główny,23438
3,91758254_0,91758254,Rzeszów Główny,23438
3_BUS,91758254_1,91758254,Rzeszów Główny,23438
3,91758254_2,91758254,Rzeszów Główny,23438
3,91501907_0,91501907,Rzeszów Główny,23438
3_BUS,91501907_1,91501907,Rzeszów Główny,23438
3,91501907_2,91501907,Rzeszów Główny,23438
3,91761910_0,91761910,Rzeszów Główny,23600
3_BUS,91761910_1,91761910,Rzeszów Główny,23600
3,91761910_2,91761910,Rzeszów Główny,23600
3,91761911_0,91761911,Rzeszów Główny,23600
3_BUS,91761911_1,91761911,Rzeszów Główny,23600
3,91761911_2,91761911,Rzeszów Główny,23600
3,91761914_0,91761914,Rzeszów Główny,23602
3_BUS,91761914_1,91761914,Rzeszów Główny,23602
3,91761914_2,91761914,Rzeszów Główny,23602
3,91761915_0,91761915,Rzeszów Główny,23602
3_BUS,91761915_1,91761915,Rzeszów Główny,23602
3,91761915_2,91761915,Rzeszów Główny,23602
3,91502825_0,91502825,Rzeszów Główny,23602
3_BUS,91502825_1,91502825,Rzeszów Główny,23602
3,91502825_2,91502825,Rzeszów Główny,23602
3,91761917_0,91761917,Rzeszów Główny,23604
3_BUS,91761917_1,91761917,Rzeszów Główny,23604
3,91761917_2,91761917,Rzeszów Główny,23604
3,91761918_0,91761918,Rzeszów Główny,23604
3_BUS,91761918_1,91761918,Rzeszów Główny,23604
3,91761918_2,91761918,Rzeszów Główny,23604
3,91502826_0,91502826,Rzeszów Główny,23604
3_BUS,91502826_1,91502826,Rzeszów Główny,23604
3,91502826_2,91502826,Rzeszów Główny,23604
3,91758291_0,91758291,Katowice,24903
3_BUS,91758291_1,91758291,Katowice,24903
3_BUS,91501922_0,91501922,Katowice,24903
3,91501922_1,91501922,Katowice,24903
3_BUS,91501922_2,91501922,Katowice,24903
3,91758293_0,91758293,Katowice,24905
3_BUS,91758293_1,91758293,Katowice,24905
3,91501923_0,91501923,Katowice,24905
3_BUS,91501923_1,91501923,Katowice,24905
3,91758295_0,91758295,Katowice,24907
3_BUS,91758295_1,91758295,Katowice,24907
3,91758296_0,91758296,Katowice,24907
3_BUS,91758296_1,91758296,Katowice,24907
3,91501924_0,91501924,Katowice,24907
3_BUS,91501924_1,91501924,Katowice,24907
3,91758300_0,91758300,Katowice,24909
3_BUS,91758300_1,91758300,Katowice,24909
3,91758299_0,91758299,Katowice,24909
3_BUS,91758299_1,91758299,Katowice,24909
3,91501925_0,91501925,Katowice,24909
3_BUS,91501925_1,91501925,Katowice,24909
3,91758457_0,91758457,Piwniczna,30601
3_BUS,91758457_1,91758457,Piwniczna,30601
3,91758457_2,91758457,Piwniczna,30601
3,91758463_0,91758463,Nowy Sącz,30605 Lach
3_BUS,91758463_1,91758463,Nowy Sącz,30605 Lach
3,91758463_2,91758463,Nowy Sącz,30605 Lach
3,91758465_0,91758465,Kraków Główny,30606 Lach
3_BUS,91758465_1,91758465,Kraków Główny,30606 Lach
3,91758465_2,91758465,Kraków Główny,30606 Lach
3,91758470_0,91758470,Kraków Główny,30608 Dolina Popradu
3_BUS,91758470_1,91758470,Kraków Główny,30608 Dolina Popradu
3,91758470_2,91758470,Kraków Główny,30608 Dolina Popradu
3,91758474_0,91758474,Kraków Główny,30610
3_BUS,91758474_1,91758474,Kraków Główny,30610
3,91758474_2,91758474,Kraków Główny,30610
3,91758478_0,91758478,Kraków Główny,30610
3_BUS,91758478_1,91758478,Kraków Główny,30610
3,91758478_2,91758478,Kraków Główny,30610
3,91758482_0,91758482,Kraków Główny,30612
3_BUS,91758482_1,91758482,Kraków Główny,30612
3,91758482_2,91758482,Kraków Główny,30612
3_BUS,91758488_0,91758488,Krynica-Zdrój,30643
3,91758488_1,91758488,Krynica-Zdrój,30643
3_BUS,91758490_0,91758490,Piwniczna,30645
3,91758490_1,91758490,Piwniczna,30645
3_BUS,91758500_0,91758500,Krynica-Zdrój,30653
3,91758500_1,91758500,Krynica-Zdrój,30653
3_BUS,91758505_0,91758505,Muszyna,30657
3,91758505_1,91758505,Muszyna,30657
3_BUS,91758509_0,91758509,Piwniczna,30661
3,91758509_1,91758509,Piwniczna,30661
3,91758514_0,91758514,Nowy Sącz,30663 Słomka
3_BUS,91758514_1,91758514,Nowy Sącz,30663 Słomka
3,91758514_2,91758514,Nowy Sącz,30663 Słomka
3,91758518_0,91758518,Tarnów,30670
3_BUS,91758518_1,91758518,Tarnów,30670
3,91758523_0,91758523,Tarnów,30674
3_BUS,91758523_1,91758523,Tarnów,30674
3,91758528_0,91758528,Tarnów,30678
3_BUS,91758528_1,91758528,Tarnów,30678
3,91758537_0,91758537,Kraków Główny,30684 Słomka
3_BUS,91758537_1,91758537,Kraków Główny,30684 Słomka
3,91758537_2,91758537,Kraków Główny,30684 Słomka
3,91758540_0,91758540,Bobowa,30686
3_BUS,91758540_1,91758540,Bobowa,30686
3,91758694_0,91758694,Sędziszów,32318
3_BUS,91758694_1,91758694,Sędziszów,32318
3,91502045_0,91502045,Sędziszów,32320 SKA2
3_BUS,91502045_1,91502045,Sędziszów,32320 SKA2
3,91758700_0,91758700,Stalowa Wola Południe,32432
3_BUS,91758700_1,91758700,Stalowa Wola Południe,32432
3,91758700_2,91758700,Stalowa Wola Południe,32432
3,91758701_0,91758701,Stalowa Wola Południe,32432
3_BUS,91758701_1,91758701,Stalowa Wola Południe,32432
3,91758701_2,91758701,Stalowa Wola Południe,32432
3,91758702_0,91758702,Stalowa Wola Południe,32432
3_BUS,91758702_1,91758702,Stalowa Wola Południe,32432
3,91758702_2,91758702,Stalowa Wola Południe,32432
3,91758703_0,91758703,Stalowa Wola Południe,32432
3_BUS,91758703_1,91758703,Stalowa Wola Południe,32432
3,91758703_2,91758703,Stalowa Wola Południe,32432
3,91758704_0,91758704,Stalowa Wola Południe,32432
3_BUS,91758704_1,91758704,Stalowa Wola Południe,32432
3,91758704_2,91758704,Stalowa Wola Południe,32432
3,91758709_0,91758709,Stalowa Wola Południe,32434
3_BUS,91758709_1,91758709,Stalowa Wola Południe,32434
3,91758709_2,91758709,Stalowa Wola Południe,32434
3,91758707_0,91758707,Stalowa Wola Południe,32434
3_BUS,91758707_1,91758707,Stalowa Wola Południe,32434
3,91758707_2,91758707,Stalowa Wola Południe,32434
3,91758708_0,91758708,Stalowa Wola Południe,32434
3_BUS,91758708_1,91758708,Stalowa Wola Południe,32434
3,91758708_2,91758708,Stalowa Wola Południe,32434
3,91758711_0,91758711,Stalowa Wola Południe,32434
3_BUS,91758711_1,91758711,Stalowa Wola Południe,32434
3,91758711_2,91758711,Stalowa Wola Południe,32434
3,91758712_0,91758712,Stalowa Wola Południe,32434
3_BUS,91758712_1,91758712,Stalowa Wola Południe,32434
3,91758712_2,91758712,Stalowa Wola Południe,32434
3,91758713_0,91758713,Stalowa Wola Południe,32434
3_BUS,91758713_1,91758713,Stalowa Wola Południe,32434
3,91758713_2,91758713,Stalowa Wola Południe,32434
3,91502046_0,91502046,Stalowa Wola Południe,32434
3_BUS,91502046_1,91502046,Stalowa Wola Południe,32434
3,91502046_2,91502046,Stalowa Wola Południe,32434
3,91758717_0,91758717,Stalowa Wola Rozwadów,32436
3_BUS,91758717_1,91758717,Stalowa Wola Rozwadów,32436
3,91758717_2,91758717,Stalowa Wola Rozwadów,32436
3,91758715_0,91758715,Stalowa Wola Rozwadów,32436
3_BUS,91758715_1,91758715,Stalowa Wola Rozwadów,32436
3,91758715_2,91758715,Stalowa Wola Rozwadów,32436
3,91502047_0,91502047,Stalowa Wola Rozwadów,32436
3_BUS,91502047_1,91502047,Stalowa Wola Rozwadów,32436
3,91502047_2,91502047,Stalowa Wola Rozwadów,32436
3,91758718_0,91758718,Stalowa Wola Południe,32438
3_BUS,91758718_1,91758718,Stalowa Wola Południe,32438
3,91758718_2,91758718,Stalowa Wola Południe,32438
3,91758719_0,91758719,Stalowa Wola Południe,32438
3_BUS,91758719_1,91758719,Stalowa Wola Południe,32438
3,91758719_2,91758719,Stalowa Wola Południe,32438
3,91758739_0,91758739,Lublin Główny,32600
3_BUS,91758739_1,91758739,Lublin Główny,32600
3,91758739_2,91758739,Lublin Główny,32600
3,91758740_0,91758740,Lublin Główny,32600
3_BUS,91758740_1,91758740,Lublin Główny,32600
3,91758740_2,91758740,Lublin Główny,32600
3,91502053_0,91502053,Lublin Główny,32600
3_BUS,91502053_1,91502053,Lublin Główny,32600
3,91502053_2,91502053,Lublin Główny,32600
3,91502054_0,91502054,Lublin Główny,32602
3_BUS,91502054_1,91502054,Lublin Główny,32602
3,91502054_2,91502054,Lublin Główny,32602
3,91758742_0,91758742,Lublin Główny,32602
3_BUS,91758742_1,91758742,Lublin Główny,32602
3,91758742_2,91758742,Lublin Główny,32602
3,91758743_0,91758743,Lublin Główny,32602
3_BUS,91758743_1,91758743,Lublin Główny,32602
3,91758743_2,91758743,Lublin Główny,32602
3,91758783_0,91758783,Krynica-Zdrój,33151 Jaworzyna
3_BUS,91758783_1,91758783,Krynica-Zdrój,33151 Jaworzyna
3,91758783_2,91758783,Krynica-Zdrój,33151 Jaworzyna
3,91758788_0,91758788,Krynica-Zdrój,33153 Dolina Popradu
3_BUS,91758788_1,91758788,Krynica-Zdrój,33153 Dolina Popradu
3,91758788_2,91758788,Krynica-Zdrój,33153 Dolina Popradu
3,91758793_0,91758793,Krynica-Zdrój,33155 Nikifor
3_BUS,91758793_1,91758793,Krynica-Zdrój,33155 Nikifor
3,91758793_2,91758793,Krynica-Zdrój,33155 Nikifor
3,91758795_0,91758795,Kraków Główny,33156 Nikifor
3_BUS,91758795_1,91758795,Kraków Główny,33156 Nikifor
3,91758795_2,91758795,Kraków Główny,33156 Nikifor
3,91758799_0,91758799,Kraków Główny,33158 Jaworzyna
3_BUS,91758799_1,91758799,Kraków Główny,33158 Jaworzyna
3,91758799_2,91758799,Kraków Główny,33158 Jaworzyna
3_BUS,91758955_0,91758955,Podłęże,33922
3,91758955_1,91758955,Podłęże,33922
3_BUS,91758956_0,91758956,Podłęże,33922
3,91758956_1,91758956,Podłęże,33922
3,91758964_0,91758964,Kraków Główny,33948
3_BUS,91758964_1,91758964,Kraków Główny,33948
3,91758965_0,91758965,Kraków Główny,33948
3_BUS,91758965_1,91758965,Kraków Główny,33948
3_BUS,91759000_0,91759000,Katowice,34235
3,91759000_1,91759000,Katowice,34235
3_BUS,91759000_2,91759000,Katowice,34235
3,91759001_0,91759001,Katowice,34235
3_BUS,91759001_1,91759001,Katowice,34235
3_BUS,91759002_0,91759002,Katowice,34235
3,91759002_1,91759002,Katowice,34235
3_BUS,91759002_2,91759002,Katowice,34235
3,91759003_0,91759003,Katowice,34235
3_BUS,91759003_1,91759003,Katowice,34235
3,91502109_0,91502109,Katowice,34237 K22
3_BUS,91502109_1,91502109,Katowice,34237 K22
3,91759005_0,91759005,Katowice,34237
3_BUS,91759005_1,91759005,Katowice,34237
3,91759004_0,91759004,Katowice,34237
3_BUS,91759004_1,91759004,Katowice,34237
3,91759006_0,91759006,Katowice,34239
3_BUS,91759006_1,91759006,Katowice,34239
3,91759007_0,91759007,Katowice,34239
3_BUS,91759007_1,91759007,Katowice,34239
3_BUS,91502110_0,91502110,Katowice,34241 K22
3,91502110_1,91502110,Katowice,34241 K22
3_BUS,91502110_2,91502110,Katowice,34241 K22
3,91759008_0,91759008,Katowice,34241
3_BUS,91759008_1,91759008,Katowice,34241
3,91759009_0,91759009,Katowice,34241
3_BUS,91759009_1,91759009,Katowice,34241
3,91759010_0,91759010,Katowice,34243
3_BUS,91759010_1,91759010,Katowice,34243
3,91759011_0,91759011,Katowice,34243
3_BUS,91759011_1,91759011,Katowice,34243
3,91759091_0,91759091,Padew,39250
3_BUS,91759091_1,91759091,Padew,39250
3,91759093_0,91759093,Padew,39254
3_BUS,91759093_1,91759093,Padew,39254
3,91759098_0,91759098,Padew,39258
3_BUS,91759098_1,91759098,Padew,39258
3,91759110_0,91759110,Padew,39266
3_BUS,91759110_1,91759110,Padew,39266
3_BUS,91759113_0,91759113,Dębica,39273
3,91759113_1,91759113,Dębica,39273
3_BUS,91759116_0,91759116,Dębica,39277
3,91759116_1,91759116,Dębica,39277
3_BUS,91759122_0,91759122,Dębica,39281
3,91759122_1,91759122,Dębica,39281
3_BUS,91759134_0,91759134,Dębica,39289
3,91759134_1,91759134,Dębica,39289
3_BUS,91759200_0,91759200,Rzeszów Główny,39611
3,91759200_1,91759200,Rzeszów Główny,39611
3_BUS,91759338_0,91759338,Sędziszów,42900
3,91759338_1,91759338,Sędziszów,42900
3_BUS,91759339_0,91759339,Sędziszów,42900
3,91759339_1,91759339,Sędziszów,42900
3_BUS,91502219_0,91502219,Sędziszów,42900
3,91502219_1,91502219,Sędziszów,42900
3_BUS,91759340_0,91759340,Kielce Główne,42902
3,91759340_1,91759340,Kielce Główne,42902
3_BUS,91759341_0,91759341,Kielce Główne,42902
3,91759341_1,91759341,Kielce Główne,42902
3_BUS,91759342_0,91759342,Kielce Główne,42902
3,91759342_1,91759342,Kielce Główne,42902
3_BUS,91759343_0,91759343,Kielce Główne,42902
3,91759343_1,91759343,Kielce Główne,42902
3_BUS,91502220_0,91502220,Kielce Główne,42902
3,91502220_1,91502220,Kielce Główne,42902
3_BUS,91759344_0,91759344,Sędziszów,42904
3,91759344_1,91759344,Sędziszów,42904
3_BUS,91759345_0,91759345,Sędziszów,42904
3,91759345_1,91759345,Sędziszów,42904
3_BUS,91502221_0,91502221,Sędziszów,42904
3,91502221_1,91502221,Sędziszów,42904
3_BUS,91759346_0,91759346,Sędziszów,42906
3,91759346_1,91759346,Sędziszów,42906
3_BUS,91759347_0,91759347,Sędziszów,42906
3,91759347_1,91759347,Sędziszów,42906
3_BUS,91502222_0,91502222,Sędziszów,42906
3,91502222_1,91502222,Sędziszów,42906
3_BUS,91759350_0,91759350,Kielce Główne,42908
3,91759350_1,91759350,Kielce Główne,42908
3_BUS,91759348_0,91759348,Kielce Główne,42908
3,91759348_1,91759348,Kielce Główne,42908
3_BUS,91759349_0,91759349,Kielce Główne,42908
3,91759349_1,91759349,Kielce Główne,42908
3_BUS,91502223_0,91502223,Kielce Główne,42908
3,91502223_1,91502223,Kielce Główne,42908
3_BUS,91759376_0,91759376,Kozłów,43218
3,91759376_1,91759376,Kozłów,43218
3_BUS,91759375_0,91759375,Kozłów,43218
3,91759375_1,91759375,Kozłów,43218
3_BUS,91502231_0,91502231,Tunel,43220 K22
3,91502231_1,91502231,Tunel,43220 K22
3_BUS,91759377_0,91759377,Kozłów,43220
3,91759377_1,91759377,Kozłów,43220
3_BUS,91759378_0,91759378,Kozłów,43220
3,91759378_1,91759378,Kozłów,43220
3_BUS,91759379_0,91759379,Kozłów,43222
3,91759379_1,91759379,Kozłów,43222
3_BUS,91759380_0,91759380,Kozłów,43222
3,91759380_1,91759380,Kozłów,43222
3_BUS,91759381_0,91759381,Kozłów,43224
3,91759381_1,91759381,Kozłów,43224
3_BUS,91759382_0,91759382,Kozłów,43224
3,91759382_1,91759382,Kozłów,43224
3,91759528_0,91759528,Opole Główne,46131
3_BUS,91759528_1,91759528,Opole Główne,46131
3,91759527_0,91759527,Opole Główne,46131
3_BUS,91759527_1,91759527,Opole Główne,46131
3,91759527_2,91759527,Opole Główne,46131
3,91759533_0,91759533,Opole Główne,46133
3_BUS,91759533_1,91759533,Opole Główne,46133
3,91502992_0,91502992,Słupsk,58203
3_BUS,91502992_1,91502992,Słupsk,58203
3,91502993_0,91502993,Słupsk,58205
3_BUS,91502993_1,91502993,Słupsk,58205
3,91502995_0,91502995,Słupsk,58209
3_BUS,91502995_1,91502995,Słupsk,58209
3,91502996_0,91502996,Słupsk,58213
3_BUS,91502996_1,91502996,Słupsk,58213
3,91502997_0,91502997,Słupsk,58217
3_BUS,91502997_1,91502997,Słupsk,58217
3,91762426_0,91762426,Słupsk,58221
3_BUS,91762426_1,91762426,Słupsk,58221
3,91762427_0,91762427,Słupsk,58221
3_BUS,91762427_1,91762427,Słupsk,58221
3,91762428_0,91762428,Słupsk,58221
3_BUS,91762428_1,91762428,Słupsk,58221
3,91762429_0,91762429,Słupsk,58221
3_BUS,91762429_1,91762429,Słupsk,58221
3,91502998_0,91502998,Słupsk,58221
3_BUS,91502998_1,91502998,Słupsk,58221
3,91502999_0,91502999,Słupsk,58222
3_BUS,91502999_1,91502999,Słupsk,58222
3,91503000_0,91503000,Słupsk,58225
3_BUS,91503000_1,91503000,Słupsk,58225
3,91503001_0,91503001,Słupsk,58227
3_BUS,91503001_1,91503001,Słupsk,58227
3,91503269_0,91503269,Szczecin Główny,58313 Barnim
3_BUS,91503269_1,91503269,Szczecin Główny,58313 Barnim
3,91503269_2,91503269,Szczecin Główny,58313 Barnim
3,91503007_0,91503007,Słupsk,58630
3_BUS,91503007_1,91503007,Słupsk,58630
3,91760091_0,91760091,Kołobrzeg,58921
3_BUS,91760091_1,91760091,Kołobrzeg,58921
3_BUS,91760188_0,91760188,Częstochowa,64130
3,91760188_1,91760188,Częstochowa,64130
3_BUS,91760195_0,91760195,Częstochowa,64132
3,91760195_1,91760195,Częstochowa,64132
3,91760484_0,91760484,Ostrów Wielkopolski,67520
3_BUS,91760484_1,91760484,Ostrów Wielkopolski,67520
3,91760484_2,91760484,Ostrów Wielkopolski,67520
3,91760485_0,91760485,Ostrów Wielkopolski,67520
3_BUS,91760485_1,91760485,Ostrów Wielkopolski,67520
3,91760485_2,91760485,Ostrów Wielkopolski,67520
3,91760488_0,91760488,Ostrów Wielkopolski,67522
3_BUS,91760488_1,91760488,Ostrów Wielkopolski,67522
3,91760488_2,91760488,Ostrów Wielkopolski,67522
3,91760489_0,91760489,Ostrów Wielkopolski,67522
3_BUS,91760489_1,91760489,Ostrów Wielkopolski,67522
3,91760489_2,91760489,Ostrów Wielkopolski,67522
3,91502466_0,91502466,Ostrów Wielkopolski,67522
3_BUS,91502466_1,91502466,Ostrów Wielkopolski,67522
3,91760491_0,91760491,Ostrów Wielkopolski,67524
3_BUS,91760491_1,91760491,Ostrów Wielkopolski,67524
3,91760491_2,91760491,Ostrów Wielkopolski,67524
3,91760490_0,91760490,Ostrów Wielkopolski,67524
3_BUS,91760490_1,91760490,Ostrów Wielkopolski,67524
3,91760490_2,91760490,Ostrów Wielkopolski,67524
3,91760492_0,91760492,Ostrów Wielkopolski,67524
3_BUS,91760492_1,91760492,Ostrów Wielkopolski,67524
3,91760492_2,91760492,Ostrów Wielkopolski,67524
3,91760494_0,91760494,Ostrów Wielkopolski,67526
3_BUS,91760494_1,91760494,Ostrów Wielkopolski,67526
3,91760494_2,91760494,Ostrów Wielkopolski,67526
3,91760496_0,91760496,Ostrów Wielkopolski,67526
3_BUS,91760496_1,91760496,Ostrów Wielkopolski,67526
3,91760496_2,91760496,Ostrów Wielkopolski,67526
3,91502467_0,91502467,Ostrów Wielkopolski,67526
3_BUS,91502467_1,91502467,Ostrów Wielkopolski,67526
3,91760497_0,91760497,Ostrów Wielkopolski,67528
3_BUS,91760497_1,91760497,Ostrów Wielkopolski,67528
3,91760497_2,91760497,Ostrów Wielkopolski,67528
3,91760499_0,91760499,Ostrów Wielkopolski,67528
3_BUS,91760499_1,91760499,Ostrów Wielkopolski,67528
3,91760499_2,91760499,Ostrów Wielkopolski,67528
3,91760500_0,91760500,Ostrów Wielkopolski,67528
3_BUS,91760500_1,91760500,Ostrów Wielkopolski,67528
3,91760500_2,91760500,Ostrów Wielkopolski,67528
3,91502468_0,91502468,Ostrów Wielkopolski,67528
3_BUS,91502468_1,91502468,Ostrów Wielkopolski,67528
3,91760501_0,91760501,Ostrów Wielkopolski,67530
3_BUS,91760501_1,91760501,Ostrów Wielkopolski,67530
3,91760501_2,91760501,Ostrów Wielkopolski,67530
3,91760503_0,91760503,Ostrów Wielkopolski,67530
3_BUS,91760503_1,91760503,Ostrów Wielkopolski,67530
3,91760503_2,91760503,Ostrów Wielkopolski,67530
3,91502469_0,91502469,Ostrów Wielkopolski,67530
3_BUS,91502469_1,91502469,Ostrów Wielkopolski,67530
3,91760682_0,91760682,Wrocław Główny,76530
3_BUS,91760682_1,91760682,Wrocław Główny,76530
3,91760682_2,91760682,Wrocław Główny,76530
3,91760683_0,91760683,Wrocław Główny,76530
3_BUS,91760683_1,91760683,Wrocław Główny,76530
3,91760683_2,91760683,Wrocław Główny,76530
3_BUS,91502533_0,91502533,Wrocław Główny,76530
3,91502533_1,91502533,Wrocław Główny,76530
3,91760685_0,91760685,Wrocław Główny,76532
3_BUS,91760685_1,91760685,Wrocław Główny,76532
3,91760685_2,91760685,Wrocław Główny,76532
3,91760686_0,91760686,Wrocław Główny,76532
3_BUS,91760686_1,91760686,Wrocław Główny,76532
3,91760686_2,91760686,Wrocław Główny,76532
3,91760689_0,91760689,Wrocław Główny,76534
3_BUS,91760689_1,91760689,Wrocław Główny,76534
3,91760689_2,91760689,Wrocław Główny,76534
3,91760688_0,91760688,Wrocław Główny,76534
3_BUS,91760688_1,91760688,Wrocław Główny,76534
3,91760688_2,91760688,Wrocław Główny,76534
3_BUS,91502534_0,91502534,Wrocław Główny,76534
3,91502534_1,91502534,Wrocław Główny,76534
3,91760691_0,91760691,Wrocław Główny,76536
3_BUS,91760691_1,91760691,Wrocław Główny,76536
3,91760691_2,91760691,Wrocław Główny,76536
3,91760692_0,91760692,Wrocław Główny,76536
3_BUS,91760692_1,91760692,Wrocław Główny,76536
3,91760692_2,91760692,Wrocław Główny,76536
3,91760695_0,91760695,Wrocław Główny,76538
3_BUS,91760695_1,91760695,Wrocław Główny,76538
3,91760695_2,91760695,Wrocław Główny,76538
3,91760696_0,91760696,Wrocław Główny,76538
3_BUS,91760696_1,91760696,Wrocław Główny,76538
3,91760696_2,91760696,Wrocław Główny,76538
3_BUS,91502535_0,91502535,Wrocław Główny,76538
3,91502535_1,91502535,Wrocław Główny,76538
3,91760698_0,91760698,Wrocław Główny,76540
3_BUS,91760698_1,91760698,Wrocław Główny,76540
3,91760698_2,91760698,Wrocław Główny,76540
3,91760699_0,91760699,Wrocław Główny,76540
3_BUS,91760699_1,91760699,Wrocław Główny,76540
3,91760699_2,91760699,Wrocław Główny,76540
3,91760700_0,91760700,Wrocław Główny,76540
3_BUS,91760700_1,91760700,Wrocław Główny,76540
3,91760700_2,91760700,Wrocław Główny,76540
3_BUS,91502536_0,91502536,Wrocław Główny,76540
3,91502536_1,91502536,Wrocław Główny,76540
3_BUS,91760885_0,91760885,Żagań,77958
3,91760885_1,91760885,Żagań,77958
3_BUS,91760892_0,91760892,Żagań,77962
3,91760892_1,91760892,Żagań,77962
3,91760896_0,91760896,Zielona Góra Główna,77964
3_BUS,91760896_1,91760896,Zielona Góra Główna,77964
3,91760941_0,91760941,Słupsk,78512 Regalica
3_BUS,91760941_1,91760941,Słupsk,78512 Regalica
3,91760942_0,91760942,Słupsk,78512 Regalica
3_BUS,91760942_1,91760942,Słupsk,78512 Regalica
3,91760943_0,91760943,Słupsk,78512 Regalica
3_BUS,91760943_1,91760943,Słupsk,78512 Regalica
3,91760998_0,91760998,Kołobrzeg,78945 Kotwica
3_BUS,91760998_1,91760998,Kołobrzeg,78945 Kotwica
3,91761002_0,91761002,Kołobrzeg,78947 Gwda
3_BUS,91761002_1,91761002,Kołobrzeg,78947 Gwda
3,91761007_0,91761007,Kołobrzeg,78949 Trygław
3_BUS,91761007_1,91761007,Kołobrzeg,78949 Trygław
3,91761009_0,91761009,Kołobrzeg,78949 Trygław
3_BUS,91761009_1,91761009,Kołobrzeg,78949 Trygław
3_BUS,91763219_0,91763219,Kostrzyn,80200 Ina
3,91763219_1,91763219,Kostrzyn,80200 Ina
3_BUS,91763220_0,91763220,Kostrzyn,80200 Ina
3,91763220_1,91763220,Kostrzyn,80200 Ina
3_BUS,91763224_0,91763224,Kostrzyn,80200 Ina
3,91763224_1,91763224,Kostrzyn,80200 Ina
3_BUS,91763226_0,91763226,Kostrzyn,80202 Sztorm
3,91763226_1,91763226,Kostrzyn,80202 Sztorm
3_BUS,91763227_0,91763227,Kostrzyn,80202 Sztorm
3,91763227_1,91763227,Kostrzyn,80202 Sztorm
3_BUS,91763228_0,91763228,Kostrzyn,80202 Sztorm
3,91763228_1,91763228,Kostrzyn,80202 Sztorm
3,91761029_0,91761029,Słupsk,80210 Ina
3_BUS,91761029_1,91761029,Słupsk,80210 Ina
3,91761030_0,91761030,Słupsk,80210 Ina
3_BUS,91761030_1,91761030,Słupsk,80210 Ina
3,91761032_0,91761032,Słupsk,80212 Sztorm
3_BUS,91761032_1,91761032,Słupsk,80212 Sztorm
3,91763236_0,91763236,Słupsk,80220 Woświn
3_BUS,91763236_1,91763236,Słupsk,80220 Woświn
3,91763237_0,91763237,Słupsk,80220 Woświn
3_BUS,91763237_1,91763237,Słupsk,80220 Woświn
3,91763254_0,91763254,Słupsk,80234 Dzierżęcinka
3_BUS,91763254_1,91763254,Słupsk,80234 Dzierżęcinka
3,91763257_0,91763257,Słupsk,80234 Dzierżęcinka
3_BUS,91763257_1,91763257,Słupsk,80234 Dzierżęcinka
3_BUS,91763265_0,91763265,Szczecin Główny,80245
3,91763265_1,91763265,Szczecin Główny,80245
3_BUS,91763268_0,91763268,Szczecin Główny,80245
3,91763268_1,91763268,Szczecin Główny,80245
3_BUS,91763272_0,91763272,Szczecin Główny,80253 Woświn
3,91763272_1,91763272,Szczecin Główny,80253 Woświn
3_BUS,91763274_0,91763274,Szczecin Główny,80255 Dzierżęcinka
3,91763274_1,91763274,Szczecin Główny,80255 Dzierżęcinka
3_BUS,91763277_0,91763277,Szczecin Główny,80255 Dzierżęcinka
3,91763277_1,91763277,Szczecin Główny,80255 Dzierżęcinka
3,91763286_0,91763286,Słupsk,80260
3_BUS,91763286_1,91763286,Słupsk,80260
3,91763290_0,91763290,Słupsk,80260
3_BUS,91763290_1,91763290,Słupsk,80260
3,91763294_0,91763294,Słupsk,80264
3_BUS,91763294_1,91763294,Słupsk,80264
3,91763296_0,91763296,Słupsk,80264
3_BUS,91763296_1,91763296,Słupsk,80264
3_BUS,91763310_0,91763310,Koszalin,80281
3,91763310_1,91763310,Koszalin,80281
3_BUS,91763315_0,91763315,Kołobrzeg,80283
3,91763315_1,91763315,Kołobrzeg,80283
3_BUS,91763313_0,91763313,Kołobrzeg,80283
3,91763313_1,91763313,Kołobrzeg,80283
3_BUS,91763314_0,91763314,Kołobrzeg,80283
3,91763314_1,91763314,Kołobrzeg,80283
3_BUS,91763322_0,91763322,Kołobrzeg,80283
3,91763322_1,91763322,Kołobrzeg,80283
3_BUS,91763323_0,91763323,Kołobrzeg,80283
3,91763323_1,91763323,Kołobrzeg,80283
3_BUS,91763324_0,91763324,Białogard,80287
3,91763324_1,91763324,Białogard,80287
3_BUS,91763326_0,91763326,Białogard,80287
3,91763326_1,91763326,Białogard,80287
3_BUS,91763417_0,91763417,Goleniów,80718 Woświn
3,91763417_1,91763417,Goleniów,80718 Woświn
3,91763479_0,91763479,Słupsk,80844
3_BUS,91763479_1,91763479,Słupsk,80844
3_BUS,91763486_0,91763486,Darłowo,80855
3,91763486_1,91763486,Darłowo,80855
3_BUS,91763489_0,91763489,Darłowo,80855
3,91763489_1,91763489,Darłowo,80855
3_BUS,91503033_0,91503033,Elbląg,85200
3,91503033_1,91503033,Elbląg,85200
3_BUS,91503034_0,91503034,Bydgoszcz Główna,85202
3,91503034_1,91503034,Bydgoszcz Główna,85202
3_BUS,91503035_0,91503035,Gdynia Główna,85204
3,91503035_1,91503035,Gdynia Główna,85204
3_BUS,91503036_0,91503036,Gdynia Główna,85206
3,91503036_1,91503036,Gdynia Główna,85206
3_BUS,91503037_0,91503037,Tczew,85208
3,91503037_1,91503037,Tczew,85208
3_BUS,91503038_0,91503038,Gdynia Główna,85210
3,91503038_1,91503038,Gdynia Główna,85210
3_BUS,91503039_0,91503039,Gdynia Główna,85214
3,91503039_1,91503039,Gdynia Główna,85214
3_BUS,91503040_0,91503040,Elbląg,85216
3,91503040_1,91503040,Elbląg,85216
3_BUS,91503041_0,91503041,Gdynia Główna,85218
3,91503041_1,91503041,Gdynia Główna,85218
3_BUS,91503042_0,91503042,Gdynia Główna,85222
3,91503042_1,91503042,Gdynia Główna,85222
3,91503353_0,91503353,Bydgoszcz Główna,85322 Barnim
3_BUS,91503353_1,91503353,Bydgoszcz Główna,85322 Barnim
3,91503353_2,91503353,Bydgoszcz Główna,85322 Barnim
3_BUS,91763547_0,91763547,Bydgoszcz Główna,85920
3,91763547_1,91763547,Bydgoszcz Główna,85920
3_BUS,91763583_0,91763583,Zielona Góra Główna,87510 Regalica
3,91763583_1,91763583,Zielona Góra Główna,87510 Regalica
3_BUS,91763585_0,91763585,Zielona Góra Główna,87510 Regalica
3,91763585_1,91763585,Zielona Góra Główna,87510 Regalica
3_BUS,91763586_0,91763586,Zielona Góra Główna,87510 Regalica
3,91763586_1,91763586,Zielona Góra Główna,87510 Regalica
3_BUS,91763587_0,91763587,Zielona Góra Główna,87510 Regalica
3,91763587_1,91763587,Zielona Góra Główna,87510 Regalica
3_BUS,91763588_0,91763588,Zielona Góra Główna,87510 Regalica
3,91763588_1,91763588,Zielona Góra Główna,87510 Regalica
3_BUS,91763593_0,91763593,Nowa Sól,87512 Regalica
3,91763593_1,91763593,Nowa Sól,87512 Regalica
3_BUS,91763594_0,91763594,Nowa Sól,87512 Regalica
3,91763594_1,91763594,Nowa Sól,87512 Regalica
3_BUS,91763600_0,91763600,Poznań Główny,87930 Radew
3,91763600_1,91763600,Poznań Główny,87930 Radew
3_BUS,91763612_0,91763612,Poznań Główny,87944 Muszelka
3,91763612_1,91763612,Poznań Główny,87944 Muszelka
3,91762573_0,91762573,Słupsk,88255
3_BUS,91762573_1,91762573,Słupsk,88255
3,91503377_0,91503377,Szczecin Główny,88308
3_BUS,91503377_1,91503377,Szczecin Główny,88308
3,91503377_2,91503377,Szczecin Główny,88308
3,91503378_0,91503378,Szczecin Główny,88311
3_BUS,91503378_1,91503378,Szczecin Główny,88311
3,91503378_2,91503378,Szczecin Główny,88311
3,91503379_0,91503379,Szczecin Główny,88315
3_BUS,91503379_1,91503379,Szczecin Główny,88315
3,91503379_2,91503379,Szczecin Główny,88315
3,91503380_0,91503380,Szczecin Główny,88317
3_BUS,91503380_1,91503380,Szczecin Główny,88317
3,91503380_2,91503380,Szczecin Główny,88317
3,91503382_0,91503382,Piła Główna,88324
3_BUS,91503382_1,91503382,Piła Główna,88324
3,91503382_2,91503382,Piła Główna,88324
3,91503383_0,91503383,Piła Główna,88326
3_BUS,91503383_1,91503383,Piła Główna,88326
3,91503383_2,91503383,Piła Główna,88326
3,91503384_0,91503384,Szczecinek,88328
3_BUS,91503384_1,91503384,Szczecinek,88328
3,91503384_2,91503384,Szczecinek,88328
3,91762601_0,91762601,Słupsk,88335
3_BUS,91762601_1,91762601,Słupsk,88335
3,91763757_0,91763757,Słupsk,88660
3_BUS,91763757_1,91763757,Słupsk,88660
3,91763756_0,91763756,Słupsk,88660
3_BUS,91763756_1,91763756,Słupsk,88660
3,91763759_0,91763759,Słupsk,88662
3_BUS,91763759_1,91763759,Słupsk,88662
3,91763761_0,91763761,Słupsk,88662
3_BUS,91763761_1,91763761,Słupsk,88662
3,91763765_0,91763765,Słupsk,88664
3_BUS,91763765_1,91763765,Słupsk,88664
3,91763766_0,91763766,Słupsk,88664
3_BUS,91763766_1,91763766,Słupsk,88664
3_BUS,91762609_0,91762609,Szczecinek,88902
3,91762609_1,91762609,Szczecinek,88902
3_BUS,91762612_0,91762612,Miastko,88904
3,91762612_1,91762612,Miastko,88904
3_BUS,91762613_0,91762613,Szczecinek,88906
3,91762613_1,91762613,Szczecinek,88906
3_BUS,91762616_0,91762616,Chojnice,88908
3,91762616_1,91762616,Chojnice,88908
3_BUS,91762618_0,91762618,Chojnice,88910
3,91762618_1,91762618,Chojnice,88910
3_BUS,91762620_0,91762620,Chojnice,88912
3,91762620_1,91762620,Chojnice,88912
3_BUS,91762625_0,91762625,Miastko,88914
3,91762625_1,91762625,Miastko,88914
3_BUS,91762630_0,91762630,Miastko,88916
3,91762630_1,91762630,Miastko,88916
3,91762631_0,91762631,Słupsk,88919
3_BUS,91762631_1,91762631,Słupsk,88919
3,91762636_0,91762636,Słupsk,88923
3_BUS,91762636_1,91762636,Słupsk,88923
3,91762640_0,91762640,Słupsk,88925
3_BUS,91762640_1,91762640,Słupsk,88925
3,91763954_0,91763954,Słupsk,88931
3_BUS,91763954_1,91763954,Słupsk,88931
3,91763956_0,91763956,Słupsk,88931
3_BUS,91763956_1,91763956,Słupsk,88931
3,91763958_0,91763958,Słupsk,88933
3_BUS,91763958_1,91763958,Słupsk,88933
3,91763960_0,91763960,Słupsk,88933
3_BUS,91763960_1,91763960,Słupsk,88933
3,91763963_0,91763963,Słupsk,88935
3_BUS,91763963_1,91763963,Słupsk,88935
3,91763965_0,91763965,Słupsk,88935
3_BUS,91763965_1,91763965,Słupsk,88935
3,91763968_0,91763968,Kołobrzeg,88943
3_BUS,91763968_1,91763968,Kołobrzeg,88943
3,91763986_0,91763986,Słupsk,88976
3_BUS,91763986_1,91763986,Słupsk,88976
3,91763987_0,91763987,Słupsk,88976
3_BUS,91763987_1,91763987,Słupsk,88976
3_BUS,91761253_0,91761253,Działdowo,90608
3,91761253_1,91761253,Działdowo,90608
3,91761348_0,91761348,Ełk,90800
3_BUS,91761348_1,91761348,Ełk,90800
3,91761348_2,91761348,Ełk,90800
3,91761349_0,91761349,Ełk,90800
3_BUS,91761349_1,91761349,Ełk,90800
3,91761349_2,91761349,Ełk,90800
3,91502691_0,91502691,Ełk,90800
3_BUS,91502691_1,91502691,Ełk,90800
3,91761355_0,91761355,Ełk,90802
3_BUS,91761355_1,91761355,Ełk,90802
3,91761355_2,91761355,Ełk,90802
3,91761356_0,91761356,Ełk,90802
3_BUS,91761356_1,91761356,Ełk,90802
3,91761356_2,91761356,Ełk,90802
3,91502692_0,91502692,Ełk,90802
3_BUS,91502692_1,91502692,Ełk,90802
3,91761360_0,91761360,Ełk,90804
3_BUS,91761360_1,91761360,Ełk,90804
3,91761360_2,91761360,Ełk,90804
3,91761361_0,91761361,Ełk,90804
3_BUS,91761361_1,91761361,Ełk,90804
3,91761361_2,91761361,Ełk,90804
3,91502693_0,91502693,Ełk,90804
3_BUS,91502693_1,91502693,Ełk,90804
3,91761363_0,91761363,Ełk,90806
3_BUS,91761363_1,91761363,Ełk,90806
3,91761363_2,91761363,Ełk,90806
3,91761364_0,91761364,Ełk,90806
3_BUS,91761364_1,91761364,Ełk,90806
3,91761364_2,91761364,Ełk,90806
3,91761368_0,91761368,Olsztyn Główny,90810
3_BUS,91761368_1,91761368,Olsztyn Główny,90810
3,91761368_2,91761368,Olsztyn Główny,90810
3,91761369_0,91761369,Olsztyn Główny,90810
3_BUS,91761369_1,91761369,Olsztyn Główny,90810
3,91761369_2,91761369,Olsztyn Główny,90810
3_BUS,91502694_0,91502694,Olsztyn Główny,90810
3,91502694_1,91502694,Olsztyn Główny,90810
3,91761376_0,91761376,Olsztyn Główny,90812
3_BUS,91761376_1,91761376,Olsztyn Główny,90812
3,91761376_2,91761376,Olsztyn Główny,90812
3,91761377_0,91761377,Olsztyn Główny,90812
3_BUS,91761377_1,91761377,Olsztyn Główny,90812
3,91761377_2,91761377,Olsztyn Główny,90812
3_BUS,91502695_0,91502695,Olsztyn Główny,90812
3,91502695_1,91502695,Olsztyn Główny,90812
3,91761379_0,91761379,Olsztyn Główny,90814
3_BUS,91761379_1,91761379,Olsztyn Główny,90814
3,91761379_2,91761379,Olsztyn Główny,90814
3,91761382_0,91761382,Olsztyn Główny,90814
3_BUS,91761382_1,91761382,Olsztyn Główny,90814
3,91761382_2,91761382,Olsztyn Główny,90814
3_BUS,91502696_0,91502696,Olsztyn Główny,90814
3,91502696_1,91502696,Olsztyn Główny,90814
3,91761386_0,91761386,Olsztyn Główny,90816
3_BUS,91761386_1,91761386,Olsztyn Główny,90816
3,91761386_2,91761386,Olsztyn Główny,90816
3,91761387_0,91761387,Olsztyn Główny,90816
3_BUS,91761387_1,91761387,Olsztyn Główny,90816
3,91761387_2,91761387,Olsztyn Główny,90816
3_BUS,91502697_0,91502697,Olsztyn Główny,90816
3,91502697_1,91502697,Olsztyn Główny,90816
3,91761396_0,91761396,Ełk,90830
3_BUS,91761396_1,91761396,Ełk,90830
3,91761396_2,91761396,Ełk,90830
3,91761397_0,91761397,Ełk,90830
3_BUS,91761397_1,91761397,Ełk,90830
3,91761397_2,91761397,Ełk,90830
3,91761404_0,91761404,Olsztyn Główny,90832
3_BUS,91761404_1,91761404,Olsztyn Główny,90832
3,91761404_2,91761404,Olsztyn Główny,90832
3,91761405_0,91761405,Olsztyn Główny,90832
3_BUS,91761405_1,91761405,Olsztyn Główny,90832
3,91761405_2,91761405,Olsztyn Główny,90832
3,91761509_0,91761509,Olsztyn Główny,95619
3_BUS,91761509_1,91761509,Olsztyn Główny,95619
3,91763152_0,91763152,Kartuzy,96596
3_BUS,91763152_1,91763152,Kartuzy,96596
3,91763152_2,91763152,Kartuzy,96596
